crossing,reported_at,value_min,value_raw,reporter,scraped_at_utc
bajakovo-batrovci,2026-06-16T22:38,30,30 min,hak_croatia,2026-06-16T20:59:42+00:00
bajakovo-batrovci,2026-06-16T22:08,30,30 min,hak_croatia,2026-06-16T20:59:42+00:00
bajakovo-batrovci,2026-06-16T21:49,30,30 min,hak_croatia,2026-06-16T20:59:42+00:00
bajakovo-batrovci,2026-06-16T21:28,60,60 min,hak_croatia,2026-06-16T20:59:42+00:00
bajakovo-batrovci,2026-06-16T20:38,60,60 min,hak_croatia,2026-06-16T20:59:42+00:00
bajakovo-batrovci,2026-06-16T20:08,60,60 min,hak_croatia,2026-06-16T20:59:42+00:00
bajakovo-batrovci,2026-06-16T19:49,60,60 min,hak_croatia,2026-06-16T20:59:42+00:00
bajakovo-batrovci,2026-06-16T19:28,30,30 min,hak_croatia,2026-06-16T20:59:42+00:00
bajakovo-batrovci,2026-06-16T23:28,30,30 min,hak_croatia,2026-06-16T21:45:34+00:00
bajakovo-batrovci,2026-06-16T23:49,30,30 min,hak_croatia,2026-06-16T21:49:34+00:00
bajakovo-batrovci,2026-06-17T00:08,30,30 min,hak_croatia,2026-06-16T22:08:00+00:00
bajakovo-batrovci,2026-06-17T00:38,30,30 min,hak_croatia,2026-06-16T23:00:30+00:00
bajakovo-batrovci,2026-06-17T02:49,30,30 min,hak_croatia,2026-06-17T01:40:44+00:00
bajakovo-batrovci,2026-06-17T02:38,30,30 min,hak_croatia,2026-06-17T01:40:44+00:00
bajakovo-batrovci,2026-06-17T02:28,30,30 min,hak_croatia,2026-06-17T01:40:44+00:00
bajakovo-batrovci,2026-06-17T02:08,30,30 min,hak_croatia,2026-06-17T01:40:44+00:00
bajakovo-batrovci,2026-06-17T01:49,30,30 min,hak_croatia,2026-06-17T01:40:44+00:00
bajakovo-batrovci,2026-06-17T01:28,30,30 min,hak_croatia,2026-06-17T01:40:44+00:00
bajakovo-batrovci,2026-06-17T06:38,10,10 min,hak_croatia,2026-06-17T05:27:43+00:00
bajakovo-batrovci,2026-06-17T05:49,30,30 min,hak_croatia,2026-06-17T05:27:43+00:00
bajakovo-batrovci,2026-06-17T05:28,30,30 min,hak_croatia,2026-06-17T05:27:43+00:00
bajakovo-batrovci,2026-06-17T04:38,30,30 min,hak_croatia,2026-06-17T05:27:43+00:00
bajakovo-batrovci,2026-06-17T04:08,30,30 min,hak_croatia,2026-06-17T05:27:43+00:00
bajakovo-batrovci,2026-06-17T03:56,25,25 min,anonymous_,2026-06-17T05:27:43+00:00
bajakovo-batrovci,2026-06-17T08:08,10,10 min,hak_croatia,2026-06-17T06:13:33+00:00
bajakovo-batrovci,2026-06-17T07:49,10,10 min,hak_croatia,2026-06-17T06:13:33+00:00
bajakovo-batrovci,2026-06-17T07:28,10,10 min,hak_croatia,2026-06-17T06:13:33+00:00
bajakovo-batrovci,2026-06-17T08:38,10,10 min,hak_croatia,2026-06-17T06:43:46+00:00
bajakovo-batrovci,2026-06-17T09:28,10,10 min,hak_croatia,2026-06-17T07:29:05+00:00
bajakovo-batrovci,2026-06-17T09:49,10,10 min,hak_croatia,2026-06-17T07:59:17+00:00
bajakovo-batrovci,2026-06-17T10:08,10,10 min,hak_croatia,2026-06-17T08:14:24+00:00
bajakovo-batrovci,2026-06-17T10:38,10,10 min,hak_croatia,2026-06-17T08:44:37+00:00
bajakovo-batrovci,2026-06-17T11:28,10,10 min,hak_croatia,2026-06-17T09:29:57+00:00
bajakovo-batrovci,2026-06-17T11:49,10,10 min,hak_croatia,2026-06-17T10:00:11+00:00
bajakovo-batrovci,2026-06-17T12:08,30,30 min,hak_croatia,2026-06-17T10:15:23+00:00
bajakovo-batrovci,2026-06-17T12:38,30,30 min,hak_croatia,2026-06-17T10:48:17+00:00
bajakovo-batrovci,2026-06-17T13:28,30,30 min,hak_croatia,2026-06-17T11:33:35+00:00
bajakovo-batrovci,2026-06-17T13:49,30,30 min,hak_croatia,2026-06-17T12:03:46+00:00
bajakovo-batrovci,2026-06-17T14:08,30,30 min,hak_croatia,2026-06-17T12:18:53+00:00
bajakovo-batrovci,2026-06-17T14:24,60,60 min,anonymous,2026-06-17T12:33:59+00:00
bajakovo-batrovci,2026-06-17T15:05,90,1.5 h,anonymous,2026-06-17T13:19:17+00:00
bajakovo-batrovci,2026-06-17T16:08,90,1.5 h,anonymous,2026-06-17T14:12:32+00:00
bajakovo-batrovci,2026-06-17T17:23,60,60 min,anonymous_,2026-06-17T15:43:33+00:00
bajakovo-batrovci,2026-06-17T17:49,30,30 min,hak_croatia,2026-06-17T15:58:40+00:00
bajakovo-batrovci,2026-06-17T18:08,30,30 min,hak_croatia,2026-06-17T16:13:47+00:00
bajakovo-batrovci,2026-06-17T18:38,30,30 min,hak_croatia,2026-06-17T16:43:59+00:00
bajakovo-batrovci,2026-06-17T19:28,30,30 min,hak_croatia,2026-06-17T17:42:36+00:00
bajakovo-batrovci,2026-06-17T19:49,30,30 min,hak_croatia,2026-06-17T17:57:43+00:00
bajakovo-batrovci,2026-06-17T20:08,30,30 min,hak_croatia,2026-06-17T18:12:50+00:00
bajakovo-batrovci,2026-06-17T20:38,30,30 min,hak_croatia,2026-06-17T18:43:02+00:00
bajakovo-batrovci,2026-06-17T21:28,30,30 min,hak_croatia,2026-06-17T19:28:20+00:00
bajakovo-batrovci,2026-06-17T21:49,30,30 min,hak_croatia,2026-06-17T19:55:15+00:00
bajakovo-batrovci,2026-06-17T22:54,25,25 min,anonymous_,2026-06-17T21:10:43+00:00
bajakovo-batrovci,2026-06-17T23:49,30,30 min,hak_croatia,2026-06-17T22:03:21+00:00
bajakovo-batrovci,2026-06-18T00:08,30,30 min,hak_croatia,2026-06-17T22:18:27+00:00
bajakovo-batrovci,2026-06-18T00:38,30,30 min,hak_croatia,2026-06-17T22:48:41+00:00
bajakovo-batrovci,2026-06-18T01:28,30,30 min,hak_croatia,2026-06-17T23:42:25+00:00
bajakovo-batrovci,2026-06-18T01:49,30,30 min,hak_croatia,2026-06-17T23:57:31+00:00
bajakovo-batrovci,2026-06-18T02:08,30,30 min,hak_croatia,2026-06-18T00:17:04+00:00
bajakovo-batrovci,2026-06-18T02:28,30,30 min,hak_croatia,2026-06-18T00:32:10+00:00
bajakovo-batrovci,2026-06-18T02:38,30,30 min,hak_croatia,2026-06-18T00:47:16+00:00
bajakovo-batrovci,2026-06-18T02:49,30,30 min,hak_croatia,2026-06-18T01:02:22+00:00
bajakovo-batrovci,2026-06-18T03:58,25,25 min,anonymous_,2026-06-18T02:00:58+00:00
bajakovo-batrovci,2026-06-18T04:08,10,10 min,hak_croatia,2026-06-18T02:16:04+00:00
bajakovo-batrovci,2026-06-18T04:38,10,10 min,hak_croatia,2026-06-18T02:46:16+00:00
bajakovo-batrovci,2026-06-18T05:28,10,10 min,hak_croatia,2026-06-18T03:31:33+00:00
bajakovo-batrovci,2026-06-18T05:49,10,10 min,hak_croatia,2026-06-18T04:01:44+00:00
bajakovo-batrovci,2026-06-18T06:08,10,10 min,hak_croatia,2026-06-18T04:16:50+00:00
bajakovo-batrovci,2026-06-18T06:38,10,10 min,hak_croatia,2026-06-18T04:47:02+00:00
bajakovo-batrovci,2026-06-18T07:28,10,10 min,hak_croatia,2026-06-18T05:32:19+00:00
bajakovo-batrovci,2026-06-18T07:49,10,10 min,hak_croatia,2026-06-18T06:02:31+00:00
bajakovo-batrovci,2026-06-18T08:08,10,10 min,hak_croatia,2026-06-18T06:17:36+00:00
bajakovo-batrovci,2026-06-18T08:38,10,10 min,hak_croatia,2026-06-18T06:40:01+00:00
bajakovo-batrovci,2026-06-18T09:28,10,10 min,hak_croatia,2026-06-18T07:40:21+00:00
bajakovo-batrovci,2026-06-18T09:49,10,10 min,hak_croatia,2026-06-18T07:55:27+00:00
bajakovo-batrovci,2026-06-18T10:08,10,10 min,hak_croatia,2026-06-18T08:10:33+00:00
bajakovo-batrovci,2026-06-18T10:38,120,2 h,anonymous,2026-06-18T08:40:43+00:00
bajakovo-batrovci,2026-06-18T10:38,10,10 min,hak_croatia,2026-06-18T08:40:43+00:00
bajakovo-batrovci,2026-06-18T12:08,10,10 min,hak_croatia,2026-06-18T10:11:14+00:00
bajakovo-batrovci,2026-06-18T11:55,90,1.5 h,anonymous_,2026-06-18T10:11:14+00:00
bajakovo-batrovci,2026-06-18T13:01,90,1.5 h,anonymous,2026-06-18T11:03:05+00:00
bajakovo-batrovci,2026-06-18T14:13,150,2.5 h,anonymous,2026-06-18T12:18:36+00:00
bajakovo-batrovci,2026-06-18T14:21,240,4 h,anonymous,2026-06-18T12:33:43+00:00
bajakovo-batrovci,2026-06-18T15:26,210,3.5 h,anonymous_,2026-06-18T13:34:09+00:00
bajakovo-batrovci,2026-06-18T15:45,300,5 h,anonymous,2026-06-18T13:49:16+00:00
bajakovo-batrovci,2026-06-18T16:54,270,4.5 h,anonymous_,2026-06-18T15:04:50+00:00
bajakovo-batrovci,2026-06-18T17:55,240,4 h,anonymous_,2026-06-18T16:05:12+00:00
bajakovo-batrovci,2026-06-18T18:57,210,3.5 h,anonymous_,2026-06-18T17:05:32+00:00
bajakovo-batrovci,2026-06-18T19:49,60,60 min,hak_croatia,2026-06-18T17:53:10+00:00
bajakovo-batrovci,2026-06-18T20:08,60,60 min,hak_croatia,2026-06-18T18:08:17+00:00
bajakovo-batrovci,2026-06-18T20:38,60,60 min,hak_croatia,2026-06-18T18:38:39+00:00
bajakovo-batrovci,2026-06-18T21:28,60,60 min,hak_croatia,2026-06-18T19:39:04+00:00
bajakovo-batrovci,2026-06-18T21:49,60,60 min,hak_croatia,2026-06-18T19:54:11+00:00
bajakovo-batrovci,2026-06-18T22:08,60,60 min,hak_croatia,2026-06-18T20:16:47+00:00
bajakovo-batrovci,2026-06-18T22:38,60,60 min,hak_croatia,2026-06-18T20:47:01+00:00
bajakovo-batrovci,2026-06-18T23:58,55,55 min,anonymous_,2026-06-18T22:02:29+00:00
bajakovo-batrovci,2026-06-19T00:54,50,50 min,anonymous_,2026-06-18T23:09:03+00:00
bajakovo-batrovci,2026-06-19T01:28,10,10 min,hak_croatia,2026-06-18T23:39:16+00:00
bajakovo-batrovci,2026-06-19T01:49,10,10 min,hak_croatia,2026-06-18T23:54:22+00:00
bajakovo-batrovci,2026-06-19T02:08,10,10 min,hak_croatia,2026-06-19T00:09:29+00:00
bajakovo-batrovci,2026-06-19T02:28,10,10 min,hak_croatia,2026-06-19T00:28:41+00:00
bajakovo-batrovci,2026-06-19T02:38,10,10 min,hak_croatia,2026-06-19T00:43:50+00:00
bajakovo-batrovci,2026-06-19T02:49,10,10 min,hak_croatia,2026-06-19T00:58:55+00:00
bajakovo-batrovci,2026-06-19T04:08,10,10 min,hak_croatia,2026-06-19T02:14:20+00:00
bajakovo-batrovci,2026-06-19T03:57,5,5 min,anonymous_,2026-06-19T02:14:20+00:00
bajakovo-batrovci,2026-06-19T05:25,5,5 min,anonymous_,2026-06-19T03:44:50+00:00
bajakovo-batrovci,2026-06-19T05:49,10,10 min,hak_croatia,2026-06-19T03:59:55+00:00
bajakovo-batrovci,2026-06-19T06:08,10,10 min,hak_croatia,2026-06-19T04:15:01+00:00
bajakovo-batrovci,2026-06-19T06:38,10,10 min,hak_croatia,2026-06-19T04:45:19+00:00
bajakovo-batrovci,2026-06-19T07:28,10,10 min,hak_croatia,2026-06-19T05:29:54+00:00
bajakovo-batrovci,2026-06-19T07:49,10,10 min,hak_croatia,2026-06-19T06:00:07+00:00
bajakovo-batrovci,2026-06-19T08:08,10,10 min,hak_croatia,2026-06-19T06:15:22+00:00
bajakovo-batrovci,2026-06-19T08:38,10,10 min,hak_croatia,2026-06-19T06:45:34+00:00
bajakovo-batrovci,2026-06-19T09:28,60,60 min,hak_croatia,2026-06-19T07:30:54+00:00
bajakovo-batrovci,2026-06-19T09:49,60,60 min,hak_croatia,2026-06-19T08:01:08+00:00
bajakovo-batrovci,2026-06-19T10:08,60,60 min,hak_croatia,2026-06-19T08:16:15+00:00
bajakovo-batrovci,2026-06-19T10:38,60,60 min,hak_croatia,2026-06-19T08:46:28+00:00
bajakovo-batrovci,2026-06-19T11:28,60,60 min,hak_croatia,2026-06-19T09:31:48+00:00
bajakovo-batrovci,2026-06-19T11:49,60,60 min,hak_croatia,2026-06-19T10:02:01+00:00
bajakovo-batrovci,2026-06-19T12:06,40,40 min,anonymous,2026-06-19T10:19:48+00:00
bajakovo-batrovci,2026-06-19T13:26,35,35 min,anonymous_,2026-06-19T11:35:15+00:00
bajakovo-batrovci,2026-06-19T13:49,60,60 min,hak_croatia,2026-06-19T11:50:21+00:00
bajakovo-batrovci,2026-06-19T14:08,60,60 min,hak_croatia,2026-06-19T12:20:31+00:00
bajakovo-batrovci,2026-06-19T14:38,60,60 min,hak_croatia,2026-06-19T12:50:42+00:00
bajakovo-batrovci,2026-06-19T15:59,55,55 min,anonymous_,2026-06-19T14:03:22+00:00
bajakovo-batrovci,2026-06-19T16:38,60,60 min,hak_croatia,2026-06-19T14:48:38+00:00
bajakovo-batrovci,2026-06-19T17:56,55,55 min,anonymous_,2026-06-19T16:04:29+00:00
bajakovo-batrovci,2026-06-19T18:58,50,50 min,anonymous_,2026-06-19T17:10:55+00:00
bajakovo-batrovci,2026-06-19T19:28,90,1.5 h,hak_croatia,2026-06-19T17:41:06+00:00
bajakovo-batrovci,2026-06-19T19:49,90,1.5 h,hak_croatia,2026-06-19T17:56:12+00:00
bajakovo-batrovci,2026-06-19T20:08,90,1.5 h,hak_croatia,2026-06-19T18:11:19+00:00
bajakovo-batrovci,2026-06-19T20:38,90,1.5 h,hak_croatia,2026-06-19T18:50:39+00:00
bajakovo-batrovci,2026-06-19T21:28,90,1.5 h,hak_croatia,2026-06-19T19:35:59+00:00
bajakovo-batrovci,2026-06-19T21:36,60,60 min,anonymous,2026-06-19T19:51:06+00:00
bajakovo-batrovci,2026-06-19T22:54,55,55 min,anonymous_,2026-06-19T21:10:51+00:00
bajakovo-batrovci,2026-06-19T23:57,50,50 min,anonymous_,2026-06-19T22:09:01+00:00
bajakovo-batrovci,2026-06-20T00:41,180,3 h,anonymous,2026-06-19T22:56:04+00:00
bajakovo-batrovci,2026-06-20T01:54,150,2.5 h,anonymous_,2026-06-20T00:09:56+00:00
bajakovo-batrovci,2026-06-20T02:55,120,2 h,anonymous_,2026-06-20T01:10:18+00:00
bajakovo-batrovci,2026-06-20T03:58,90,1.5 h,anonymous_,2026-06-20T02:10:39+00:00
bajakovo-batrovci,2026-06-20T04:53,60,60 min,anonymous_,2026-06-20T03:11:02+00:00
bajakovo-batrovci,2026-06-20T05:58,55,55 min,anonymous_,2026-06-20T04:11:25+00:00
bajakovo-batrovci,2026-06-20T06:38,10,10 min,hak_croatia,2026-06-20T04:52:43+00:00
bajakovo-batrovci,2026-06-20T07:54,5,5 min,anonymous_,2026-06-20T06:08:11+00:00
bajakovo-batrovci,2026-06-20T08:08,60,60 min,anonymous,2026-06-20T06:23:31+00:00
bajakovo-batrovci,2026-06-20T09:15,90,1.5 h,anonymous,2026-06-20T07:23:51+00:00
bajakovo-batrovci,2026-06-20T10:27,60,60 min,anonymous_,2026-06-20T08:30:50+00:00
bajakovo-batrovci,2026-06-20T11:29,120,2 h,anonymous,2026-06-20T09:31:15+00:00
bajakovo-batrovci,2026-06-20T12:26,90,1.5 h,anonymous_,2026-06-20T10:31:41+00:00
bajakovo-batrovci,2026-06-20T13:28,60,60 min,anonymous_,2026-06-20T11:44:14+00:00
bajakovo-batrovci,2026-06-20T13:48,60,60 min,anonymous,2026-06-20T11:59:21+00:00
bajakovo-batrovci,2026-06-20T14:29,210,3.5 h,anonymous,2026-06-20T12:36:42+00:00
bajakovo-batrovci,2026-06-20T15:27,180,3 h,anonymous_,2026-06-20T13:37:07+00:00
bajakovo-batrovci,2026-06-20T16:29,150,2.5 h,anonymous_,2026-06-20T14:37:29+00:00
bajakovo-batrovci,2026-06-20T16:38,10,10 min,hak_croatia,2026-06-20T14:38:19+00:00
bajakovo-batrovci,2026-06-20T17:28,10,10 min,hak_croatia,2026-06-20T15:38:48+00:00
bajakovo-batrovci,2026-06-20T17:49,10,10 min,hak_croatia,2026-06-20T15:53:55+00:00
bajakovo-batrovci,2026-06-20T18:08,30,30 min,hak_croatia,2026-06-20T16:09:14+00:00
bajakovo-batrovci,2026-06-20T18:38,30,30 min,hak_croatia,2026-06-20T16:39:25+00:00
bajakovo-batrovci,2026-06-20T19:57,25,25 min,anonymous_,2026-06-20T18:06:39+00:00
bajakovo-batrovci,2026-06-20T20:38,60,60 min,hak_croatia,2026-06-20T18:51:58+00:00
bajakovo-batrovci,2026-06-20T21:28,60,60 min,hak_croatia,2026-06-20T19:40:03+00:00
bajakovo-batrovci,2026-06-20T21:49,60,60 min,hak_croatia,2026-06-20T19:55:08+00:00
bajakovo-batrovci,2026-06-20T22:08,60,60 min,hak_croatia,2026-06-20T20:10:14+00:00
bajakovo-batrovci,2026-06-20T23:28,55,55 min,anonymous_,2026-06-20T21:30:40+00:00
bajakovo-batrovci,2026-06-20T23:49,90,1.5 h,hak_croatia,2026-06-20T21:57:08+00:00
bajakovo-batrovci,2026-06-21T00:08,90,1.5 h,hak_croatia,2026-06-20T22:12:14+00:00
bajakovo-batrovci,2026-06-21T00:38,90,1.5 h,hak_croatia,2026-06-20T22:42:26+00:00
bajakovo-batrovci,2026-06-21T01:28,90,1.5 h,hak_croatia,2026-06-20T23:37:08+00:00
bajakovo-batrovci,2026-06-21T01:49,90,1.5 h,hak_croatia,2026-06-20T23:52:34+00:00
bajakovo-batrovci,2026-06-21T02:08,90,1.5 h,hak_croatia,2026-06-21T00:22:45+00:00
bajakovo-batrovci,2026-06-21T02:28,90,1.5 h,hak_croatia,2026-06-21T00:37:51+00:00
bajakovo-batrovci,2026-06-21T02:49,90,1.5 h,hak_croatia,2026-06-21T00:52:57+00:00
bajakovo-batrovci,2026-06-21T02:38,90,1.5 h,hak_croatia,2026-06-21T00:52:57+00:00
bajakovo-batrovci,2026-06-21T04:08,90,1.5 h,hak_croatia,2026-06-21T02:12:31+00:00
bajakovo-batrovci,2026-06-21T03:57,60,60 min,anonymous_,2026-06-21T02:12:31+00:00
bajakovo-batrovci,2026-06-21T04:38,90,1.5 h,hak_croatia,2026-06-21T02:42:41+00:00
bajakovo-batrovci,2026-06-21T05:28,60,60 min,hak_croatia,2026-06-21T03:43:08+00:00
bajakovo-batrovci,2026-06-21T05:49,60,60 min,hak_croatia,2026-06-21T03:58:14+00:00
bajakovo-batrovci,2026-06-21T06:08,60,60 min,hak_croatia,2026-06-21T04:13:20+00:00
bajakovo-batrovci,2026-06-21T06:38,60,60 min,hak_croatia,2026-06-21T04:43:38+00:00
bajakovo-batrovci,2026-06-21T07:28,30,30 min,hak_croatia,2026-06-21T05:28:53+00:00
bajakovo-batrovci,2026-06-21T07:49,30,30 min,hak_croatia,2026-06-21T05:59:05+00:00
bajakovo-batrovci,2026-06-21T08:08,30,30 min,hak_croatia,2026-06-21T06:14:11+00:00
bajakovo-batrovci,2026-06-21T08:28,40,40 min,anonymous,2026-06-21T06:29:17+00:00
bajakovo-batrovci,2026-06-21T09:28,35,35 min,anonymous_,2026-06-21T07:33:06+00:00
bajakovo-batrovci,2026-06-21T09:49,30,30 min,hak_croatia,2026-06-21T08:03:19+00:00
bajakovo-batrovci,2026-06-21T10:08,30,30 min,hak_croatia,2026-06-21T08:18:26+00:00
bajakovo-batrovci,2026-06-21T10:38,30,30 min,hak_croatia,2026-06-21T08:48:40+00:00
bajakovo-batrovci,2026-06-21T11:28,30,30 min,hak_croatia,2026-06-21T09:34:05+00:00
bajakovo-batrovci,2026-06-21T11:49,30,30 min,hak_croatia,2026-06-21T09:49:11+00:00
bajakovo-batrovci,2026-06-21T12:08,60,60 min,hak_croatia,2026-06-21T10:19:47+00:00
bajakovo-batrovci,2026-06-21T13:24,55,55 min,anonymous_,2026-06-21T11:41:29+00:00
bajakovo-batrovci,2026-06-21T14:08,30,30 min,hak_croatia,2026-06-21T12:11:40+00:00
bajakovo-batrovci,2026-06-21T14:38,30,30 min,hak_croatia,2026-06-21T12:47:27+00:00
bajakovo-batrovci,2026-06-21T15:28,30,30 min,hak_croatia,2026-06-21T13:32:52+00:00
bajakovo-batrovci,2026-06-21T15:49,30,30 min,hak_croatia,2026-06-21T14:03:05+00:00
bajakovo-batrovci,2026-06-21T16:08,30,30 min,hak_croatia,2026-06-21T14:18:12+00:00
bajakovo-batrovci,2026-06-21T16:38,30,30 min,hak_croatia,2026-06-21T14:48:25+00:00
bajakovo-batrovci,2026-06-21T17:28,30,30 min,hak_croatia,2026-06-21T15:30:07+00:00
bajakovo-batrovci,2026-06-21T17:49,30,30 min,hak_croatia,2026-06-21T16:00:31+00:00
bajakovo-batrovci,2026-06-21T18:08,30,30 min,hak_croatia,2026-06-21T16:15:36+00:00
bajakovo-batrovci,2026-06-21T18:38,30,30 min,hak_croatia,2026-06-21T16:45:47+00:00
bajakovo-batrovci,2026-06-21T19:28,30,30 min,hak_croatia,2026-06-21T17:38:39+00:00
bajakovo-batrovci,2026-06-21T19:49,30,30 min,hak_croatia,2026-06-21T17:53:44+00:00
bajakovo-batrovci,2026-06-21T20:53,25,25 min,anonymous_,2026-06-21T19:00:42+00:00
bajakovo-batrovci,2026-06-21T21:28,30,30 min,hak_croatia,2026-06-21T19:30:53+00:00
bajakovo-batrovci,2026-06-21T21:49,30,30 min,hak_croatia,2026-06-21T20:01:05+00:00
bajakovo-batrovci,2026-06-21T22:08,10,10 min,hak_croatia,2026-06-21T20:16:11+00:00
bajakovo-batrovci,2026-06-21T22:38,10,10 min,hak_croatia,2026-06-21T20:48:38+00:00
bajakovo-batrovci,2026-06-21T23:28,10,10 min,hak_croatia,2026-06-21T21:33:58+00:00
bajakovo-batrovci,2026-06-21T23:49,10,10 min,hak_croatia,2026-06-21T22:02:54+00:00
bajakovo-batrovci,2026-06-22T00:08,10,10 min,hak_croatia,2026-06-21T22:18:00+00:00
bajakovo-batrovci,2026-06-22T00:38,10,10 min,hak_croatia,2026-06-21T22:48:11+00:00
bajakovo-batrovci,2026-06-22T01:28,10,10 min,hak_croatia,2026-06-21T23:39:49+00:00
bajakovo-batrovci,2026-06-22T01:49,10,10 min,hak_croatia,2026-06-21T23:54:54+00:00
bajakovo-batrovci,2026-06-22T02:08,10,10 min,hak_croatia,2026-06-22T00:10:01+00:00
bajakovo-batrovci,2026-06-22T02:28,10,10 min,hak_croatia,2026-06-22T00:35:15+00:00
bajakovo-batrovci,2026-06-22T02:49,10,10 min,hak_croatia,2026-06-22T00:50:21+00:00
bajakovo-batrovci,2026-06-22T02:38,10,10 min,hak_croatia,2026-06-22T00:50:21+00:00
bajakovo-batrovci,2026-06-22T03:53,5,5 min,anonymous_,2026-06-22T02:05:50+00:00
bajakovo-batrovci,2026-06-22T04:53,15,15 min,anonymous_,2026-06-22T03:06:12+00:00
bajakovo-batrovci,2026-06-22T05:49,10,10 min,hak_croatia,2026-06-22T03:51:30+00:00
bajakovo-batrovci,2026-06-22T06:08,10,10 min,hak_croatia,2026-06-22T04:21:42+00:00
bajakovo-batrovci,2026-06-22T06:38,10,10 min,hak_croatia,2026-06-22T04:51:55+00:00
bajakovo-batrovci,2026-06-22T07:28,10,10 min,hak_croatia,2026-06-22T05:37:17+00:00
bajakovo-batrovci,2026-06-22T07:49,10,10 min,hak_croatia,2026-06-22T05:52:24+00:00
bajakovo-batrovci,2026-06-22T08:55,5,5 min,anonymous_,2026-06-22T07:08:00+00:00
bajakovo-batrovci,2026-06-22T09:49,10,10 min,hak_croatia,2026-06-22T07:53:19+00:00
bajakovo-batrovci,2026-06-22T10:59,5,5 min,anonymous_,2026-06-22T09:08:51+00:00
bajakovo-batrovci,2026-06-22T11:55,15,15 min,anonymous_,2026-06-22T10:09:18+00:00
bajakovo-batrovci,2026-06-22T12:54,10,10 min,anonymous_,2026-06-22T11:20:33+00:00
bajakovo-batrovci,2026-06-22T13:57,5,5 min,anonymous_,2026-06-22T12:05:52+00:00
bajakovo-batrovci,2026-06-22T14:56,10,10 min,anonymous_,2026-06-22T13:06:15+00:00
bajakovo-batrovci,2026-06-22T15:59,5,5 min,anonymous_,2026-06-22T14:06:40+00:00
bajakovo-batrovci,2026-06-22T16:54,15,15 min,anonymous_,2026-06-22T15:07:07+00:00
bajakovo-batrovci,2026-06-22T17:53,10,10 min,anonymous_,2026-06-22T16:07:31+00:00
bajakovo-batrovci,2026-06-22T18:58,5,5 min,anonymous_,2026-06-22T17:08:45+00:00
bajakovo-batrovci,2026-06-22T19:28,10,10 min,hak_croatia,2026-06-22T17:38:57+00:00
bajakovo-batrovci,2026-06-22T19:49,10,10 min,hak_croatia,2026-06-22T17:54:04+00:00
bajakovo-batrovci,2026-06-22T20:08,10,10 min,hak_croatia,2026-06-22T18:09:10+00:00
bajakovo-batrovci,2026-06-22T20:38,10,10 min,hak_croatia,2026-06-22T18:39:24+00:00
bajakovo-batrovci,2026-06-22T21:28,10,10 min,hak_croatia,2026-06-22T19:39:49+00:00
bajakovo-batrovci,2026-06-22T21:49,10,10 min,hak_croatia,2026-06-22T19:51:05+00:00
bajakovo-batrovci,2026-06-22T22:08,10,10 min,hak_croatia,2026-06-22T20:21:19+00:00
bajakovo-batrovci,2026-06-22T22:38,10,10 min,hak_croatia,2026-06-22T20:51:37+00:00
bajakovo-batrovci,2026-06-22T23:28,10,10 min,hak_croatia,2026-06-22T21:36:57+00:00
bajakovo-batrovci,2026-06-22T23:49,10,10 min,hak_croatia,2026-06-22T21:52:04+00:00
bajakovo-batrovci,2026-06-23T00:01,90,1.5 h,anonymous,2026-06-22T22:09:57+00:00
bajakovo-batrovci,2026-06-23T01:25,60,60 min,anonymous_,2026-06-22T23:40:29+00:00
bajakovo-batrovci,2026-06-23T01:49,10,10 min,hak_croatia,2026-06-22T23:56:05+00:00
bajakovo-batrovci,2026-06-23T02:08,10,10 min,hak_croatia,2026-06-23T00:11:10+00:00
bajakovo-batrovci,2026-06-23T02:40,50,50 min,anonymous,2026-06-23T00:41:21+00:00
bajakovo-batrovci,2026-06-23T02:38,10,10 min,hak_croatia,2026-06-23T00:41:21+00:00
bajakovo-batrovci,2026-06-23T02:28,10,10 min,hak_croatia,2026-06-23T00:41:21+00:00
bajakovo-batrovci,2026-06-23T03:58,45,45 min,anonymous_,2026-06-23T02:05:50+00:00
bajakovo-batrovci,2026-06-23T04:57,40,40 min,anonymous_,2026-06-23T03:06:12+00:00
bajakovo-batrovci,2026-06-23T05:30,10,10 min,anonymous,2026-06-23T03:36:23+00:00
bajakovo-batrovci,2026-06-23T05:28,10,10 min,hak_croatia,2026-06-23T03:36:23+00:00
bajakovo-batrovci,2026-06-23T06:24,5,5 min,anonymous_,2026-06-23T04:36:45+00:00
bajakovo-batrovci,2026-06-23T06:38,10,10 min,hak_croatia,2026-06-23T04:51:51+00:00
bajakovo-batrovci,2026-06-23T07:28,10,10 min,hak_croatia,2026-06-23T05:37:09+00:00
bajakovo-batrovci,2026-06-23T07:49,30,30 min,hak_croatia,2026-06-23T05:52:14+00:00
bajakovo-batrovci,2026-06-23T08:08,30,30 min,hak_croatia,2026-06-23T06:13:04+00:00
bajakovo-batrovci,2026-06-23T09:28,25,25 min,anonymous_,2026-06-23T07:43:35+00:00
bajakovo-batrovci,2026-06-23T09:49,60,60 min,hak_croatia,2026-06-23T07:58:41+00:00
bajakovo-batrovci,2026-06-23T10:08,60,60 min,hak_croatia,2026-06-23T08:13:46+00:00
bajakovo-batrovci,2026-06-23T10:38,60,60 min,hak_croatia,2026-06-23T08:43:57+00:00
bajakovo-batrovci,2026-06-23T11:54,55,55 min,anonymous_,2026-06-23T10:00:15+00:00
bajakovo-batrovci,2026-06-23T12:08,60,60 min,hak_croatia,2026-06-23T10:15:25+00:00
bajakovo-batrovci,2026-06-23T13:25,55,55 min,anonymous_,2026-06-23T11:30:53+00:00
bajakovo-batrovci,2026-06-23T13:49,60,60 min,hak_croatia,2026-06-23T12:01:03+00:00
bajakovo-batrovci,2026-06-23T14:08,60,60 min,hak_croatia,2026-06-23T12:16:09+00:00
bajakovo-batrovci,2026-06-23T14:38,60,60 min,hak_croatia,2026-06-23T12:44:30+00:00
bajakovo-batrovci,2026-06-23T15:28,60,60 min,hak_croatia,2026-06-23T13:29:47+00:00
bajakovo-batrovci,2026-06-23T15:49,60,60 min,hak_croatia,2026-06-23T13:59:59+00:00
bajakovo-batrovci,2026-06-23T16:08,60,60 min,hak_croatia,2026-06-23T14:15:18+00:00
bajakovo-batrovci,2026-06-23T16:38,60,60 min,hak_croatia,2026-06-23T14:45:29+00:00
bajakovo-batrovci,2026-06-23T17:28,10,10 min,hak_croatia,2026-06-23T15:30:45+00:00
bajakovo-batrovci,2026-06-23T17:55,10,10 min,anonymous,2026-06-23T15:57:04+00:00
bajakovo-batrovci,2026-06-23T17:49,10,10 min,hak_croatia,2026-06-23T15:57:04+00:00
bajakovo-batrovci,2026-06-23T18:59,5,5 min,anonymous_,2026-06-23T17:12:32+00:00
bajakovo-batrovci,2026-06-23T19:28,10,10 min,hak_croatia,2026-06-23T17:32:34+00:00
bajakovo-batrovci,2026-06-23T19:49,10,10 min,hak_croatia,2026-06-23T18:02:46+00:00
bajakovo-batrovci,2026-06-23T20:57,5,5 min,anonymous_,2026-06-23T19:03:10+00:00
bajakovo-batrovci,2026-06-23T21:54,15,15 min,anonymous_,2026-06-23T20:01:02+00:00
bajakovo-batrovci,2026-06-23T22:56,10,10 min,anonymous_,2026-06-23T21:01:26+00:00
bajakovo-batrovci,2026-06-23T23:58,5,5 min,anonymous_,2026-06-23T22:03:37+00:00
bajakovo-batrovci,2026-06-24T00:54,10,10 min,anonymous_,2026-06-23T23:12:35+00:00
bajakovo-batrovci,2026-06-24T01:53,5,5 min,anonymous_,2026-06-24T00:14:16+00:00
bajakovo-batrovci,2026-06-24T02:56,10,10 min,anonymous_,2026-06-24T01:14:41+00:00
bajakovo-batrovci,2026-06-24T03:56,5,5 min,anonymous_,2026-06-24T02:04:22+00:00
bajakovo-batrovci,2026-06-24T04:54,10,10 min,anonymous_,2026-06-24T03:05:26+00:00
bajakovo-batrovci,2026-06-24T05:53,5,5 min,anonymous_,2026-06-24T04:05:56+00:00
bajakovo-batrovci,2026-06-24T06:57,15,15 min,anonymous_,2026-06-24T05:06:22+00:00
bajakovo-batrovci,2026-06-24T07:54,10,10 min,anonymous_,2026-06-24T06:09:04+00:00
bajakovo-batrovci,2026-06-24T08:55,5,5 min,anonymous_,2026-06-24T07:09:31+00:00
bajakovo-batrovci,2026-06-24T10:08,10,10 min,hak_croatia,2026-06-24T08:09:58+00:00
bajakovo-batrovci,2026-06-24T09:53,15,15 min,anonymous_,2026-06-24T08:09:58+00:00
bajakovo-batrovci,2026-06-24T10:38,10,10 min,hak_croatia,2026-06-24T08:40:11+00:00
bajakovo-batrovci,2026-06-24T11:58,5,5 min,anonymous_,2026-06-24T10:04:20+00:00
bajakovo-batrovci,2026-06-24T12:08,10,10 min,hak_croatia,2026-06-24T10:19:29+00:00
bajakovo-batrovci,2026-06-24T12:38,10,10 min,hak_croatia,2026-06-24T10:49:42+00:00
bajakovo-batrovci,2026-06-24T13:08,45,45 min,anonymous,2026-06-24T11:19:57+00:00
bajakovo-batrovci,2026-06-24T14:38,10,10 min,hak_croatia,2026-06-24T12:41:56+00:00
bajakovo-batrovci,2026-06-24T14:25,40,40 min,anonymous_,2026-06-24T12:41:56+00:00
bajakovo-batrovci,2026-06-24T15:28,10,10 min,hak_croatia,2026-06-24T13:42:18+00:00
bajakovo-batrovci,2026-06-24T15:49,10,10 min,hak_croatia,2026-06-24T13:57:24+00:00
bajakovo-batrovci,2026-06-24T16:08,10,10 min,hak_croatia,2026-06-24T14:12:30+00:00
bajakovo-batrovci,2026-06-24T16:38,10,10 min,hak_croatia,2026-06-24T14:42:40+00:00
bajakovo-batrovci,2026-06-24T17:28,10,10 min,hak_croatia,2026-06-24T15:28:05+00:00
bajakovo-batrovci,2026-06-24T17:49,10,10 min,hak_croatia,2026-06-24T15:58:34+00:00
bajakovo-batrovci,2026-06-24T18:59,5,5 min,anonymous_,2026-06-24T17:14:05+00:00
bajakovo-batrovci,2026-06-24T19:28,60,60 min,hak_croatia,2026-06-24T17:38:00+00:00
bajakovo-batrovci,2026-06-24T19:49,60,60 min,hak_croatia,2026-06-24T17:53:06+00:00
bajakovo-batrovci,2026-06-24T20:08,60,60 min,hak_croatia,2026-06-24T18:08:12+00:00
bajakovo-batrovci,2026-06-24T20:32,20,20 min,anonymous,2026-06-24T18:38:53+00:00
bajakovo-batrovci,2026-06-24T20:51,60,60 min,anonymous,2026-06-24T18:54:00+00:00
bajakovo-batrovci,2026-06-24T21:56,55,55 min,anonymous_,2026-06-24T20:01:37+00:00
bajakovo-batrovci,2026-06-24T22:08,60,60 min,hak_croatia,2026-06-24T20:16:44+00:00
bajakovo-batrovci,2026-06-24T22:38,60,60 min,hak_croatia,2026-06-24T20:46:56+00:00
bajakovo-batrovci,2026-06-24T23:28,90,1.5 h,hak_croatia,2026-06-24T21:31:28+00:00
bajakovo-batrovci,2026-06-24T23:49,90,1.5 h,hak_croatia,2026-06-24T22:01:38+00:00
bajakovo-batrovci,2026-06-25T00:08,90,1.5 h,hak_croatia,2026-06-24T22:16:44+00:00
bajakovo-batrovci,2026-06-25T00:38,90,1.5 h,hak_croatia,2026-06-24T22:52:19+00:00
bajakovo-batrovci,2026-06-25T01:28,90,1.5 h,hak_croatia,2026-06-24T23:37:38+00:00
bajakovo-batrovci,2026-06-25T01:49,90,1.5 h,hak_croatia,2026-06-25T00:03:36+00:00
bajakovo-batrovci,2026-06-25T02:08,90,1.5 h,hak_croatia,2026-06-25T00:18:41+00:00
bajakovo-batrovci,2026-06-25T02:28,90,1.5 h,hak_croatia,2026-06-25T00:33:47+00:00
bajakovo-batrovci,2026-06-25T02:38,90,1.5 h,hak_croatia,2026-06-25T00:48:52+00:00
bajakovo-batrovci,2026-06-25T02:49,90,1.5 h,hak_croatia,2026-06-25T01:03:58+00:00
bajakovo-batrovci,2026-06-25T04:08,90,1.5 h,hak_croatia,2026-06-25T02:08:18+00:00
bajakovo-batrovci,2026-06-25T03:54,60,60 min,anonymous_,2026-06-25T02:08:18+00:00
bajakovo-batrovci,2026-06-25T04:38,90,1.5 h,hak_croatia,2026-06-25T02:38:37+00:00
bajakovo-batrovci,2026-06-25T05:28,90,1.5 h,hak_croatia,2026-06-25T03:38:57+00:00
bajakovo-batrovci,2026-06-25T05:49,90,1.5 h,hak_croatia,2026-06-25T03:54:03+00:00
bajakovo-batrovci,2026-06-25T06:08,90,1.5 h,hak_croatia,2026-06-25T04:09:09+00:00
bajakovo-batrovci,2026-06-25T06:38,120,2 h,hak_croatia,2026-06-25T04:39:19+00:00
bajakovo-batrovci,2026-06-25T07:28,120,2 h,hak_croatia,2026-06-25T05:39:38+00:00
bajakovo-batrovci,2026-06-25T07:49,120,2 h,hak_croatia,2026-06-25T05:54:44+00:00
bajakovo-batrovci,2026-06-25T08:58,90,1.5 h,anonymous_,2026-06-25T07:02:43+00:00
bajakovo-batrovci,2026-06-25T09:49,360,6 h,hak_croatia,2026-06-25T08:03:09+00:00
bajakovo-batrovci,2026-06-25T10:08,360,6 h,hak_croatia,2026-06-25T08:18:16+00:00
bajakovo-batrovci,2026-06-25T10:34,180,3 h,anonymous,2026-06-25T08:48:29+00:00
bajakovo-batrovci,2026-06-25T11:09,240,4 h,anonymous,2026-06-25T09:18:42+00:00
bajakovo-batrovci,2026-06-25T12:25,210,3.5 h,anonymous_,2026-06-25T10:33:30+00:00
bajakovo-batrovci,2026-06-25T12:38,60,60 min,hak_croatia,2026-06-25T10:48:37+00:00
bajakovo-batrovci,2026-06-25T13:28,60,60 min,hak_croatia,2026-06-25T11:33:55+00:00
bajakovo-batrovci,2026-06-25T13:49,60,60 min,hak_croatia,2026-06-25T11:49:01+00:00
bajakovo-batrovci,2026-06-25T14:08,90,1.5 h,hak_croatia,2026-06-25T12:09:26+00:00
bajakovo-batrovci,2026-06-25T14:38,90,1.5 h,hak_croatia,2026-06-25T12:39:38+00:00
bajakovo-batrovci,2026-06-25T15:28,90,1.5 h,hak_croatia,2026-06-25T13:40:01+00:00
bajakovo-batrovci,2026-06-25T15:49,90,1.5 h,hak_croatia,2026-06-25T13:55:07+00:00
bajakovo-batrovci,2026-06-25T16:08,90,1.5 h,hak_croatia,2026-06-25T14:10:19+00:00
bajakovo-batrovci,2026-06-25T16:38,30,30 min,hak_croatia,2026-06-25T14:40:31+00:00
bajakovo-batrovci,2026-06-25T17:55,25,25 min,anonymous_,2026-06-25T16:06:00+00:00
bajakovo-batrovci,2026-06-25T18:38,30,30 min,hak_croatia,2026-06-25T16:51:16+00:00
bajakovo-batrovci,2026-06-25T19:28,30,30 min,hak_croatia,2026-06-25T17:28:07+00:00
bajakovo-batrovci,2026-06-25T19:49,30,30 min,hak_croatia,2026-06-25T17:58:52+00:00
bajakovo-batrovci,2026-06-25T20:08,30,30 min,hak_croatia,2026-06-25T18:13:57+00:00
bajakovo-batrovci,2026-06-25T20:38,30,30 min,hak_croatia,2026-06-25T18:44:08+00:00
bajakovo-batrovci,2026-06-25T21:28,10,10 min,hak_croatia,2026-06-25T19:28:43+00:00
bajakovo-batrovci,2026-06-25T21:49,10,10 min,hak_croatia,2026-06-25T19:58:56+00:00
bajakovo-batrovci,2026-06-25T22:08,10,10 min,hak_croatia,2026-06-25T20:14:03+00:00
bajakovo-batrovci,2026-06-25T22:38,10,10 min,hak_croatia,2026-06-25T20:44:15+00:00
bajakovo-batrovci,2026-06-25T23:28,10,10 min,hak_croatia,2026-06-25T21:31:39+00:00
bajakovo-batrovci,2026-06-25T23:49,10,10 min,hak_croatia,2026-06-25T22:01:53+00:00
bajakovo-batrovci,2026-06-26T00:08,10,10 min,hak_croatia,2026-06-25T22:17:01+00:00
bajakovo-batrovci,2026-06-26T00:38,10,10 min,hak_croatia,2026-06-25T22:47:13+00:00
bajakovo-batrovci,2026-06-26T01:28,10,10 min,hak_croatia,2026-06-25T23:37:50+00:00
bajakovo-batrovci,2026-06-26T01:49,10,10 min,hak_croatia,2026-06-25T23:52:56+00:00
bajakovo-batrovci,2026-06-26T02:08,10,10 min,hak_croatia,2026-06-26T00:08:03+00:00
bajakovo-batrovci,2026-06-26T02:28,10,10 min,hak_croatia,2026-06-26T00:36:14+00:00
bajakovo-batrovci,2026-06-26T02:49,10,10 min,hak_croatia,2026-06-26T00:51:21+00:00
bajakovo-batrovci,2026-06-26T02:38,10,10 min,hak_croatia,2026-06-26T00:51:21+00:00
bajakovo-batrovci,2026-06-26T03:59,5,5 min,anonymous_,2026-06-26T02:06:53+00:00
bajakovo-batrovci,2026-06-26T04:59,10,10 min,anonymous_,2026-06-26T03:07:18+00:00
bajakovo-batrovci,2026-06-26T05:28,10,10 min,hak_croatia,2026-06-26T03:37:31+00:00
bajakovo-batrovci,2026-06-26T05:49,10,10 min,hak_croatia,2026-06-26T03:52:37+00:00
bajakovo-batrovci,2026-06-26T06:08,10,10 min,hak_croatia,2026-06-26T04:22:51+00:00
bajakovo-batrovci,2026-06-26T06:38,10,10 min,hak_croatia,2026-06-26T04:47:45+00:00
bajakovo-batrovci,2026-06-26T07:28,10,10 min,hak_croatia,2026-06-26T05:33:01+00:00
bajakovo-batrovci,2026-06-26T08:23,5,5 min,anonymous_,2026-06-26T06:33:23+00:00
bajakovo-batrovci,2026-06-26T09:28,10,10 min,hak_croatia,2026-06-26T07:33:44+00:00
bajakovo-batrovci,2026-06-26T09:49,10,10 min,hak_croatia,2026-06-26T08:03:55+00:00
bajakovo-batrovci,2026-06-26T10:58,5,5 min,anonymous_,2026-06-26T09:08:56+00:00
bajakovo-batrovci,2026-06-26T11:57,10,10 min,anonymous_,2026-06-26T10:09:21+00:00
bajakovo-batrovci,2026-06-26T12:54,5,5 min,anonymous_,2026-06-26T11:09:47+00:00
bajakovo-batrovci,2026-06-26T13:59,10,10 min,anonymous_,2026-06-26T12:13:42+00:00
bajakovo-batrovci,2026-06-26T14:55,5,5 min,anonymous_,2026-06-26T13:14:02+00:00
bajakovo-batrovci,2026-06-26T15:53,10,10 min,anonymous_,2026-06-26T14:04:54+00:00
bajakovo-batrovci,2026-06-26T16:55,5,5 min,anonymous_,2026-06-26T15:05:17+00:00
bajakovo-batrovci,2026-06-26T17:53,10,10 min,anonymous_,2026-06-26T16:13:16+00:00
bajakovo-batrovci,2026-06-26T18:38,10,10 min,hak_croatia,2026-06-26T16:43:28+00:00
bajakovo-batrovci,2026-06-26T19:57,5,5 min,anonymous_,2026-06-26T18:01:46+00:00
bajakovo-batrovci,2026-06-26T20:38,10,10 min,hak_croatia,2026-06-26T18:47:06+00:00
bajakovo-batrovci,2026-06-26T21:28,10,10 min,hak_croatia,2026-06-26T19:32:27+00:00
bajakovo-batrovci,2026-06-26T21:49,10,10 min,hak_croatia,2026-06-26T20:02:39+00:00
bajakovo-batrovci,2026-06-26T22:08,10,10 min,hak_croatia,2026-06-26T20:20:19+00:00
bajakovo-batrovci,2026-06-26T22:38,10,10 min,hak_croatia,2026-06-26T20:50:30+00:00
bajakovo-batrovci,2026-06-26T23:55,5,5 min,anonymous_,2026-06-26T22:08:47+00:00
bajakovo-batrovci,2026-06-27T00:56,15,15 min,anonymous_,2026-06-26T23:11:03+00:00
bajakovo-batrovci,2026-06-27T01:28,60,60 min,hak_croatia,2026-06-26T23:41:15+00:00
bajakovo-batrovci,2026-06-27T01:49,60,60 min,hak_croatia,2026-06-26T23:56:22+00:00
bajakovo-batrovci,2026-06-27T02:08,60,60 min,hak_croatia,2026-06-27T00:11:29+00:00
bajakovo-batrovci,2026-06-27T02:28,60,60 min,hak_croatia,2026-06-27T00:33:28+00:00
bajakovo-batrovci,2026-06-27T02:38,60,60 min,hak_croatia,2026-06-27T00:48:33+00:00
bajakovo-batrovci,2026-06-27T02:49,60,60 min,hak_croatia,2026-06-27T01:03:38+00:00
bajakovo-batrovci,2026-06-27T03:16,120,2 h,anonymous,2026-06-27T01:18:44+00:00
bajakovo-batrovci,2026-06-27T04:25,90,1.5 h,anonymous_,2026-06-27T02:34:10+00:00
bajakovo-batrovci,2026-06-27T04:38,120,2 h,hak_croatia,2026-06-27T02:49:16+00:00
bajakovo-batrovci,2026-06-27T05:54,90,1.5 h,anonymous_,2026-06-27T04:04:42+00:00
bajakovo-batrovci,2026-06-27T06:58,60,60 min,anonymous_,2026-06-27T05:00:38+00:00
bajakovo-batrovci,2026-06-27T07:49,90,1.5 h,hak_croatia,2026-06-27T06:01:03+00:00
bajakovo-batrovci,2026-06-27T08:08,180,3 h,hak_croatia,2026-06-27T06:16:10+00:00
bajakovo-batrovci,2026-06-27T08:38,180,3 h,hak_croatia,2026-06-27T06:46:23+00:00
bajakovo-batrovci,2026-06-27T09:28,180,3 h,hak_croatia,2026-06-27T07:31:42+00:00
bajakovo-batrovci,2026-06-27T09:49,180,3 h,hak_croatia,2026-06-27T07:53:21+00:00
bajakovo-batrovci,2026-06-27T10:08,180,3 h,hak_croatia,2026-06-27T08:08:27+00:00
bajakovo-batrovci,2026-06-27T10:38,180,3 h,hak_croatia,2026-06-27T08:38:38+00:00
bajakovo-batrovci,2026-06-27T11:03,5,5 min,anonymous,2026-06-27T09:08:48+00:00
bajakovo-batrovci,2026-06-27T12:38,120,2 h,hak_croatia,2026-06-27T10:38:36+00:00
bajakovo-batrovci,2026-06-27T12:24,15,15 min,anonymous_,2026-06-27T10:38:36+00:00
bajakovo-batrovci,2026-06-27T13:36,30,30 min,anonymous,2026-06-27T11:38:59+00:00
bajakovo-batrovci,2026-06-27T14:54,25,25 min,anonymous_,2026-06-27T13:15:03+00:00
bajakovo-batrovci,2026-06-27T15:28,90,1.5 h,hak_croatia,2026-06-27T13:30:09+00:00
bajakovo-batrovci,2026-06-27T15:49,90,1.5 h,hak_croatia,2026-06-27T14:00:29+00:00
bajakovo-batrovci,2026-06-27T16:08,90,1.5 h,hak_croatia,2026-06-27T14:15:35+00:00
bajakovo-batrovci,2026-06-27T16:33,5,5 min,anonymous,2026-06-27T14:45:47+00:00
bajakovo-batrovci,2026-06-27T17:51,60,60 min,anonymous,2026-06-27T15:53:13+00:00
bajakovo-batrovci,2026-06-27T18:23,150,2.5 h,anonymous,2026-06-27T16:32:06+00:00
bajakovo-batrovci,2026-06-27T19:26,120,2 h,anonymous_,2026-06-27T17:32:31+00:00
bajakovo-batrovci,2026-06-27T19:49,60,60 min,hak_croatia,2026-06-27T17:49:16+00:00
bajakovo-batrovci,2026-06-27T20:08,60,60 min,hak_croatia,2026-06-27T18:19:37+00:00
bajakovo-batrovci,2026-06-27T20:38,60,60 min,hak_croatia,2026-06-27T18:48:42+00:00
bajakovo-batrovci,2026-06-27T21:29,30,30 min,anonymous,2026-06-27T19:33:59+00:00
bajakovo-batrovci,2026-06-27T22:23,25,25 min,anonymous_,2026-06-27T20:31:31+00:00
bajakovo-batrovci,2026-06-27T23:27,20,20 min,anonymous_,2026-06-27T21:32:17+00:00
bajakovo-batrovci,2026-06-28T00:25,15,15 min,anonymous_,2026-06-27T22:32:54+00:00
bajakovo-batrovci,2026-06-28T01:25,10,10 min,anonymous_,2026-06-27T23:33:18+00:00
bajakovo-batrovci,2026-06-28T02:27,60,60 min,anonymous,2026-06-28T00:38:34+00:00
bajakovo-batrovci,2026-06-28T03:27,55,55 min,anonymous_,2026-06-28T01:38:54+00:00
bajakovo-batrovci,2026-06-28T04:29,50,50 min,anonymous_,2026-06-28T02:42:46+00:00
bajakovo-batrovci,2026-06-28T05:35,15,15 min,Driver_Off,2026-06-28T03:43:29+00:00
bajakovo-batrovci,2026-06-28T05:27,45,45 min,anonymous_,2026-06-28T03:43:29+00:00
bajakovo-batrovci,2026-06-28T06:59,10,10 min,anonymous_,2026-06-28T05:14:07+00:00
bajakovo-batrovci,2026-06-28T07:59,5,5 min,anonymous_,2026-06-28T06:14:33+00:00
bajakovo-batrovci,2026-06-28T08:57,10,10 min,anonymous_,2026-06-28T07:06:08+00:00
bajakovo-batrovci,2026-06-28T09:57,5,5 min,anonymous_,2026-06-28T08:06:31+00:00
bajakovo-batrovci,2026-06-28T10:58,10,10 min,anonymous_,2026-06-28T09:06:53+00:00
bajakovo-batrovci,2026-06-28T11:54,5,5 min,anonymous_,2026-06-28T10:01:06+00:00
bajakovo-batrovci,2026-06-28T12:01,60,60 min,anonymous,2026-06-28T10:16:12+00:00
bajakovo-batrovci,2026-06-28T13:27,55,55 min,anonymous_,2026-06-28T11:42:43+00:00
bajakovo-batrovci,2026-06-28T13:49,10,10 min,hak_croatia,2026-06-28T11:57:48+00:00
bajakovo-batrovci,2026-06-28T14:08,10,10 min,hak_croatia,2026-06-28T12:12:54+00:00
bajakovo-batrovci,2026-06-28T14:31,10,10 min,anonymous,2026-06-28T12:43:06+00:00
bajakovo-batrovci,2026-06-28T15:56,5,5 min,anonymous_,2026-06-28T14:03:54+00:00
bajakovo-batrovci,2026-06-28T16:53,15,15 min,anonymous_,2026-06-28T15:10:21+00:00
bajakovo-batrovci,2026-06-28T17:40,60,60 min,anonymous,2026-06-28T15:40:33+00:00
bajakovo-batrovci,2026-06-28T17:31,25,25 min,anonymous,2026-06-28T15:40:33+00:00
bajakovo-batrovci,2026-06-28T17:28,10,10 min,hak_croatia,2026-06-28T15:40:33+00:00
bajakovo-batrovci,2026-06-28T18:42,60,60 min,anonymous,2026-06-28T16:52:13+00:00
bajakovo-batrovci,2026-06-28T20:08,60,60 min,hak_croatia,2026-06-28T18:12:52+00:00
bajakovo-batrovci,2026-06-28T19:56,55,55 min,anonymous_,2026-06-28T18:12:52+00:00
bajakovo-batrovci,2026-06-28T20:38,60,60 min,hak_croatia,2026-06-28T18:43:03+00:00
bajakovo-batrovci,2026-06-28T20:48,90,1.5 h,anonymous,2026-06-28T18:56:03+00:00
bajakovo-batrovci,2026-06-28T22:08,60,60 min,hak_croatia,2026-06-28T20:11:36+00:00
bajakovo-batrovci,2026-06-28T21:54,60,60 min,anonymous_,2026-06-28T20:11:36+00:00
bajakovo-batrovci,2026-06-28T22:38,60,60 min,hak_croatia,2026-06-28T20:51:25+00:00
bajakovo-batrovci,2026-06-28T23:28,60,60 min,hak_croatia,2026-06-28T21:35:10+00:00
bajakovo-batrovci,2026-06-28T23:49,60,60 min,hak_croatia,2026-06-28T21:50:17+00:00
bajakovo-batrovci,2026-06-29T00:38,30,30 min,hak_croatia,2026-06-28T22:41:13+00:00
bajakovo-batrovci,2026-06-29T01:28,30,30 min,hak_croatia,2026-06-28T23:41:36+00:00
bajakovo-batrovci,2026-06-29T01:49,30,30 min,hak_croatia,2026-06-28T23:55:21+00:00
bajakovo-batrovci,2026-06-29T02:08,30,30 min,hak_croatia,2026-06-29T00:10:32+00:00
bajakovo-batrovci,2026-06-29T02:38,30,30 min,hak_croatia,2026-06-29T00:40:47+00:00
bajakovo-batrovci,2026-06-29T02:28,30,30 min,hak_croatia,2026-06-29T00:40:47+00:00
bajakovo-batrovci,2026-06-29T02:49,30,30 min,hak_croatia,2026-06-29T00:55:53+00:00
bajakovo-batrovci,2026-06-29T04:08,30,30 min,hak_croatia,2026-06-29T02:11:25+00:00
bajakovo-batrovci,2026-06-29T03:53,25,25 min,anonymous_,2026-06-29T02:11:25+00:00
bajakovo-batrovci,2026-06-29T04:38,30,30 min,hak_croatia,2026-06-29T02:41:37+00:00
bajakovo-batrovci,2026-06-29T05:28,10,10 min,hak_croatia,2026-06-29T03:42:02+00:00
bajakovo-batrovci,2026-06-29T05:49,10,10 min,hak_croatia,2026-06-29T03:57:09+00:00
bajakovo-batrovci,2026-06-29T06:08,10,10 min,hak_croatia,2026-06-29T04:12:16+00:00
bajakovo-batrovci,2026-06-29T06:38,10,10 min,hak_croatia,2026-06-29T04:42:30+00:00
bajakovo-batrovci,2026-06-29T07:28,10,10 min,hak_croatia,2026-06-29T05:41:27+00:00
bajakovo-batrovci,2026-06-29T07:49,10,10 min,hak_croatia,2026-06-29T05:56:32+00:00
bajakovo-batrovci,2026-06-29T08:08,10,10 min,hak_croatia,2026-06-29T06:11:39+00:00
bajakovo-batrovci,2026-06-29T08:38,10,10 min,hak_croatia,2026-06-29T06:41:49+00:00
bajakovo-batrovci,2026-06-29T09:38,60,60 min,anonymous,2026-06-29T07:42:10+00:00
bajakovo-batrovci,2026-06-29T09:28,10,10 min,hak_croatia,2026-06-29T07:42:10+00:00
bajakovo-batrovci,2026-06-29T10:59,55,55 min,anonymous_,2026-06-29T09:12:42+00:00
bajakovo-batrovci,2026-06-29T11:28,30,30 min,hak_croatia,2026-06-29T09:42:52+00:00
bajakovo-batrovci,2026-06-29T11:49,30,30 min,hak_croatia,2026-06-29T09:56:35+00:00
bajakovo-batrovci,2026-06-29T12:08,30,30 min,hak_croatia,2026-06-29T10:11:41+00:00
bajakovo-batrovci,2026-06-29T12:26,15,15 min,anonymous,2026-06-29T10:26:46+00:00
bajakovo-batrovci,2026-06-29T13:29,10,10 min,anonymous_,2026-06-29T11:42:13+00:00
bajakovo-batrovci,2026-06-29T14:29,5,5 min,anonymous_,2026-06-29T12:42:36+00:00
bajakovo-batrovci,2026-06-29T15:28,30,30 min,hak_croatia,2026-06-29T13:43:29+00:00
bajakovo-batrovci,2026-06-29T15:49,30,30 min,hak_croatia,2026-06-29T13:58:35+00:00
bajakovo-batrovci,2026-06-29T16:08,10,10 min,hak_croatia,2026-06-29T14:13:40+00:00
bajakovo-batrovci,2026-06-29T16:38,10,10 min,hak_croatia,2026-06-29T14:47:20+00:00
bajakovo-batrovci,2026-06-29T17:32,30,30 min,anonymous,2026-06-29T15:32:46+00:00
bajakovo-batrovci,2026-06-29T17:28,10,10 min,hak_croatia,2026-06-29T15:32:46+00:00
bajakovo-batrovci,2026-06-29T18:54,25,25 min,anonymous_,2026-06-29T17:03:30+00:00
bajakovo-batrovci,2026-06-29T19:49,10,10 min,hak_croatia,2026-06-29T18:00:05+00:00
bajakovo-batrovci,2026-06-29T20:08,10,10 min,hak_croatia,2026-06-29T18:15:23+00:00
bajakovo-batrovci,2026-06-29T20:38,10,10 min,hak_croatia,2026-06-29T18:45:34+00:00
bajakovo-batrovci,2026-06-29T21:13,15,15 min,anonymous,2026-06-29T19:15:46+00:00
bajakovo-batrovci,2026-06-29T22:28,10,10 min,anonymous_,2026-06-29T20:33:13+00:00
bajakovo-batrovci,2026-06-29T23:26,5,5 min,anonymous_,2026-06-29T21:30:05+00:00
bajakovo-batrovci,2026-06-30T00:26,15,15 min,anonymous_,2026-06-29T22:32:52+00:00
bajakovo-batrovci,2026-06-30T01:27,10,10 min,anonymous_,2026-06-29T23:30:04+00:00
bajakovo-batrovci,2026-06-30T02:26,5,5 min,anonymous_,2026-06-30T00:30:40+00:00
bajakovo-batrovci,2026-06-30T03:23,10,10 min,anonymous_,2026-06-30T01:31:01+00:00
bajakovo-batrovci,2026-06-30T04:28,5,5 min,anonymous_,2026-06-30T02:34:35+00:00
bajakovo-batrovci,2026-06-30T05:28,10,10 min,hak_croatia,2026-06-30T03:34:56+00:00
bajakovo-batrovci,2026-06-30T05:49,10,10 min,hak_croatia,2026-06-30T03:50:03+00:00
bajakovo-batrovci,2026-06-30T06:08,10,10 min,hak_croatia,2026-06-30T04:20:14+00:00
bajakovo-batrovci,2026-06-30T06:38,10,10 min,hak_croatia,2026-06-30T04:50:25+00:00
bajakovo-batrovci,2026-06-30T07:28,10,10 min,hak_croatia,2026-06-30T05:35:39+00:00
bajakovo-batrovci,2026-06-30T07:49,10,10 min,hak_croatia,2026-06-30T05:50:45+00:00
bajakovo-batrovci,2026-06-30T08:08,10,10 min,hak_croatia,2026-06-30T06:22:56+00:00
bajakovo-batrovci,2026-06-30T08:38,10,10 min,hak_croatia,2026-06-30T06:38:02+00:00
bajakovo-batrovci,2026-06-30T09:55,5,5 min,anonymous_,2026-06-30T08:09:03+00:00
bajakovo-batrovci,2026-06-30T10:38,10,10 min,hak_croatia,2026-06-30T08:39:14+00:00
bajakovo-batrovci,2026-06-30T11:28,10,10 min,hak_croatia,2026-06-30T09:39:45+00:00
bajakovo-batrovci,2026-06-30T11:49,10,10 min,hak_croatia,2026-06-30T09:54:50+00:00
bajakovo-batrovci,2026-06-30T12:08,10,10 min,hak_croatia,2026-06-30T10:12:43+00:00
bajakovo-batrovci,2026-06-30T12:38,10,10 min,hak_croatia,2026-06-30T10:42:54+00:00
bajakovo-batrovci,2026-06-30T14:08,10,10 min,hak_croatia,2026-06-30T12:13:36+00:00
bajakovo-batrovci,2026-06-30T13:56,5,5 min,anonymous_,2026-06-30T12:13:36+00:00
bajakovo-batrovci,2026-06-30T14:38,10,10 min,hak_croatia,2026-06-30T12:51:37+00:00
bajakovo-batrovci,2026-06-30T15:28,10,10 min,hak_croatia,2026-06-30T13:36:53+00:00
bajakovo-batrovci,2026-06-30T15:49,10,10 min,hak_croatia,2026-06-30T13:51:59+00:00
bajakovo-batrovci,2026-06-30T16:08,10,10 min,hak_croatia,2026-06-30T14:22:12+00:00
bajakovo-batrovci,2026-06-30T16:38,10,10 min,hak_croatia,2026-06-30T14:52:23+00:00
bajakovo-batrovci,2026-06-30T17:28,10,10 min,hak_croatia,2026-06-30T15:37:01+00:00
bajakovo-batrovci,2026-06-30T17:49,10,10 min,hak_croatia,2026-06-30T15:52:06+00:00
bajakovo-batrovci,2026-06-30T18:56,5,5 min,anonymous_,2026-06-30T17:07:34+00:00
bajakovo-batrovci,2026-06-30T19:24,10,10 min,anonymous,2026-06-30T17:29:09+00:00
bajakovo-batrovci,2026-06-30T20:27,5,5 min,anonymous_,2026-06-30T18:44:41+00:00
bajakovo-batrovci,2026-06-30T21:28,30,30 min,hak_croatia,2026-06-30T19:42:59+00:00
bajakovo-batrovci,2026-06-30T21:49,30,30 min,hak_croatia,2026-06-30T19:58:05+00:00
bajakovo-batrovci,2026-06-30T22:08,30,30 min,hak_croatia,2026-06-30T20:13:11+00:00
bajakovo-batrovci,2026-06-30T22:38,30,30 min,hak_croatia,2026-06-30T20:43:22+00:00
bajakovo-batrovci,2026-06-30T23:28,30,30 min,hak_croatia,2026-06-30T21:40:07+00:00
bajakovo-batrovci,2026-06-30T23:49,30,30 min,hak_croatia,2026-06-30T21:55:13+00:00
bajakovo-batrovci,2026-07-01T00:08,30,30 min,hak_croatia,2026-06-30T22:10:19+00:00
bajakovo-batrovci,2026-07-01T00:38,30,30 min,hak_croatia,2026-06-30T22:40:29+00:00
bajakovo-batrovci,2026-07-01T01:28,30,30 min,hak_croatia,2026-06-30T23:30:05+00:00
bajakovo-batrovci,2026-07-01T01:49,30,30 min,hak_croatia,2026-06-30T23:54:33+00:00
bajakovo-batrovci,2026-07-01T02:59,25,25 min,anonymous_,2026-07-01T01:10:01+00:00
bajakovo-batrovci,2026-07-01T04:08,10,10 min,hak_croatia,2026-07-01T02:10:21+00:00
bajakovo-batrovci,2026-07-01T03:54,20,20 min,anonymous_,2026-07-01T02:10:21+00:00
bajakovo-batrovci,2026-07-01T04:38,10,10 min,hak_croatia,2026-07-01T02:40:31+00:00
bajakovo-batrovci,2026-07-01T05:28,10,10 min,hak_croatia,2026-07-01T03:40:52+00:00
bajakovo-batrovci,2026-07-01T05:49,10,10 min,hak_croatia,2026-07-01T03:55:57+00:00
bajakovo-batrovci,2026-07-01T06:08,10,10 min,hak_croatia,2026-07-01T04:11:03+00:00
bajakovo-batrovci,2026-07-01T06:38,30,30 min,hak_croatia,2026-07-01T04:41:13+00:00
bajakovo-batrovci,2026-07-01T07:28,30,30 min,hak_croatia,2026-07-01T05:34:54+00:00
bajakovo-batrovci,2026-07-01T07:49,30,30 min,hak_croatia,2026-07-01T05:50:01+00:00
bajakovo-batrovci,2026-07-01T07:59,25,25 min,anonymous,2026-07-01T06:05:07+00:00
bajakovo-batrovci,2026-07-01T08:57,20,20 min,anonymous_,2026-07-01T07:05:36+00:00
bajakovo-batrovci,2026-07-01T09:28,30,30 min,hak_croatia,2026-07-01T07:35:49+00:00
bajakovo-batrovci,2026-07-01T09:49,30,30 min,hak_croatia,2026-07-01T07:50:56+00:00
bajakovo-batrovci,2026-07-01T10:08,30,30 min,hak_croatia,2026-07-01T08:21:12+00:00
bajakovo-batrovci,2026-07-01T10:38,30,30 min,hak_croatia,2026-07-01T08:42:39+00:00
bajakovo-batrovci,2026-07-01T11:28,10,10 min,hak_croatia,2026-07-01T09:43:03+00:00
bajakovo-batrovci,2026-07-01T11:46,15,15 min,anonymous,2026-07-01T09:58:09+00:00
bajakovo-batrovci,2026-07-01T13:07,45,45 min,anonymous,2026-07-01T11:13:45+00:00
bajakovo-batrovci,2026-07-01T13:06,5,5 min,anonymous,2026-07-01T11:13:45+00:00
bajakovo-batrovci,2026-07-01T12:53,10,10 min,anonymous_,2026-07-01T11:13:45+00:00
bajakovo-batrovci,2026-07-01T14:25,40,40 min,anonymous_,2026-07-01T12:32:31+00:00
bajakovo-batrovci,2026-07-01T14:38,10,10 min,hak_croatia,2026-07-01T12:47:38+00:00
bajakovo-batrovci,2026-07-01T15:54,5,5 min,anonymous_,2026-07-01T14:00:56+00:00
bajakovo-batrovci,2026-07-01T16:35,30,30 min,anonymous,2026-07-01T14:46:13+00:00
bajakovo-batrovci,2026-07-01T17:54,25,25 min,anonymous_,2026-07-01T16:01:42+00:00
bajakovo-batrovci,2026-07-01T18:08,10,10 min,hak_croatia,2026-07-01T16:16:48+00:00
bajakovo-batrovci,2026-07-01T18:23,40,40 min,anonymous,2026-07-01T16:31:53+00:00
bajakovo-batrovci,2026-07-01T19:26,35,35 min,anonymous_,2026-07-01T17:36:57+00:00
bajakovo-batrovci,2026-07-01T19:49,10,10 min,hak_croatia,2026-07-01T17:52:04+00:00
bajakovo-batrovci,2026-07-01T20:08,10,10 min,hak_croatia,2026-07-01T18:22:15+00:00
bajakovo-batrovci,2026-07-01T20:38,10,10 min,hak_croatia,2026-07-01T18:45:28+00:00
bajakovo-batrovci,2026-07-01T21:59,5,5 min,anonymous_,2026-07-01T20:00:54+00:00
bajakovo-batrovci,2026-07-01T22:57,10,10 min,anonymous_,2026-07-01T21:13:14+00:00
bajakovo-batrovci,2026-07-01T23:58,5,5 min,anonymous_,2026-07-01T22:06:59+00:00
bajakovo-batrovci,2026-07-02T00:59,10,10 min,anonymous_,2026-07-01T23:07:21+00:00
bajakovo-batrovci,2026-07-02T01:55,5,5 min,anonymous_,2026-07-02T00:11:23+00:00
bajakovo-batrovci,2026-07-02T02:56,15,15 min,anonymous_,2026-07-02T01:11:46+00:00
bajakovo-batrovci,2026-07-02T03:58,10,10 min,anonymous_,2026-07-02T02:08:00+00:00
bajakovo-batrovci,2026-07-02T04:55,5,5 min,anonymous_,2026-07-02T03:08:31+00:00
bajakovo-batrovci,2026-07-02T05:28,10,10 min,hak_croatia,2026-07-02T03:38:41+00:00
bajakovo-batrovci,2026-07-02T05:49,10,10 min,hak_croatia,2026-07-02T03:53:47+00:00
bajakovo-batrovci,2026-07-02T06:08,10,10 min,hak_croatia,2026-07-02T04:08:52+00:00
bajakovo-batrovci,2026-07-02T06:38,10,10 min,hak_croatia,2026-07-02T04:39:04+00:00
bajakovo-batrovci,2026-07-02T07:28,10,10 min,hak_croatia,2026-07-02T05:39:24+00:00
bajakovo-batrovci,2026-07-02T07:49,10,10 min,hak_croatia,2026-07-02T05:54:31+00:00
bajakovo-batrovci,2026-07-02T08:08,10,10 min,hak_croatia,2026-07-02T06:23:04+00:00
bajakovo-batrovci,2026-07-02T08:38,10,10 min,hak_croatia,2026-07-02T06:38:09+00:00
bajakovo-batrovci,2026-07-02T09:28,10,10 min,hak_croatia,2026-07-02T07:38:42+00:00
bajakovo-batrovci,2026-07-02T09:49,10,10 min,hak_croatia,2026-07-02T07:53:50+00:00
bajakovo-batrovci,2026-07-02T10:43,35,35 min,anonymous,2026-07-02T08:54:13+00:00
bajakovo-batrovci,2026-07-02T12:08,10,10 min,hak_croatia,2026-07-02T10:09:11+00:00
bajakovo-batrovci,2026-07-02T11:56,30,30 min,anonymous_,2026-07-02T10:09:11+00:00
bajakovo-batrovci,2026-07-02T12:38,10,10 min,hak_croatia,2026-07-02T10:39:23+00:00
bajakovo-batrovci,2026-07-02T13:28,10,10 min,hak_croatia,2026-07-02T11:39:47+00:00
bajakovo-batrovci,2026-07-02T13:49,10,10 min,hak_croatia,2026-07-02T11:54:53+00:00
bajakovo-batrovci,2026-07-02T14:08,10,10 min,hak_croatia,2026-07-02T12:13:38+00:00
bajakovo-batrovci,2026-07-02T14:38,10,10 min,hak_croatia,2026-07-02T12:43:50+00:00
bajakovo-batrovci,2026-07-02T15:28,10,10 min,hak_croatia,2026-07-02T13:29:08+00:00
bajakovo-batrovci,2026-07-02T15:49,10,10 min,hak_croatia,2026-07-02T13:59:18+00:00
bajakovo-batrovci,2026-07-02T16:54,5,5 min,anonymous_,2026-07-02T15:11:07+00:00
bajakovo-batrovci,2026-07-02T17:49,10,10 min,hak_croatia,2026-07-02T15:56:27+00:00
bajakovo-batrovci,2026-07-02T18:08,10,10 min,hak_croatia,2026-07-02T16:11:34+00:00
bajakovo-batrovci,2026-07-02T18:38,10,10 min,hak_croatia,2026-07-02T16:38:45+00:00
bajakovo-batrovci,2026-07-02T19:28,10,10 min,hak_croatia,2026-07-02T17:39:10+00:00
bajakovo-batrovci,2026-07-02T19:49,10,10 min,hak_croatia,2026-07-02T17:54:17+00:00
bajakovo-batrovci,2026-07-02T20:08,10,10 min,hak_croatia,2026-07-02T18:09:24+00:00
bajakovo-batrovci,2026-07-02T20:38,10,10 min,hak_croatia,2026-07-02T18:47:39+00:00
bajakovo-batrovci,2026-07-02T21:28,10,10 min,hak_croatia,2026-07-02T19:32:57+00:00
bajakovo-batrovci,2026-07-02T21:45,10,10 min,anonymous,2026-07-02T19:48:02+00:00
bajakovo-batrovci,2026-07-02T22:53,5,5 min,anonymous_,2026-07-02T21:12:42+00:00
bajakovo-batrovci,2026-07-02T23:53,15,15 min,anonymous_,2026-07-02T22:05:51+00:00
bajakovo-batrovci,2026-07-03T00:58,10,10 min,anonymous_,2026-07-02T23:03:32+00:00
bajakovo-batrovci,2026-07-03T01:59,5,5 min,anonymous_,2026-07-03T00:12:52+00:00
bajakovo-batrovci,2026-07-03T02:57,15,15 min,anonymous_,2026-07-03T01:13:17+00:00
bajakovo-batrovci,2026-07-03T03:53,10,10 min,anonymous_,2026-07-03T02:07:23+00:00
bajakovo-batrovci,2026-07-03T04:55,5,5 min,anonymous_,2026-07-03T03:07:44+00:00
bajakovo-batrovci,2026-07-03T05:58,10,10 min,anonymous_,2026-07-03T04:08:04+00:00
bajakovo-batrovci,2026-07-03T06:56,5,5 min,anonymous_,2026-07-03T05:08:55+00:00
bajakovo-batrovci,2026-07-03T07:23,30,30 min,anonymous,2026-07-03T05:24:01+00:00
bajakovo-batrovci,2026-07-03T08:38,10,10 min,hak_croatia,2026-07-03T06:39:28+00:00
bajakovo-batrovci,2026-07-03T08:25,25,25 min,anonymous_,2026-07-03T06:39:28+00:00
bajakovo-batrovci,2026-07-03T09:28,10,10 min,hak_croatia,2026-07-03T07:39:49+00:00
bajakovo-batrovci,2026-07-03T09:49,10,10 min,hak_croatia,2026-07-03T07:54:55+00:00
bajakovo-batrovci,2026-07-03T10:08,10,10 min,hak_croatia,2026-07-03T08:10:01+00:00
bajakovo-batrovci,2026-07-03T10:38,10,10 min,hak_croatia,2026-07-03T08:45:30+00:00
bajakovo-batrovci,2026-07-03T11:28,10,10 min,hak_croatia,2026-07-03T09:30:45+00:00
bajakovo-batrovci,2026-07-03T11:49,10,10 min,hak_croatia,2026-07-03T10:00:55+00:00
bajakovo-batrovci,2026-07-03T12:08,10,10 min,hak_croatia,2026-07-03T10:16:02+00:00
bajakovo-batrovci,2026-07-03T12:38,30,30 min,hak_croatia,2026-07-03T10:46:12+00:00
bajakovo-batrovci,2026-07-03T13:28,30,30 min,hak_croatia,2026-07-03T11:29:38+00:00
bajakovo-batrovci,2026-07-03T13:49,30,30 min,hak_croatia,2026-07-03T11:59:51+00:00
bajakovo-batrovci,2026-07-03T14:08,30,30 min,hak_croatia,2026-07-03T12:14:57+00:00
bajakovo-batrovci,2026-07-03T14:38,30,30 min,hak_croatia,2026-07-03T12:45:21+00:00
bajakovo-batrovci,2026-07-03T15:28,30,30 min,hak_croatia,2026-07-03T13:31:46+00:00
bajakovo-batrovci,2026-07-03T15:49,30,30 min,hak_croatia,2026-07-03T14:01:58+00:00
bajakovo-batrovci,2026-07-03T16:08,30,30 min,hak_croatia,2026-07-03T14:17:03+00:00
bajakovo-batrovci,2026-07-03T16:38,30,30 min,hak_croatia,2026-07-03T14:47:14+00:00
bajakovo-batrovci,2026-07-03T17:28,30,30 min,hak_croatia,2026-07-03T15:30:35+00:00
bajakovo-batrovci,2026-07-03T18:23,25,25 min,anonymous_,2026-07-03T16:30:57+00:00
bajakovo-batrovci,2026-07-03T19:28,30,30 min,hak_croatia,2026-07-03T17:31:48+00:00
bajakovo-batrovci,2026-07-03T19:49,30,30 min,hak_croatia,2026-07-03T18:01:58+00:00
bajakovo-batrovci,2026-07-03T20:05,90,1.5 h,anonymous,2026-07-03T18:17:03+00:00
bajakovo-batrovci,2026-07-03T20:33,90,1.5 h,anonymous,2026-07-03T18:37:05+00:00
bajakovo-batrovci,2026-07-03T20:29,90,1.5 h,anonymous,2026-07-03T18:37:05+00:00
bajakovo-batrovci,2026-07-03T20:28,120,2 h,anonymous,2026-07-03T18:37:05+00:00
bajakovo-batrovci,2026-07-03T21:07,30,30 min,anonymous,2026-07-03T19:22:23+00:00
bajakovo-batrovci,2026-07-03T22:38,10,10 min,hak_croatia,2026-07-03T20:41:36+00:00
bajakovo-batrovci,2026-07-03T22:26,25,25 min,anonymous_,2026-07-03T20:41:36+00:00
bajakovo-batrovci,2026-07-03T23:28,10,10 min,hak_croatia,2026-07-03T21:35:34+00:00
bajakovo-batrovci,2026-07-03T23:49,10,10 min,hak_croatia,2026-07-03T21:50:40+00:00
bajakovo-batrovci,2026-07-04T00:08,10,10 min,hak_croatia,2026-07-03T22:20:53+00:00
bajakovo-batrovci,2026-07-04T00:38,10,10 min,hak_croatia,2026-07-03T22:45:47+00:00
bajakovo-batrovci,2026-07-04T01:28,10,10 min,hak_croatia,2026-07-03T23:31:03+00:00
bajakovo-batrovci,2026-07-04T01:49,10,10 min,hak_croatia,2026-07-03T23:53:43+00:00
bajakovo-batrovci,2026-07-04T02:08,10,10 min,hak_croatia,2026-07-04T00:08:48+00:00
bajakovo-batrovci,2026-07-04T02:28,10,10 min,hak_croatia,2026-07-04T00:38:58+00:00
bajakovo-batrovci,2026-07-04T03:24,5,5 min,anonymous_,2026-07-04T01:37:13+00:00
bajakovo-batrovci,2026-07-04T04:23,15,15 min,anonymous_,2026-07-04T02:37:35+00:00
bajakovo-batrovci,2026-07-04T05:28,30,30 min,hak_croatia,2026-07-04T03:37:57+00:00
bajakovo-batrovci,2026-07-04T05:49,30,30 min,hak_croatia,2026-07-04T03:53:03+00:00
bajakovo-batrovci,2026-07-04T06:08,30,30 min,hak_croatia,2026-07-04T04:08:09+00:00
bajakovo-batrovci,2026-07-04T06:25,60,60 min,anonymous,2026-07-04T04:38:35+00:00
bajakovo-batrovci,2026-07-04T07:28,55,55 min,anonymous_,2026-07-04T05:33:08+00:00
bajakovo-batrovci,2026-07-04T07:49,30,30 min,hak_croatia,2026-07-04T06:03:20+00:00
bajakovo-batrovci,2026-07-04T08:08,30,30 min,hak_croatia,2026-07-04T06:18:27+00:00
bajakovo-batrovci,2026-07-04T08:23,60,60 min,anonymous,2026-07-04T06:33:33+00:00
bajakovo-batrovci,2026-07-04T09:27,55,55 min,anonymous_,2026-07-04T07:34:00+00:00
bajakovo-batrovci,2026-07-04T10:23,50,50 min,anonymous_,2026-07-04T08:31:50+00:00
bajakovo-batrovci,2026-07-04T10:46,40,40 min,anonymous,2026-07-04T08:46:56+00:00
bajakovo-batrovci,2026-07-04T11:12,90,1.5 h,anonymous,2026-07-04T09:17:07+00:00
bajakovo-batrovci,2026-07-04T11:23,90,1.5 h,anonymous,2026-07-04T09:32:13+00:00
bajakovo-batrovci,2026-07-04T11:48,90,1.5 h,anonymous,2026-07-04T10:02:24+00:00
bajakovo-batrovci,2026-07-04T12:59,240,4 h,anonymous,2026-07-04T11:07:31+00:00
bajakovo-batrovci,2026-07-04T12:54,240,4 h,anonymous,2026-07-04T11:07:31+00:00
bajakovo-batrovci,2026-07-04T13:53,210,3.5 h,anonymous_,2026-07-04T12:05:03+00:00
bajakovo-batrovci,2026-07-04T14:08,120,2 h,hak_croatia,2026-07-04T12:20:09+00:00
bajakovo-batrovci,2026-07-04T14:38,120,2 h,hak_croatia,2026-07-04T12:50:20+00:00
bajakovo-batrovci,2026-07-04T15:28,120,2 h,hak_croatia,2026-07-04T13:36:59+00:00
bajakovo-batrovci,2026-07-04T15:49,120,2 h,hak_croatia,2026-07-04T13:52:04+00:00
bajakovo-batrovci,2026-07-04T16:57,90,1.5 h,anonymous_,2026-07-04T15:09:00+00:00
bajakovo-batrovci,2026-07-04T17:49,120,2 h,hak_croatia,2026-07-04T15:59:55+00:00
bajakovo-batrovci,2026-07-04T18:08,120,2 h,hak_croatia,2026-07-04T16:15:01+00:00
bajakovo-batrovci,2026-07-04T18:38,120,2 h,hak_croatia,2026-07-04T16:45:16+00:00
bajakovo-batrovci,2026-07-04T19:28,120,2 h,hak_croatia,2026-07-04T17:30:34+00:00
bajakovo-batrovci,2026-07-04T19:32,90,1.5 h,anonymous,2026-07-04T17:45:41+00:00
bajakovo-batrovci,2026-07-04T20:57,60,60 min,anonymous_,2026-07-04T19:07:14+00:00
bajakovo-batrovci,2026-07-04T21:49,60,60 min,hak_croatia,2026-07-04T19:52:30+00:00
bajakovo-batrovci,2026-07-04T22:57,55,55 min,anonymous_,2026-07-04T21:05:40+00:00
bajakovo-batrovci,2026-07-04T23:49,60,60 min,hak_croatia,2026-07-04T21:57:43+00:00
bajakovo-batrovci,2026-07-05T00:54,55,55 min,anonymous_,2026-07-04T23:00:32+00:00
bajakovo-batrovci,2026-07-05T01:46,90,1.5 h,anonymous,2026-07-04T23:56:46+00:00
bajakovo-batrovci,2026-07-05T02:03,270,4.5 h,anonymous,2026-07-05T00:11:51+00:00
bajakovo-batrovci,2026-07-05T03:27,240,4 h,anonymous_,2026-07-05T01:35:43+00:00
bajakovo-batrovci,2026-07-05T04:08,60,60 min,hak_croatia,2026-07-05T02:20:58+00:00
bajakovo-batrovci,2026-07-05T04:38,60,60 min,hak_croatia,2026-07-05T02:51:08+00:00
bajakovo-batrovci,2026-07-05T05:28,60,60 min,hak_croatia,2026-07-05T03:36:24+00:00
bajakovo-batrovci,2026-07-05T05:49,60,60 min,hak_croatia,2026-07-05T03:51:29+00:00
bajakovo-batrovci,2026-07-05T06:08,60,60 min,hak_croatia,2026-07-05T04:21:40+00:00
bajakovo-batrovci,2026-07-05T06:38,60,60 min,hak_croatia,2026-07-05T04:51:51+00:00
bajakovo-batrovci,2026-07-05T07:55,55,55 min,anonymous_,2026-07-05T06:01:01+00:00
bajakovo-batrovci,2026-07-05T08:34,90,1.5 h,anonymous,2026-07-05T06:46:17+00:00
bajakovo-batrovci,2026-07-05T09:54,60,60 min,anonymous_,2026-07-05T08:01:46+00:00
bajakovo-batrovci,2026-07-05T10:13,120,2 h,anonymous,2026-07-05T08:16:53+00:00
bajakovo-batrovci,2026-07-05T11:29,90,1.5 h,anonymous_,2026-07-05T09:37:15+00:00
bajakovo-batrovci,2026-07-05T11:49,90,1.5 h,hak_croatia,2026-07-05T09:52:21+00:00
bajakovo-batrovci,2026-07-05T12:08,90,1.5 h,hak_croatia,2026-07-05T10:22:32+00:00
bajakovo-batrovci,2026-07-05T12:38,90,1.5 h,hak_croatia,2026-07-05T10:50:34+00:00
bajakovo-batrovci,2026-07-05T13:28,90,1.5 h,hak_croatia,2026-07-05T11:35:54+00:00
bajakovo-batrovci,2026-07-05T14:14,180,3 h,anonymous,2026-07-05T12:17:19+00:00
bajakovo-batrovci,2026-07-05T15:26,150,2.5 h,anonymous_,2026-07-05T13:32:51+00:00
bajakovo-batrovci,2026-07-05T16:08,90,1.5 h,hak_croatia,2026-07-05T14:17:58+00:00
bajakovo-batrovci,2026-07-05T16:38,90,1.5 h,hak_croatia,2026-07-05T14:48:14+00:00
bajakovo-batrovci,2026-07-05T17:28,90,1.5 h,hak_croatia,2026-07-05T15:39:29+00:00
bajakovo-batrovci,2026-07-05T17:49,30,30 min,hak_croatia,2026-07-05T15:54:39+00:00
bajakovo-batrovci,2026-07-05T18:08,30,30 min,hak_croatia,2026-07-05T16:09:46+00:00
bajakovo-batrovci,2026-07-05T18:38,30,30 min,hak_croatia,2026-07-05T16:38:26+00:00
bajakovo-batrovci,2026-07-05T19:56,25,25 min,anonymous_,2026-07-05T18:06:31+00:00
bajakovo-batrovci,2026-07-05T20:38,30,30 min,hak_croatia,2026-07-05T18:51:48+00:00
bajakovo-batrovci,2026-07-05T21:28,30,30 min,hak_croatia,2026-07-05T19:32:08+00:00
bajakovo-batrovci,2026-07-05T21:49,30,30 min,hak_croatia,2026-07-05T20:02:18+00:00
bajakovo-batrovci,2026-07-05T22:54,25,25 min,anonymous_,2026-07-05T21:05:35+00:00
bajakovo-batrovci,2026-07-05T23:54,20,20 min,anonymous_,2026-07-05T22:01:20+00:00
bajakovo-batrovci,2026-07-06T00:59,15,15 min,anonymous_,2026-07-05T23:05:44+00:00
bajakovo-batrovci,2026-07-06T01:57,10,10 min,anonymous_,2026-07-06T00:11:58+00:00
bajakovo-batrovci,2026-07-06T02:54,5,5 min,anonymous_,2026-07-06T01:12:19+00:00
bajakovo-batrovci,2026-07-06T03:54,10,10 min,anonymous_,2026-07-06T02:14:11+00:00
bajakovo-batrovci,2026-07-06T04:57,5,5 min,anonymous_,2026-07-06T03:14:33+00:00
bajakovo-batrovci,2026-07-06T05:44,5,5 min,anonymous,2026-07-06T03:44:44+00:00
bajakovo-batrovci,2026-07-06T06:55,10,10 min,anonymous_,2026-07-06T05:00:38+00:00
bajakovo-batrovci,2026-07-06T07:57,5,5 min,anonymous_,2026-07-06T06:01:00+00:00
bajakovo-batrovci,2026-07-06T08:55,15,15 min,anonymous_,2026-07-06T07:09:10+00:00
bajakovo-batrovci,2026-07-06T09:53,10,10 min,anonymous_,2026-07-06T08:09:30+00:00
bajakovo-batrovci,2026-07-06T10:58,5,5 min,anonymous_,2026-07-06T09:09:52+00:00
bajakovo-batrovci,2026-07-06T11:28,10,10 min,hak_croatia,2026-07-06T09:40:03+00:00
bajakovo-batrovci,2026-07-06T11:49,10,10 min,hak_croatia,2026-07-06T09:55:15+00:00
bajakovo-batrovci,2026-07-06T12:08,10,10 min,hak_croatia,2026-07-06T10:10:21+00:00
bajakovo-batrovci,2026-07-06T12:38,10,10 min,hak_croatia,2026-07-06T10:40:31+00:00
bajakovo-batrovci,2026-07-06T13:28,10,10 min,hak_croatia,2026-07-06T11:38:54+00:00
bajakovo-batrovci,2026-07-06T13:49,10,10 min,hak_croatia,2026-07-06T11:54:00+00:00
bajakovo-batrovci,2026-07-06T14:08,10,10 min,hak_croatia,2026-07-06T12:09:05+00:00
bajakovo-batrovci,2026-07-06T14:38,10,10 min,hak_croatia,2026-07-06T12:39:17+00:00
bajakovo-batrovci,2026-07-06T15:58,5,5 min,anonymous_,2026-07-06T14:09:49+00:00
bajakovo-batrovci,2026-07-06T16:53,15,15 min,anonymous_,2026-07-06T15:09:20+00:00
bajakovo-batrovci,2026-07-06T17:49,10,10 min,hak_croatia,2026-07-06T15:54:38+00:00
bajakovo-batrovci,2026-07-06T18:08,10,10 min,hak_croatia,2026-07-06T16:09:45+00:00
bajakovo-batrovci,2026-07-06T18:38,10,10 min,hak_croatia,2026-07-06T16:39:59+00:00
bajakovo-batrovci,2026-07-06T19:28,10,10 min,hak_croatia,2026-07-06T17:30:48+00:00
bajakovo-batrovci,2026-07-06T19:49,10,10 min,hak_croatia,2026-07-06T18:01:02+00:00
bajakovo-batrovci,2026-07-06T20:08,10,10 min,hak_croatia,2026-07-06T18:16:08+00:00
bajakovo-batrovci,2026-07-06T20:38,10,10 min,hak_croatia,2026-07-06T18:46:20+00:00
bajakovo-batrovci,2026-07-06T21:49,10,10 min,hak_croatia,2026-07-06T19:51:24+00:00
bajakovo-batrovci,2026-07-06T22:08,10,10 min,hak_croatia,2026-07-06T20:21:37+00:00
bajakovo-batrovci,2026-07-06T22:38,10,10 min,hak_croatia,2026-07-06T20:51:52+00:00
bajakovo-batrovci,2026-07-06T23:49,10,10 min,hak_croatia,2026-07-06T21:53:17+00:00
bajakovo-batrovci,2026-07-07T00:08,10,10 min,hak_croatia,2026-07-06T22:08:24+00:00
bajakovo-batrovci,2026-07-07T00:38,10,10 min,hak_croatia,2026-07-06T22:38:37+00:00
bajakovo-batrovci,2026-07-07T01:28,10,10 min,hak_croatia,2026-07-06T23:42:26+00:00
bajakovo-batrovci,2026-07-07T01:49,10,10 min,hak_croatia,2026-07-06T23:52:26+00:00
bajakovo-batrovci,2026-07-07T02:08,10,10 min,hak_croatia,2026-07-07T00:22:41+00:00
bajakovo-batrovci,2026-07-07T02:28,10,10 min,hak_croatia,2026-07-07T00:37:48+00:00
bajakovo-batrovci,2026-07-07T02:49,10,10 min,hak_croatia,2026-07-07T00:52:56+00:00
bajakovo-batrovci,2026-07-07T02:38,10,10 min,hak_croatia,2026-07-07T00:52:56+00:00
bajakovo-batrovci,2026-07-07T04:08,10,10 min,hak_croatia,2026-07-07T02:08:26+00:00
bajakovo-batrovci,2026-07-07T03:57,5,5 min,anonymous_,2026-07-07T02:08:26+00:00
bajakovo-batrovci,2026-07-07T04:38,10,10 min,hak_croatia,2026-07-07T02:38:41+00:00
bajakovo-batrovci,2026-07-07T06:08,10,10 min,hak_croatia,2026-07-07T04:09:16+00:00
bajakovo-batrovci,2026-07-07T05:56,5,5 min,anonymous_,2026-07-07T04:09:16+00:00
bajakovo-batrovci,2026-07-07T06:38,10,10 min,hak_croatia,2026-07-07T04:43:11+00:00
bajakovo-batrovci,2026-07-07T07:28,10,10 min,hak_croatia,2026-07-07T05:28:29+00:00
bajakovo-batrovci,2026-07-07T07:49,30,30 min,hak_croatia,2026-07-07T05:58:42+00:00
bajakovo-batrovci,2026-07-07T08:08,30,30 min,hak_croatia,2026-07-07T06:13:49+00:00
bajakovo-batrovci,2026-07-07T08:38,30,30 min,hak_croatia,2026-07-07T06:44:02+00:00
bajakovo-batrovci,2026-07-07T09:28,30,30 min,hak_croatia,2026-07-07T07:29:27+00:00
bajakovo-batrovci,2026-07-07T09:49,30,30 min,hak_croatia,2026-07-07T07:55:51+00:00
bajakovo-batrovci,2026-07-07T10:08,30,30 min,hak_croatia,2026-07-07T08:10:57+00:00
bajakovo-batrovci,2026-07-07T10:38,30,30 min,hak_croatia,2026-07-07T08:41:08+00:00
bajakovo-batrovci,2026-07-07T11:28,30,30 min,hak_croatia,2026-07-07T09:41:29+00:00
bajakovo-batrovci,2026-07-07T11:49,30,30 min,hak_croatia,2026-07-07T09:56:34+00:00
bajakovo-batrovci,2026-07-07T12:08,30,30 min,hak_croatia,2026-07-07T10:11:40+00:00
bajakovo-batrovci,2026-07-07T12:38,30,30 min,hak_croatia,2026-07-07T10:41:50+00:00
bajakovo-batrovci,2026-07-07T13:57,25,25 min,anonymous_,2026-07-07T12:02:55+00:00
bajakovo-batrovci,2026-07-07T14:35,40,40 min,anonymous,2026-07-07T12:48:14+00:00
bajakovo-batrovci,2026-07-07T16:08,30,30 min,hak_croatia,2026-07-07T14:15:03+00:00
bajakovo-batrovci,2026-07-07T15:55,35,35 min,anonymous_,2026-07-07T14:15:03+00:00
bajakovo-batrovci,2026-07-07T16:38,30,30 min,hak_croatia,2026-07-07T14:45:19+00:00
bajakovo-batrovci,2026-07-07T17:28,30,30 min,hak_croatia,2026-07-07T15:30:35+00:00
bajakovo-batrovci,2026-07-07T17:34,30,30 min,anonymous,2026-07-07T15:45:40+00:00
bajakovo-batrovci,2026-07-07T19:05,120,2 h,anonymous,2026-07-07T17:07:21+00:00
bajakovo-batrovci,2026-07-07T18:53,25,25 min,anonymous_,2026-07-07T17:07:21+00:00
bajakovo-batrovci,2026-07-07T20:25,90,1.5 h,anonymous_,2026-07-07T18:33:07+00:00
bajakovo-batrovci,2026-07-07T20:38,30,30 min,hak_croatia,2026-07-07T18:48:14+00:00
bajakovo-batrovci,2026-07-07T21:56,25,25 min,anonymous_,2026-07-07T20:03:47+00:00
bajakovo-batrovci,2026-07-07T22:56,20,20 min,anonymous_,2026-07-07T21:04:11+00:00
bajakovo-batrovci,2026-07-07T23:58,15,15 min,anonymous_,2026-07-07T22:02:37+00:00
bajakovo-batrovci,2026-07-08T00:58,10,10 min,anonymous_,2026-07-07T23:01:47+00:00
bajakovo-batrovci,2026-07-08T01:55,5,5 min,anonymous_,2026-07-08T00:11:41+00:00
bajakovo-batrovci,2026-07-08T02:58,10,10 min,anonymous_,2026-07-08T01:12:02+00:00
bajakovo-batrovci,2026-07-08T03:56,5,5 min,anonymous_,2026-07-08T02:14:52+00:00
bajakovo-batrovci,2026-07-08T04:54,15,15 min,anonymous_,2026-07-08T03:00:23+00:00
bajakovo-batrovci,2026-07-08T05:28,10,10 min,hak_croatia,2026-07-08T03:30:36+00:00
bajakovo-batrovci,2026-07-08T05:49,10,10 min,hak_croatia,2026-07-08T04:00:48+00:00
bajakovo-batrovci,2026-07-08T06:08,10,10 min,hak_croatia,2026-07-08T04:15:55+00:00
bajakovo-batrovci,2026-07-08T06:38,10,10 min,hak_croatia,2026-07-08T04:52:33+00:00
bajakovo-batrovci,2026-07-08T07:28,10,10 min,hak_croatia,2026-07-08T05:37:48+00:00
bajakovo-batrovci,2026-07-08T07:49,10,10 min,hak_croatia,2026-07-08T05:52:54+00:00
bajakovo-batrovci,2026-07-08T08:08,10,10 min,hak_croatia,2026-07-08T06:23:19+00:00
bajakovo-batrovci,2026-07-08T08:38,10,10 min,hak_croatia,2026-07-08T06:38:24+00:00
bajakovo-batrovci,2026-07-08T09:28,10,10 min,hak_croatia,2026-07-08T07:32:41+00:00
bajakovo-batrovci,2026-07-08T09:49,10,10 min,hak_croatia,2026-07-08T08:02:52+00:00
bajakovo-batrovci,2026-07-08T10:54,5,5 min,anonymous_,2026-07-08T09:03:13+00:00
bajakovo-batrovci,2026-07-08T11:34,10,10 min,anonymous,2026-07-08T09:42:01+00:00
bajakovo-batrovci,2026-07-08T12:54,5,5 min,anonymous_,2026-07-08T11:12:34+00:00
bajakovo-batrovci,2026-07-08T13:53,15,15 min,anonymous_,2026-07-08T12:09:24+00:00
bajakovo-batrovci,2026-07-08T14:39,90,1.5 h,anonymous,2026-07-08T12:39:36+00:00
bajakovo-batrovci,2026-07-08T15:27,35,35 min,anonymous,2026-07-08T13:33:24+00:00
bajakovo-batrovci,2026-07-08T16:25,30,30 min,anonymous_,2026-07-08T14:33:49+00:00
bajakovo-batrovci,2026-07-08T17:24,25,25 min,anonymous_,2026-07-08T15:34:14+00:00
bajakovo-batrovci,2026-07-08T18:28,20,20 min,anonymous_,2026-07-08T16:39:27+00:00
bajakovo-batrovci,2026-07-08T19:28,30,30 min,hak_croatia,2026-07-08T17:28:49+00:00
bajakovo-batrovci,2026-07-08T19:49,30,30 min,hak_croatia,2026-07-08T17:59:00+00:00
bajakovo-batrovci,2026-07-08T20:08,30,30 min,hak_croatia,2026-07-08T18:14:06+00:00
bajakovo-batrovci,2026-07-08T20:38,30,30 min,hak_croatia,2026-07-08T18:44:17+00:00
bajakovo-batrovci,2026-07-08T21:28,30,30 min,hak_croatia,2026-07-08T19:36:25+00:00
bajakovo-batrovci,2026-07-08T21:49,60,60 min,hak_croatia,2026-07-08T19:51:33+00:00
bajakovo-batrovci,2026-07-08T22:08,60,60 min,hak_croatia,2026-07-08T20:16:09+00:00
bajakovo-batrovci,2026-07-08T22:38,60,60 min,hak_croatia,2026-07-08T20:46:23+00:00
bajakovo-batrovci,2026-07-08T23:28,60,60 min,hak_croatia,2026-07-08T21:31:44+00:00
bajakovo-batrovci,2026-07-08T23:49,60,60 min,hak_croatia,2026-07-08T21:49:59+00:00
bajakovo-batrovci,2026-07-09T00:08,60,60 min,hak_croatia,2026-07-08T22:20:11+00:00
bajakovo-batrovci,2026-07-09T00:38,60,60 min,hak_croatia,2026-07-08T22:40:01+00:00
bajakovo-batrovci,2026-07-09T00:41,90,1.5 h,anonymous,2026-07-08T22:55:08+00:00
bajakovo-batrovci,2026-07-09T01:26,120,2 h,anonymous,2026-07-08T23:40:27+00:00
bajakovo-batrovci,2026-07-09T02:26,90,1.5 h,anonymous_,2026-07-09T00:40:11+00:00
bajakovo-batrovci,2026-07-09T03:14,90,1.5 h,anonymous,2026-07-09T01:25:26+00:00
bajakovo-batrovci,2026-07-09T04:28,60,60 min,anonymous_,2026-07-09T02:40:52+00:00
bajakovo-batrovci,2026-07-09T05:28,60,60 min,hak_croatia,2026-07-09T03:41:13+00:00
bajakovo-batrovci,2026-07-09T05:49,60,60 min,hak_croatia,2026-07-09T03:56:20+00:00
bajakovo-batrovci,2026-07-09T06:08,60,60 min,hak_croatia,2026-07-09T04:08:36+00:00
bajakovo-batrovci,2026-07-09T06:37,30,30 min,anonymous,2026-07-09T04:38:49+00:00
bajakovo-batrovci,2026-07-09T06:56,60,60 min,anonymous,2026-07-09T05:09:01+00:00
bajakovo-batrovci,2026-07-09T08:08,60,60 min,hak_croatia,2026-07-09T06:09:28+00:00
bajakovo-batrovci,2026-07-09T07:54,55,55 min,anonymous_,2026-07-09T06:09:28+00:00
bajakovo-batrovci,2026-07-09T08:38,60,60 min,hak_croatia,2026-07-09T06:39:41+00:00
bajakovo-batrovci,2026-07-09T09:11,90,1.5 h,anonymous,2026-07-09T07:25:01+00:00
bajakovo-batrovci,2026-07-09T10:38,90,1.5 h,hak_croatia,2026-07-09T08:41:46+00:00
bajakovo-batrovci,2026-07-09T10:27,60,60 min,anonymous_,2026-07-09T08:41:46+00:00
bajakovo-batrovci,2026-07-09T11:28,30,30 min,hak_croatia,2026-07-09T09:42:08+00:00
bajakovo-batrovci,2026-07-09T11:49,30,30 min,hak_croatia,2026-07-09T09:57:14+00:00
bajakovo-batrovci,2026-07-09T12:12,40,40 min,anonymous,2026-07-09T10:12:20+00:00
bajakovo-batrovci,2026-07-09T12:08,30,30 min,hak_croatia,2026-07-09T10:12:20+00:00
bajakovo-batrovci,2026-07-09T13:26,35,35 min,anonymous_,2026-07-09T11:36:20+00:00
bajakovo-batrovci,2026-07-09T13:49,30,30 min,hak_croatia,2026-07-09T11:51:27+00:00
bajakovo-batrovci,2026-07-09T13:59,30,30 min,anonymous,2026-07-09T12:06:34+00:00
bajakovo-batrovci,2026-07-09T14:58,25,25 min,anonymous_,2026-07-09T13:07:01+00:00
bajakovo-batrovci,2026-07-09T15:28,30,30 min,hak_croatia,2026-07-09T13:37:15+00:00
bajakovo-batrovci,2026-07-09T15:49,30,30 min,hak_croatia,2026-07-09T13:52:22+00:00
bajakovo-batrovci,2026-07-09T16:08,10,10 min,hak_croatia,2026-07-09T14:16:06+00:00
bajakovo-batrovci,2026-07-09T16:38,30,30 min,hak_croatia,2026-07-09T14:46:16+00:00
bajakovo-batrovci,2026-07-09T17:28,30,30 min,hak_croatia,2026-07-09T15:31:37+00:00
bajakovo-batrovci,2026-07-09T17:49,30,30 min,hak_croatia,2026-07-09T16:01:48+00:00
bajakovo-batrovci,2026-07-09T18:08,30,30 min,hak_croatia,2026-07-09T16:16:53+00:00
bajakovo-batrovci,2026-07-09T18:38,30,30 min,hak_croatia,2026-07-09T16:50:33+00:00
bajakovo-batrovci,2026-07-09T19:29,5,5 min,anonymous,2026-07-09T17:35:53+00:00
bajakovo-batrovci,2026-07-09T19:28,30,30 min,hak_croatia,2026-07-09T17:35:53+00:00
bajakovo-batrovci,2026-07-09T20:38,30,30 min,hak_croatia,2026-07-09T18:39:13+00:00
bajakovo-batrovci,2026-07-09T20:25,10,10 min,anonymous_,2026-07-09T18:39:13+00:00
bajakovo-batrovci,2026-07-09T21:28,30,30 min,hak_croatia,2026-07-09T19:39:33+00:00
bajakovo-batrovci,2026-07-09T21:49,30,30 min,hak_croatia,2026-07-09T19:54:38+00:00
bajakovo-batrovci,2026-07-09T22:59,25,25 min,anonymous_,2026-07-09T21:12:38+00:00
bajakovo-batrovci,2026-07-09T23:57,20,20 min,anonymous_,2026-07-09T22:06:28+00:00
bajakovo-batrovci,2026-07-10T00:57,15,15 min,anonymous_,2026-07-09T23:06:52+00:00
bajakovo-batrovci,2026-07-10T01:53,10,10 min,anonymous_,2026-07-10T00:05:33+00:00
bajakovo-batrovci,2026-07-10T02:53,5,5 min,anonymous_,2026-07-10T01:05:55+00:00
bajakovo-batrovci,2026-07-10T03:33,45,45 min,anonymous,2026-07-10T01:43:49+00:00
bajakovo-batrovci,2026-07-10T04:42,25,25 min,anonymous,2026-07-10T02:44:15+00:00
bajakovo-batrovci,2026-07-10T04:57,60,60 min,anonymous,2026-07-10T02:59:22+00:00
bajakovo-batrovci,2026-07-10T06:08,10,10 min,hak_croatia,2026-07-10T04:14:52+00:00
bajakovo-batrovci,2026-07-10T05:53,55,55 min,anonymous_,2026-07-10T04:14:52+00:00
bajakovo-batrovci,2026-07-10T06:38,10,10 min,hak_croatia,2026-07-10T04:45:17+00:00
bajakovo-batrovci,2026-07-10T07:05,60,60 min,anonymous,2026-07-10T05:12:26+00:00
bajakovo-batrovci,2026-07-10T08:38,10,10 min,hak_croatia,2026-07-10T06:43:00+00:00
bajakovo-batrovci,2026-07-10T08:26,55,55 min,anonymous_,2026-07-10T06:43:00+00:00
bajakovo-batrovci,2026-07-10T09:28,30,30 min,hak_croatia,2026-07-10T07:28:17+00:00
bajakovo-batrovci,2026-07-10T09:49,30,30 min,hak_croatia,2026-07-10T07:58:39+00:00
bajakovo-batrovci,2026-07-10T10:08,30,30 min,hak_croatia,2026-07-10T08:13:45+00:00
bajakovo-batrovci,2026-07-10T10:38,30,30 min,hak_croatia,2026-07-10T08:43:56+00:00
bajakovo-batrovci,2026-07-10T11:28,30,30 min,hak_croatia,2026-07-10T09:30:36+00:00
bajakovo-batrovci,2026-07-10T11:49,30,30 min,hak_croatia,2026-07-10T10:00:47+00:00
bajakovo-batrovci,2026-07-10T12:08,30,30 min,hak_croatia,2026-07-10T10:15:53+00:00
bajakovo-batrovci,2026-07-10T12:38,30,30 min,hak_croatia,2026-07-10T10:46:04+00:00
bajakovo-batrovci,2026-07-10T13:28,10,10 min,hak_croatia,2026-07-10T11:31:21+00:00
bajakovo-batrovci,2026-07-10T13:49,10,10 min,hak_croatia,2026-07-10T11:52:24+00:00
bajakovo-batrovci,2026-07-10T14:11,10,10 min,anonymous,2026-07-10T12:22:37+00:00
bajakovo-batrovci,2026-07-10T14:08,10,10 min,hak_croatia,2026-07-10T12:22:37+00:00
bajakovo-batrovci,2026-07-10T15:23,5,5 min,anonymous_,2026-07-10T13:34:57+00:00
bajakovo-batrovci,2026-07-10T15:49,10,10 min,hak_croatia,2026-07-10T13:50:05+00:00
bajakovo-batrovci,2026-07-10T16:15,35,35 min,anonymous,2026-07-10T14:20:19+00:00
bajakovo-batrovci,2026-07-10T17:28,30,30 min,anonymous_,2026-07-10T15:35:56+00:00
bajakovo-batrovci,2026-07-10T17:49,10,10 min,hak_croatia,2026-07-10T15:51:03+00:00
bajakovo-batrovci,2026-07-10T18:09,180,3 h,anonymous,2026-07-10T16:17:01+00:00
bajakovo-batrovci,2026-07-10T18:08,10,10 min,hak_croatia,2026-07-10T16:17:01+00:00
bajakovo-batrovci,2026-07-10T18:24,10,10 min,anonymous,2026-07-10T16:32:08+00:00
bajakovo-batrovci,2026-07-10T19:24,5,5 min,anonymous_,2026-07-10T17:32:35+00:00
bajakovo-batrovci,2026-07-10T19:49,10,10 min,hak_croatia,2026-07-10T17:57:15+00:00
bajakovo-batrovci,2026-07-10T20:08,10,10 min,hak_croatia,2026-07-10T18:12:22+00:00
bajakovo-batrovci,2026-07-10T20:38,30,30 min,hak_croatia,2026-07-10T18:42:36+00:00
bajakovo-batrovci,2026-07-10T21:28,60,60 min,hak_croatia,2026-07-10T19:43:01+00:00
bajakovo-batrovci,2026-07-10T21:49,60,60 min,hak_croatia,2026-07-10T20:02:55+00:00
bajakovo-batrovci,2026-07-10T22:08,60,60 min,hak_croatia,2026-07-10T20:18:01+00:00
bajakovo-batrovci,2026-07-10T22:38,120,2 h,hak_croatia,2026-07-10T20:48:12+00:00
bajakovo-batrovci,2026-07-10T23:28,120,2 h,hak_croatia,2026-07-10T21:41:37+00:00
bajakovo-batrovci,2026-07-10T23:49,120,2 h,hak_croatia,2026-07-10T21:56:43+00:00
bajakovo-batrovci,2026-07-11T00:08,180,3 h,hak_croatia,2026-07-10T22:11:49+00:00
bajakovo-batrovci,2026-07-11T00:38,180,3 h,hak_croatia,2026-07-10T22:43:29+00:00
bajakovo-batrovci,2026-07-11T01:28,180,3 h,hak_croatia,2026-07-10T23:32:23+00:00
bajakovo-batrovci,2026-07-11T01:49,180,3 h,hak_croatia,2026-07-11T00:02:42+00:00
bajakovo-batrovci,2026-07-11T02:08,180,3 h,hak_croatia,2026-07-11T00:14:05+00:00
bajakovo-batrovci,2026-07-11T02:28,180,3 h,hak_croatia,2026-07-11T00:29:11+00:00
bajakovo-batrovci,2026-07-11T02:38,180,3 h,hak_croatia,2026-07-11T00:44:16+00:00
bajakovo-batrovci,2026-07-11T02:49,180,3 h,hak_croatia,2026-07-11T00:59:22+00:00
bajakovo-batrovci,2026-07-11T03:01,180,3 h,anonymous,2026-07-11T01:14:27+00:00
bajakovo-batrovci,2026-07-11T04:26,150,2.5 h,anonymous_,2026-07-11T02:44:59+00:00
bajakovo-batrovci,2026-07-11T05:24,120,2 h,anonymous_,2026-07-11T03:30:26+00:00
bajakovo-batrovci,2026-07-11T05:49,180,3 h,hak_croatia,2026-07-11T04:03:11+00:00
bajakovo-batrovci,2026-07-11T06:42,120,2 h,anonymous,2026-07-11T04:48:27+00:00
bajakovo-batrovci,2026-07-11T06:52,210,3.5 h,anonymous,2026-07-11T05:03:32+00:00
bajakovo-batrovci,2026-07-11T07:13,210,3.5 h,anonymous,2026-07-11T05:18:38+00:00
bajakovo-batrovci,2026-07-11T08:03,5,5 min,anonymous,2026-07-11T06:03:44+00:00
bajakovo-batrovci,2026-07-11T08:10,150,2.5 h,anonymous,2026-07-11T06:18:50+00:00
bajakovo-batrovci,2026-07-11T08:20,180,3 h,anonymous,2026-07-11T06:33:56+00:00
bajakovo-batrovci,2026-07-11T09:23,150,2.5 h,anonymous_,2026-07-11T07:34:16+00:00
bajakovo-batrovci,2026-07-11T10:08,180,3 h,hak_croatia,2026-07-11T08:10:24+00:00
bajakovo-batrovci,2026-07-11T10:38,180,3 h,hak_croatia,2026-07-11T08:40:36+00:00
bajakovo-batrovci,2026-07-11T11:59,150,2.5 h,anonymous_,2026-07-11T10:08:10+00:00
bajakovo-batrovci,2026-07-11T12:58,120,2 h,anonymous_,2026-07-11T11:08:44+00:00
bajakovo-batrovci,2026-07-11T13:48,210,3.5 h,anonymous,2026-07-11T12:01:27+00:00
bajakovo-batrovci,2026-07-11T14:40,120,2 h,anonymous,2026-07-11T12:54:54+00:00
bajakovo-batrovci,2026-07-11T15:51,270,4.5 h,anonymous,2026-07-11T13:55:22+00:00
bajakovo-batrovci,2026-07-11T16:01,360,6 h,anonymous,2026-07-11T14:13:36+00:00
bajakovo-batrovci,2026-07-11T17:02,120,2 h,anonymous,2026-07-11T15:09:21+00:00
bajakovo-batrovci,2026-07-11T18:38,90,1.5 h,hak_croatia,2026-07-11T16:43:34+00:00
bajakovo-batrovci,2026-07-11T18:25,90,1.5 h,anonymous_,2026-07-11T16:43:34+00:00
bajakovo-batrovci,2026-07-11T19:19,60,60 min,anonymous,2026-07-11T17:26:27+00:00
bajakovo-batrovci,2026-07-11T19:49,55,55 min,anonymous,2026-07-11T17:56:39+00:00
bajakovo-batrovci,2026-07-11T20:05,120,2 h,anonymous,2026-07-11T18:11:45+00:00
bajakovo-batrovci,2026-07-11T20:19,180,3 h,anonymous,2026-07-11T18:26:51+00:00
bajakovo-batrovci,2026-07-11T21:08,210,3.5 h,anonymous,2026-07-11T19:16:24+00:00
bajakovo-batrovci,2026-07-11T21:18,120,2 h,anonymous,2026-07-11T19:31:31+00:00
bajakovo-batrovci,2026-07-11T22:20,120,2 h,anonymous,2026-07-11T20:32:55+00:00
bajakovo-batrovci,2026-07-11T23:11,180,3 h,anonymous,2026-07-11T21:19:13+00:00
bajakovo-batrovci,2026-07-12T00:38,60,60 min,hak_croatia,2026-07-11T22:43:07+00:00
bajakovo-batrovci,2026-07-12T00:27,150,2.5 h,anonymous_,2026-07-11T22:43:07+00:00
bajakovo-batrovci,2026-07-12T01:28,60,60 min,hak_croatia,2026-07-11T23:28:24+00:00
bajakovo-batrovci,2026-07-12T01:49,60,60 min,hak_croatia,2026-07-12T00:03:38+00:00
bajakovo-batrovci,2026-07-12T02:10,60,60 min,anonymous,2026-07-12T00:18:45+00:00
bajakovo-batrovci,2026-07-12T02:08,10,10 min,hak_croatia,2026-07-12T00:18:45+00:00
bajakovo-batrovci,2026-07-12T03:29,55,55 min,anonymous_,2026-07-12T01:40:54+00:00
bajakovo-batrovci,2026-07-12T04:08,10,10 min,hak_croatia,2026-07-12T02:11:04+00:00
bajakovo-batrovci,2026-07-12T04:38,10,10 min,hak_croatia,2026-07-12T02:41:14+00:00
bajakovo-batrovci,2026-07-12T05:28,60,60 min,hak_croatia,2026-07-12T03:41:33+00:00
bajakovo-batrovci,2026-07-12T05:49,60,60 min,hak_croatia,2026-07-12T03:56:39+00:00
bajakovo-batrovci,2026-07-12T06:08,60,60 min,hak_croatia,2026-07-12T04:11:44+00:00
bajakovo-batrovci,2026-07-12T06:38,60,60 min,hak_croatia,2026-07-12T04:41:54+00:00
bajakovo-batrovci,2026-07-12T07:28,60,60 min,hak_croatia,2026-07-12T05:28:52+00:00
bajakovo-batrovci,2026-07-12T07:49,60,60 min,hak_croatia,2026-07-12T05:59:04+00:00
bajakovo-batrovci,2026-07-12T08:08,60,60 min,hak_croatia,2026-07-12T06:14:09+00:00
bajakovo-batrovci,2026-07-12T08:18,10,10 min,anonymous,2026-07-12T06:29:15+00:00
bajakovo-batrovci,2026-07-12T09:01,50,50 min,anonymous,2026-07-12T07:14:31+00:00
bajakovo-batrovci,2026-07-12T10:24,45,45 min,anonymous_,2026-07-12T08:36:04+00:00
bajakovo-batrovci,2026-07-12T10:38,30,30 min,hak_croatia,2026-07-12T08:51:09+00:00
bajakovo-batrovci,2026-07-12T11:28,30,30 min,hak_croatia,2026-07-12T09:38:20+00:00
bajakovo-batrovci,2026-07-12T11:49,30,30 min,hak_croatia,2026-07-12T09:53:27+00:00
bajakovo-batrovci,2026-07-12T12:08,30,30 min,hak_croatia,2026-07-12T10:08:34+00:00
bajakovo-batrovci,2026-07-12T12:38,30,30 min,hak_croatia,2026-07-12T10:38:47+00:00
bajakovo-batrovci,2026-07-12T13:24,90,1.5 h,anonymous,2026-07-12T11:28:27+00:00
bajakovo-batrovci,2026-07-12T13:59,45,45 min,anonymous,2026-07-12T12:05:51+00:00
bajakovo-batrovci,2026-07-12T14:55,40,40 min,anonymous_,2026-07-12T13:06:15+00:00
bajakovo-batrovci,2026-07-12T15:28,30,30 min,hak_croatia,2026-07-12T13:36:26+00:00
bajakovo-batrovci,2026-07-12T16:24,25,25 min,anonymous_,2026-07-12T14:37:51+00:00
bajakovo-batrovci,2026-07-12T17:29,60,60 min,anonymous,2026-07-12T15:39:54+00:00
bajakovo-batrovci,2026-07-12T17:28,30,30 min,hak_croatia,2026-07-12T15:39:54+00:00
bajakovo-batrovci,2026-07-12T18:24,90,1.5 h,anonymous,2026-07-12T16:31:06+00:00
bajakovo-batrovci,2026-07-12T19:23,60,60 min,anonymous_,2026-07-12T17:44:48+00:00
bajakovo-batrovci,2026-07-12T20:27,55,55 min,anonymous_,2026-07-12T18:30:08+00:00
bajakovo-batrovci,2026-07-12T21:28,60,60 min,hak_croatia,2026-07-12T19:31:58+00:00
bajakovo-batrovci,2026-07-12T21:49,60,60 min,hak_croatia,2026-07-12T20:01:16+00:00
bajakovo-batrovci,2026-07-12T22:16,60,60 min,anonymous,2026-07-12T20:16:22+00:00
bajakovo-batrovci,2026-07-12T22:09,5,5 min,anonymous,2026-07-12T20:16:22+00:00
bajakovo-batrovci,2026-07-12T22:08,60,60 min,hak_croatia,2026-07-12T20:16:22+00:00
bajakovo-batrovci,2026-07-12T23:27,55,55 min,anonymous_,2026-07-12T21:43:42+00:00
bajakovo-batrovci,2026-07-12T23:55,150,2.5 h,anonymous,2026-07-12T21:58:49+00:00
bajakovo-batrovci,2026-07-12T23:49,60,60 min,hak_croatia,2026-07-12T21:58:49+00:00
bajakovo-batrovci,2026-07-13T01:04,180,3 h,anonymous,2026-07-12T23:13:15+00:00
bajakovo-batrovci,2026-07-13T00:58,180,3 h,anonymous,2026-07-12T23:13:15+00:00
bajakovo-batrovci,2026-07-13T01:22,180,3 h,anonymous,2026-07-12T23:28:21+00:00
bajakovo-batrovci,2026-07-13T02:06,180,3 h,anonymous,2026-07-13T00:17:58+00:00
bajakovo-batrovci,2026-07-13T03:26,150,2.5 h,anonymous_,2026-07-13T01:40:50+00:00
bajakovo-batrovci,2026-07-13T03:41,180,3 h,anonymous,2026-07-13T01:55:56+00:00
bajakovo-batrovci,2026-07-13T04:54,150,2.5 h,anonymous_,2026-07-13T03:11:23+00:00
bajakovo-batrovci,2026-07-13T05:28,90,1.5 h,hak_croatia,2026-07-13T03:41:34+00:00
bajakovo-batrovci,2026-07-13T05:42,40,40 min,anonymous,2026-07-13T03:56:40+00:00
bajakovo-batrovci,2026-07-13T06:58,35,35 min,anonymous_,2026-07-13T05:05:49+00:00
bajakovo-batrovci,2026-07-13T07:28,60,60 min,hak_croatia,2026-07-13T05:36:02+00:00
bajakovo-batrovci,2026-07-13T08:10,5,5 min,anonymous,2026-07-13T06:21:21+00:00
bajakovo-batrovci,2026-07-13T09:33,120,2 h,anonymous,2026-07-13T07:37:16+00:00
bajakovo-batrovci,2026-07-13T09:32,30,30 min,anonymous,2026-07-13T07:37:16+00:00
bajakovo-batrovci,2026-07-13T09:22,5,5 min,anonymous,2026-07-13T07:37:16+00:00
bajakovo-batrovci,2026-07-13T09:55,210,3.5 h,anonymous,2026-07-13T08:00:46+00:00
bajakovo-batrovci,2026-07-13T10:58,180,3 h,anonymous_,2026-07-13T09:01:11+00:00
bajakovo-batrovci,2026-07-13T11:49,180,3 h,hak_croatia,2026-07-13T10:01:38+00:00
bajakovo-batrovci,2026-07-13T12:08,180,3 h,hak_croatia,2026-07-13T10:16:45+00:00
bajakovo-batrovci,2026-07-13T13:04,5,5 min,anonymous,2026-07-13T11:17:11+00:00
bajakovo-batrovci,2026-07-13T13:24,5,5 min,anonymous,2026-07-13T11:26:03+00:00
bajakovo-batrovci,2026-07-13T13:33,240,4 h,anonymous,2026-07-13T11:41:09+00:00
bajakovo-batrovci,2026-07-13T13:46,5,5 min,anonymous,2026-07-13T11:56:15+00:00
bajakovo-batrovci,2026-07-13T14:02,210,3.5 h,anonymous,2026-07-13T12:11:21+00:00
bajakovo-batrovci,2026-07-13T14:02,5,5 min,anonymous,2026-07-13T12:11:21+00:00
bajakovo-batrovci,2026-07-13T13:59,5,5 min,anonymous,2026-07-13T12:11:21+00:00
bajakovo-batrovci,2026-07-13T14:23,5,5 min,anonymous,2026-07-13T12:26:27+00:00
bajakovo-batrovci,2026-07-13T14:50,210,3.5 h,anonymous,2026-07-13T12:56:38+00:00
bajakovo-batrovci,2026-07-13T15:26,120,2 h,anonymous,2026-07-13T13:26:49+00:00
bajakovo-batrovci,2026-07-13T15:22,240,4 h,anonymous,2026-07-13T13:26:49+00:00
bajakovo-batrovci,2026-07-13T15:53,360,6 h,anonymous,2026-07-13T13:55:02+00:00
bajakovo-batrovci,2026-07-13T16:19,120,2 h,anonymous,2026-07-13T14:25:16+00:00
bajakovo-batrovci,2026-07-13T16:39,5,5 min,anonymous,2026-07-13T14:40:22+00:00
bajakovo-batrovci,2026-07-13T16:28,5,5 min,anonymous,2026-07-13T14:40:22+00:00
bajakovo-batrovci,2026-07-13T16:49,5,5 min,anonymous,2026-07-13T14:55:29+00:00
bajakovo-batrovci,2026-07-13T16:41,180,3 h,anonymous,2026-07-13T14:55:29+00:00
bajakovo-batrovci,2026-07-13T17:20,5,5 min,anonymous,2026-07-13T15:25:44+00:00
bajakovo-batrovci,2026-07-13T17:18,150,2.5 h,anonymous,2026-07-13T15:25:44+00:00
bajakovo-batrovci,2026-07-13T17:11,5,5 min,anonymous,2026-07-13T15:25:44+00:00
bajakovo-batrovci,2026-07-13T17:54,210,3.5 h,anonymous,2026-07-13T15:56:02+00:00
bajakovo-batrovci,2026-07-13T18:59,5,5 min,anonymous,2026-07-13T17:12:31+00:00
bajakovo-batrovci,2026-07-13T19:45,180,3 h,anonymous,2026-07-13T17:57:50+00:00
bajakovo-batrovci,2026-07-13T19:43,5,5 min,anonymous,2026-07-13T17:57:50+00:00
bajakovo-batrovci,2026-07-13T20:10,180,3 h,anonymous,2026-07-13T18:12:56+00:00
bajakovo-batrovci,2026-07-13T20:26,150,2.5 h,anonymous,2026-07-13T18:29:41+00:00
bajakovo-batrovci,2026-07-13T21:24,120,2 h,anonymous_,2026-07-13T19:30:09+00:00
bajakovo-batrovci,2026-07-13T21:49,120,2 h,hak_croatia,2026-07-13T19:54:35+00:00
bajakovo-batrovci,2026-07-13T22:08,120,2 h,hak_croatia,2026-07-13T20:09:43+00:00
bajakovo-batrovci,2026-07-13T22:29,240,4 h,anonymous,2026-07-13T20:39:56+00:00
bajakovo-batrovci,2026-07-13T23:28,210,3.5 h,anonymous_,2026-07-13T21:39:57+00:00
bajakovo-batrovci,2026-07-13T23:58,60,60 min,anonymous,2026-07-13T22:10:08+00:00
bajakovo-batrovci,2026-07-14T00:57,55,55 min,anonymous_,2026-07-13T23:00:07+00:00
bajakovo-batrovci,2026-07-14T01:59,50,50 min,anonymous_,2026-07-14T00:01:55+00:00
bajakovo-batrovci,2026-07-14T02:56,45,45 min,anonymous_,2026-07-14T01:11:52+00:00
bajakovo-batrovci,2026-07-14T03:57,40,40 min,anonymous_,2026-07-14T02:12:17+00:00
bajakovo-batrovci,2026-07-14T04:57,35,35 min,anonymous_,2026-07-14T03:12:43+00:00
bajakovo-batrovci,2026-07-14T05:55,60,60 min,anonymous,2026-07-14T03:56:20+00:00
bajakovo-batrovci,2026-07-14T06:54,55,55 min,anonymous_,2026-07-14T05:11:48+00:00
bajakovo-batrovci,2026-07-14T07:54,50,50 min,anonymous_,2026-07-14T06:00:09+00:00
bajakovo-batrovci,2026-07-14T08:56,45,45 min,anonymous_,2026-07-14T07:00:50+00:00
bajakovo-batrovci,2026-07-14T09:55,40,40 min,anonymous_,2026-07-14T08:01:19+00:00
bajakovo-batrovci,2026-07-14T10:15,10,10 min,anonymous,2026-07-14T08:16:25+00:00
bajakovo-batrovci,2026-07-14T10:18,15,15 min,anonymous,2026-07-14T08:25:10+00:00
bajakovo-batrovci,2026-07-14T11:29,10,10 min,anonymous_,2026-07-14T09:40:39+00:00
bajakovo-batrovci,2026-07-14T11:49,10,10 min,hak_croatia,2026-07-14T09:55:45+00:00
bajakovo-batrovci,2026-07-14T12:08,10,10 min,hak_croatia,2026-07-14T10:10:50+00:00
bajakovo-batrovci,2026-07-14T12:38,10,10 min,hak_croatia,2026-07-14T10:51:34+00:00
bajakovo-batrovci,2026-07-14T13:28,10,10 min,hak_croatia,2026-07-14T11:36:54+00:00
bajakovo-batrovci,2026-07-14T13:49,10,10 min,hak_croatia,2026-07-14T11:51:07+00:00
bajakovo-batrovci,2026-07-14T14:08,10,10 min,hak_croatia,2026-07-14T12:21:19+00:00
bajakovo-batrovci,2026-07-14T14:38,10,10 min,hak_croatia,2026-07-14T12:51:30+00:00
bajakovo-batrovci,2026-07-14T15:28,10,10 min,hak_croatia,2026-07-14T13:35:17+00:00
bajakovo-batrovci,2026-07-14T15:49,10,10 min,hak_croatia,2026-07-14T13:50:24+00:00
bajakovo-batrovci,2026-07-14T16:20,240,4 h,anonymous,2026-07-14T14:20:38+00:00
bajakovo-batrovci,2026-07-14T16:08,10,10 min,hak_croatia,2026-07-14T14:20:38+00:00
bajakovo-batrovci,2026-07-14T16:35,270,4.5 h,anonymous,2026-07-14T14:35:45+00:00
bajakovo-batrovci,2026-07-14T18:00,50,50 min,anonymous,2026-07-14T16:01:29+00:00
bajakovo-batrovci,2026-07-14T17:57,240,4 h,anonymous_,2026-07-14T16:01:29+00:00
bajakovo-batrovci,2026-07-14T18:43,270,4.5 h,anonymous,2026-07-14T16:54:22+00:00
bajakovo-batrovci,2026-07-14T18:43,35,35 min,anonymous,2026-07-14T16:54:22+00:00
bajakovo-batrovci,2026-07-14T19:02,300,5 h,anonymous,2026-07-14T17:09:29+00:00
bajakovo-batrovci,2026-07-14T20:26,120,2 h,anonymous,2026-07-14T18:29:22+00:00
bajakovo-batrovci,2026-07-14T20:49,25,25 min,anonymous,2026-07-14T18:53:27+00:00
bajakovo-batrovci,2026-07-14T21:19,240,4 h,anonymous,2026-07-14T19:23:41+00:00
bajakovo-batrovci,2026-07-14T21:25,240,4 h,anonymous,2026-07-14T19:38:48+00:00
bajakovo-batrovci,2026-07-14T21:43,5,5 min,anonymous,2026-07-14T19:53:55+00:00
bajakovo-batrovci,2026-07-14T22:32,240,4 h,anonymous,2026-07-14T20:35:19+00:00
bajakovo-batrovci,2026-07-14T22:53,240,4 h,anonymous,2026-07-14T21:05:31+00:00
bajakovo-batrovci,2026-07-14T23:17,5,5 min,anonymous,2026-07-14T21:20:37+00:00
bajakovo-batrovci,2026-07-15T00:28,15,15 min,anonymous_,2026-07-14T22:35:21+00:00
bajakovo-batrovci,2026-07-15T01:28,30,30 min,hak_croatia,2026-07-14T23:30:24+00:00
bajakovo-batrovci,2026-07-15T01:49,30,30 min,hak_croatia,2026-07-15T00:00:47+00:00
bajakovo-batrovci,2026-07-15T02:08,30,30 min,hak_croatia,2026-07-15T00:15:53+00:00
bajakovo-batrovci,2026-07-15T02:28,30,30 min,hak_croatia,2026-07-15T00:30:58+00:00
bajakovo-batrovci,2026-07-15T02:38,30,30 min,hak_croatia,2026-07-15T00:46:05+00:00
bajakovo-batrovci,2026-07-15T02:49,30,30 min,hak_croatia,2026-07-15T00:55:53+00:00
bajakovo-batrovci,2026-07-15T03:59,25,25 min,anonymous_,2026-07-15T02:11:18+00:00
bajakovo-batrovci,2026-07-15T04:38,30,30 min,hak_croatia,2026-07-15T02:41:29+00:00
bajakovo-batrovci,2026-07-15T05:28,60,60 min,hak_croatia,2026-07-15T03:41:48+00:00
bajakovo-batrovci,2026-07-15T05:49,60,60 min,hak_croatia,2026-07-15T03:56:53+00:00
bajakovo-batrovci,2026-07-15T06:08,60,60 min,hak_croatia,2026-07-15T04:11:59+00:00
bajakovo-batrovci,2026-07-15T06:38,60,60 min,hak_croatia,2026-07-15T04:44:39+00:00
bajakovo-batrovci,2026-07-15T07:28,60,60 min,hak_croatia,2026-07-15T05:29:56+00:00
bajakovo-batrovci,2026-07-15T07:58,5,5 min,anonymous,2026-07-15T06:00:07+00:00
bajakovo-batrovci,2026-07-15T07:49,60,60 min,hak_croatia,2026-07-15T06:00:07+00:00
bajakovo-batrovci,2026-07-15T08:13,5,5 min,anonymous,2026-07-15T06:15:24+00:00
bajakovo-batrovci,2026-07-15T08:25,5,5 min,anonymous,2026-07-15T06:30:31+00:00
bajakovo-batrovci,2026-07-15T08:37,5,5 min,anonymous,2026-07-15T06:47:58+00:00
bajakovo-batrovci,2026-07-15T08:57,5,5 min,anonymous,2026-07-15T07:03:04+00:00
bajakovo-batrovci,2026-07-15T09:13,60,60 min,anonymous,2026-07-15T07:18:10+00:00
bajakovo-batrovci,2026-07-15T09:29,5,5 min,anonymous,2026-07-15T07:33:17+00:00
bajakovo-batrovci,2026-07-15T09:43,150,2.5 h,anonymous,2026-07-15T07:48:23+00:00
bajakovo-batrovci,2026-07-15T09:43,5,5 min,anonymous,2026-07-15T07:48:23+00:00
bajakovo-batrovci,2026-07-15T09:37,60,60 min,anonymous,2026-07-15T07:48:23+00:00
bajakovo-batrovci,2026-07-15T10:00,5,5 min,anonymous,2026-07-15T08:03:29+00:00
bajakovo-batrovci,2026-07-15T10:36,5,5 min,anonymous,2026-07-15T08:48:46+00:00
bajakovo-batrovci,2026-07-15T10:54,5,5 min,anonymous,2026-07-15T08:57:37+00:00
bajakovo-batrovci,2026-07-15T10:59,5,5 min,anonymous,2026-07-15T09:12:43+00:00
bajakovo-batrovci,2026-07-15T11:25,60,60 min,anonymous,2026-07-15T09:27:49+00:00
bajakovo-batrovci,2026-07-15T11:17,5,5 min,anonymous,2026-07-15T09:27:49+00:00
bajakovo-batrovci,2026-07-15T11:41,5,5 min,anonymous,2026-07-15T09:42:55+00:00
bajakovo-batrovci,2026-07-15T11:39,5,5 min,anonymous,2026-07-15T09:42:55+00:00
bajakovo-batrovci,2026-07-15T11:35,5,5 min,anonymous,2026-07-15T09:42:55+00:00
bajakovo-batrovci,2026-07-15T12:04,5,5 min,anonymous,2026-07-15T10:13:07+00:00
bajakovo-batrovci,2026-07-15T12:20,5,5 min,anonymous,2026-07-15T10:28:13+00:00
bajakovo-batrovci,2026-07-15T12:34,180,3 h,anonymous,2026-07-15T10:43:18+00:00
bajakovo-batrovci,2026-07-15T12:32,90,1.5 h,anonymous,2026-07-15T10:43:18+00:00
bajakovo-batrovci,2026-07-15T12:46,5,5 min,anonymous,2026-07-15T10:58:24+00:00
bajakovo-batrovci,2026-07-15T13:47,210,3.5 h,anonymous,2026-07-15T12:01:01+00:00
bajakovo-batrovci,2026-07-15T14:19,60,60 min,anonymous,2026-07-15T12:23:05+00:00
bajakovo-batrovci,2026-07-15T14:18,90,1.5 h,anonymous,2026-07-15T12:23:05+00:00
bajakovo-batrovci,2026-07-15T14:54,60,60 min,anonymous,2026-07-15T13:08:28+00:00
bajakovo-batrovci,2026-07-15T15:23,210,3.5 h,anonymous,2026-07-15T13:23:34+00:00
bajakovo-batrovci,2026-07-15T15:44,5,5 min,anonymous,2026-07-15T13:53:47+00:00
bajakovo-batrovci,2026-07-15T16:06,120,2 h,anonymous,2026-07-15T14:08:53+00:00
bajakovo-batrovci,2026-07-15T16:23,5,5 min,anonymous,2026-07-15T14:23:47+00:00
bajakovo-batrovci,2026-07-15T16:13,90,1.5 h,anonymous,2026-07-15T14:23:47+00:00
bajakovo-batrovci,2026-07-15T16:09,5,5 min,anonymous,2026-07-15T14:23:47+00:00
bajakovo-batrovci,2026-07-15T16:24,90,1.5 h,anonymous,2026-07-15T14:39:02+00:00
bajakovo-batrovci,2026-07-15T17:09,120,2 h,anonymous,2026-07-15T15:24:24+00:00
bajakovo-batrovci,2026-07-15T17:25,150,2.5 h,anonymous,2026-07-15T15:39:31+00:00
bajakovo-batrovci,2026-07-15T18:28,120,2 h,anonymous_,2026-07-15T16:36:39+00:00
bajakovo-batrovci,2026-07-15T18:38,60,60 min,hak_croatia,2026-07-15T16:51:45+00:00
bajakovo-batrovci,2026-07-15T19:28,60,60 min,hak_croatia,2026-07-15T17:36:27+00:00
bajakovo-batrovci,2026-07-15T19:49,60,60 min,hak_croatia,2026-07-15T17:51:34+00:00
bajakovo-batrovci,2026-07-15T20:21,45,45 min,anonymous,2026-07-15T18:21:55+00:00
bajakovo-batrovci,2026-07-15T20:20,5,5 min,anonymous,2026-07-15T18:21:55+00:00
bajakovo-batrovci,2026-07-15T20:41,5,5 min,anonymous,2026-07-15T18:44:11+00:00
bajakovo-batrovci,2026-07-15T21:53,15,15 min,anonymous_,2026-07-15T20:12:28+00:00
bajakovo-batrovci,2026-07-15T22:53,10,10 min,anonymous_,2026-07-15T21:12:06+00:00
bajakovo-batrovci,2026-07-15T23:57,5,5 min,anonymous_,2026-07-15T22:12:29+00:00
bajakovo-batrovci,2026-07-16T00:58,15,15 min,anonymous_,2026-07-15T23:11:06+00:00
bajakovo-batrovci,2026-07-16T01:49,60,60 min,hak_croatia,2026-07-15T23:50:54+00:00
bajakovo-batrovci,2026-07-16T01:58,210,3.5 h,anonymous,2026-07-16T00:06:00+00:00
bajakovo-batrovci,2026-07-16T02:08,30,30 min,anonymous,2026-07-16T00:21:06+00:00
bajakovo-batrovci,2026-07-16T03:26,25,25 min,anonymous_,2026-07-16T01:35:30+00:00
bajakovo-batrovci,2026-07-16T04:08,60,60 min,hak_croatia,2026-07-16T02:20:50+00:00
bajakovo-batrovci,2026-07-16T04:38,60,60 min,hak_croatia,2026-07-16T02:51:03+00:00
bajakovo-batrovci,2026-07-16T05:28,60,60 min,hak_croatia,2026-07-16T03:36:20+00:00
bajakovo-batrovci,2026-07-16T05:49,60,60 min,hak_croatia,2026-07-16T03:51:27+00:00
bajakovo-batrovci,2026-07-16T06:08,90,1.5 h,hak_croatia,2026-07-16T04:21:39+00:00
bajakovo-batrovci,2026-07-16T06:38,90,1.5 h,hak_croatia,2026-07-16T04:52:45+00:00
bajakovo-batrovci,2026-07-16T07:28,90,1.5 h,hak_croatia,2026-07-16T05:38:03+00:00
bajakovo-batrovci,2026-07-16T07:49,90,1.5 h,hak_croatia,2026-07-16T05:53:09+00:00
bajakovo-batrovci,2026-07-16T08:08,120,2 h,hak_croatia,2026-07-16T06:08:16+00:00
bajakovo-batrovci,2026-07-16T08:38,120,2 h,hak_croatia,2026-07-16T06:38:37+00:00
bajakovo-batrovci,2026-07-16T09:00,180,3 h,anonymous,2026-07-16T07:06:06+00:00
bajakovo-batrovci,2026-07-16T09:59,150,2.5 h,anonymous_,2026-07-16T08:06:30+00:00
bajakovo-batrovci,2026-07-16T10:21,5,5 min,anonymous,2026-07-16T08:21:37+00:00
bajakovo-batrovci,2026-07-16T10:08,120,2 h,hak_croatia,2026-07-16T08:21:37+00:00
bajakovo-batrovci,2026-07-16T10:36,180,3 h,anonymous,2026-07-16T08:36:51+00:00
bajakovo-batrovci,2026-07-16T10:42,180,3 h,anonymous,2026-07-16T08:51:58+00:00
bajakovo-batrovci,2026-07-16T10:38,5,5 min,anonymous,2026-07-16T08:51:58+00:00
bajakovo-batrovci,2026-07-16T10:54,5,5 min,anonymous,2026-07-16T09:07:05+00:00
bajakovo-batrovci,2026-07-16T11:51,120,2 h,anonymous,2026-07-16T09:56:02+00:00
bajakovo-batrovci,2026-07-16T11:46,5,5 min,anonymous,2026-07-16T09:56:02+00:00
bajakovo-batrovci,2026-07-16T11:44,150,2.5 h,anonymous,2026-07-16T09:56:02+00:00
bajakovo-batrovci,2026-07-16T12:02,5,5 min,anonymous,2026-07-16T10:11:16+00:00
bajakovo-batrovci,2026-07-16T11:56,5,5 min,anonymous,2026-07-16T10:11:16+00:00
bajakovo-batrovci,2026-07-16T12:40,240,4 h,anonymous,2026-07-16T10:41:29+00:00
bajakovo-batrovci,2026-07-16T12:34,5,5 min,anonymous,2026-07-16T10:41:29+00:00
bajakovo-batrovci,2026-07-16T12:29,240,4 h,anonymous,2026-07-16T10:41:29+00:00
bajakovo-batrovci,2026-07-16T13:09,60,60 min,anonymous,2026-07-16T11:11:41+00:00
bajakovo-batrovci,2026-07-16T13:08,5,5 min,anonymous,2026-07-16T11:11:41+00:00
bajakovo-batrovci,2026-07-16T12:58,5,5 min,anonymous,2026-07-16T11:11:41+00:00
bajakovo-batrovci,2026-07-16T13:14,5,5 min,anonymous,2026-07-16T11:20:13+00:00
bajakovo-batrovci,2026-07-16T13:30,5,5 min,anonymous,2026-07-16T11:35:20+00:00
bajakovo-batrovci,2026-07-16T13:25,5,5 min,anonymous,2026-07-16T11:35:20+00:00
bajakovo-batrovci,2026-07-16T13:48,5,5 min,anonymous,2026-07-16T11:50:26+00:00
bajakovo-batrovci,2026-07-16T13:57,5,5 min,anonymous,2026-07-16T12:05:33+00:00
bajakovo-batrovci,2026-07-16T13:55,60,60 min,anonymous,2026-07-16T12:05:33+00:00
bajakovo-batrovci,2026-07-16T13:52,5,5 min,anonymous,2026-07-16T12:05:33+00:00
bajakovo-batrovci,2026-07-16T14:32,120,2 h,anonymous,2026-07-16T12:35:47+00:00
bajakovo-batrovci,2026-07-16T14:31,120,2 h,anonymous,2026-07-16T12:35:47+00:00
bajakovo-batrovci,2026-07-16T14:25,90,1.5 h,anonymous,2026-07-16T12:35:47+00:00
bajakovo-batrovci,2026-07-16T14:55,180,3 h,anonymous,2026-07-16T12:57:03+00:00
bajakovo-batrovci,2026-07-16T15:11,5,5 min,anonymous,2026-07-16T13:12:09+00:00
bajakovo-batrovci,2026-07-16T15:15,5,5 min,anonymous,2026-07-16T13:27:15+00:00
bajakovo-batrovci,2026-07-16T15:47,5,5 min,anonymous,2026-07-16T13:57:27+00:00
bajakovo-batrovci,2026-07-16T16:21,210,3.5 h,anonymous,2026-07-16T14:27:40+00:00
bajakovo-batrovci,2026-07-16T16:16,90,1.5 h,anonymous,2026-07-16T14:27:40+00:00
bajakovo-batrovci,2026-07-16T17:27,180,3 h,anonymous_,2026-07-16T15:40:59+00:00
bajakovo-batrovci,2026-07-16T18:06,5,5 min,anonymous,2026-07-16T16:11:14+00:00
bajakovo-batrovci,2026-07-16T18:19,240,4 h,anonymous,2026-07-16T16:26:21+00:00
bajakovo-batrovci,2026-07-16T18:18,5,5 min,anonymous,2026-07-16T16:26:21+00:00
bajakovo-batrovci,2026-07-16T18:35,5,5 min,anonymous,2026-07-16T16:41:28+00:00
bajakovo-batrovci,2026-07-16T18:44,5,5 min,anonymous,2026-07-16T16:45:51+00:00
bajakovo-batrovci,2026-07-16T18:54,90,1.5 h,anonymous,2026-07-16T17:01:06+00:00
bajakovo-batrovci,2026-07-16T19:10,5,5 min,anonymous,2026-07-16T17:16:14+00:00
bajakovo-batrovci,2026-07-16T19:07,5,5 min,anonymous,2026-07-16T17:16:14+00:00
bajakovo-batrovci,2026-07-16T19:21,5,5 min,anonymous,2026-07-16T17:31:21+00:00
bajakovo-batrovci,2026-07-16T19:19,150,2.5 h,anonymous,2026-07-16T17:31:21+00:00
bajakovo-batrovci,2026-07-16T19:45,180,3 h,anonymous,2026-07-16T17:46:28+00:00
bajakovo-batrovci,2026-07-16T20:18,5,5 min,anonymous,2026-07-16T18:27:01+00:00
bajakovo-batrovci,2026-07-16T20:39,180,3 h,anonymous,2026-07-16T18:42:08+00:00
bajakovo-batrovci,2026-07-16T20:51,90,1.5 h,anonymous,2026-07-16T18:57:15+00:00
bajakovo-batrovci,2026-07-16T21:39,5,5 min,anonymous,2026-07-16T19:46:41+00:00
bajakovo-batrovci,2026-07-16T21:56,90,1.5 h,anonymous,2026-07-16T20:01:47+00:00
bajakovo-batrovci,2026-07-16T22:05,5,5 min,anonymous,2026-07-16T20:16:53+00:00
bajakovo-batrovci,2026-07-16T22:02,60,60 min,anonymous,2026-07-16T20:16:53+00:00
bajakovo-batrovci,2026-07-16T22:20,180,3 h,anonymous,2026-07-16T20:30:44+00:00
bajakovo-batrovci,2026-07-16T22:33,5,5 min,anonymous,2026-07-16T20:45:49+00:00
bajakovo-batrovci,2026-07-16T23:02,5,5 min,anonymous,2026-07-16T21:16:01+00:00
bajakovo-batrovci,2026-07-16T23:33,5,5 min,anonymous,2026-07-16T21:40:43+00:00
bajakovo-batrovci,2026-07-16T23:31,120,2 h,anonymous,2026-07-16T21:40:43+00:00
bajakovo-batrovci,2026-07-17T00:58,90,1.5 h,anonymous,2026-07-16T23:12:58+00:00
bajakovo-batrovci,2026-07-17T02:08,120,2 h,hak_croatia,2026-07-17T00:13:06+00:00
bajakovo-batrovci,2026-07-17T01:56,60,60 min,anonymous_,2026-07-17T00:13:06+00:00
bajakovo-batrovci,2026-07-17T02:28,120,2 h,hak_croatia,2026-07-17T00:28:12+00:00
bajakovo-batrovci,2026-07-17T02:38,120,2 h,hak_croatia,2026-07-17T00:43:36+00:00
bajakovo-batrovci,2026-07-17T03:27,360,6 h,anonymous,2026-07-17T01:30:59+00:00
bajakovo-batrovci,2026-07-17T04:12,180,3 h,anonymous,2026-07-17T02:16:15+00:00
bajakovo-batrovci,2026-07-17T05:29,150,2.5 h,anonymous_,2026-07-17T03:31:42+00:00
bajakovo-batrovci,2026-07-17T05:49,120,2 h,hak_croatia,2026-07-17T04:01:52+00:00
bajakovo-batrovci,2026-07-17T06:08,120,2 h,hak_croatia,2026-07-17T04:16:58+00:00
bajakovo-batrovci,2026-07-17T06:30,5,5 min,anonymous,2026-07-17T04:30:22+00:00
bajakovo-batrovci,2026-07-17T06:50,10,10 min,anonymous,2026-07-17T05:00:35+00:00
bajakovo-batrovci,2026-07-17T07:44,150,2.5 h,anonymous,2026-07-17T05:45:55+00:00
bajakovo-batrovci,2026-07-17T07:50,5,5 min,anonymous,2026-07-17T06:01:01+00:00
bajakovo-batrovci,2026-07-17T08:09,150,2.5 h,anonymous,2026-07-17T06:16:08+00:00
bajakovo-batrovci,2026-07-17T08:26,150,2.5 h,anonymous,2026-07-17T06:31:15+00:00
bajakovo-batrovci,2026-07-17T08:17,150,2.5 h,anonymous,2026-07-17T06:31:15+00:00
bajakovo-batrovci,2026-07-17T08:16,90,1.5 h,anonymous,2026-07-17T06:31:15+00:00
bajakovo-batrovci,2026-07-17T09:00,5,5 min,anonymous,2026-07-17T07:00:52+00:00
bajakovo-batrovci,2026-07-17T08:53,180,3 h,anonymous,2026-07-17T07:00:52+00:00
bajakovo-batrovci,2026-07-17T08:48,5,5 min,anonymous,2026-07-17T07:00:52+00:00
bajakovo-batrovci,2026-07-17T09:15,5,5 min,anonymous,2026-07-17T07:16:32+00:00
bajakovo-batrovci,2026-07-17T09:41,5,5 min,anonymous,2026-07-17T07:46:45+00:00
bajakovo-batrovci,2026-07-17T09:36,5,5 min,anonymous,2026-07-17T07:46:45+00:00
bajakovo-batrovci,2026-07-17T09:33,150,2.5 h,anonymous,2026-07-17T07:46:45+00:00
bajakovo-batrovci,2026-07-17T09:47,180,3 h,anonymous,2026-07-17T08:01:52+00:00
bajakovo-batrovci,2026-07-17T10:11,5,5 min,anonymous,2026-07-17T08:16:59+00:00
bajakovo-batrovci,2026-07-17T10:11,60,60 min,anonymous,2026-07-17T08:16:59+00:00
bajakovo-batrovci,2026-07-17T10:03,300,5 h,anonymous,2026-07-17T08:16:59+00:00
bajakovo-batrovci,2026-07-17T10:23,5,5 min,anonymous,2026-07-17T08:32:06+00:00
bajakovo-batrovci,2026-07-17T10:42,150,2.5 h,anonymous,2026-07-17T08:47:13+00:00
bajakovo-batrovci,2026-07-17T11:01,5,5 min,anonymous,2026-07-17T09:02:20+00:00
bajakovo-batrovci,2026-07-17T10:48,5,5 min,anonymous,2026-07-17T09:02:20+00:00
bajakovo-batrovci,2026-07-17T11:08,5,5 min,anonymous,2026-07-17T09:17:28+00:00
bajakovo-batrovci,2026-07-17T11:07,5,5 min,anonymous,2026-07-17T09:17:28+00:00
bajakovo-batrovci,2026-07-17T11:24,5,5 min,anonymous,2026-07-17T09:33:50+00:00
bajakovo-batrovci,2026-07-17T11:56,5,5 min,anonymous,2026-07-17T10:04:06+00:00
bajakovo-batrovci,2026-07-17T11:53,180,3 h,anonymous,2026-07-17T10:04:06+00:00
bajakovo-batrovci,2026-07-17T12:31,5,5 min,anonymous,2026-07-17T10:34:20+00:00
bajakovo-batrovci,2026-07-17T12:25,180,3 h,anonymous,2026-07-17T10:34:20+00:00
bajakovo-batrovci,2026-07-17T12:56,5,5 min,anonymous,2026-07-17T10:59:33+00:00
bajakovo-batrovci,2026-07-17T12:50,120,2 h,anonymous,2026-07-17T10:59:33+00:00
bajakovo-batrovci,2026-07-17T13:15,5,5 min,anonymous,2026-07-17T11:29:44+00:00
bajakovo-batrovci,2026-07-17T13:34,5,5 min,anonymous,2026-07-17T11:44:50+00:00
bajakovo-batrovci,2026-07-17T14:10,5,5 min,anonymous,2026-07-17T12:15:02+00:00
bajakovo-batrovci,2026-07-17T14:09,120,2 h,anonymous,2026-07-17T12:15:02+00:00
bajakovo-batrovci,2026-07-17T14:17,5,5 min,anonymous,2026-07-17T12:18:57+00:00
bajakovo-batrovci,2026-07-17T14:56,120,2 h,anonymous,2026-07-17T13:04:18+00:00
bajakovo-batrovci,2026-07-17T15:08,5,5 min,anonymous,2026-07-17T13:19:26+00:00
bajakovo-batrovci,2026-07-17T15:20,5,5 min,anonymous,2026-07-17T13:34:33+00:00
bajakovo-batrovci,2026-07-17T15:35,5,5 min,anonymous,2026-07-17T13:49:40+00:00
bajakovo-batrovci,2026-07-17T16:24,120,2 h,anonymous,2026-07-17T14:38:43+00:00
bajakovo-batrovci,2026-07-17T17:24,90,1.5 h,anonymous_,2026-07-17T15:39:06+00:00
bajakovo-batrovci,2026-07-17T17:59,90,1.5 h,anonymous,2026-07-17T16:03:53+00:00
bajakovo-batrovci,2026-07-17T18:58,60,60 min,anonymous_,2026-07-17T17:09:46+00:00
bajakovo-batrovci,2026-07-17T19:28,90,1.5 h,hak_croatia,2026-07-17T17:39:56+00:00
bajakovo-batrovci,2026-07-17T19:49,90,1.5 h,hak_croatia,2026-07-17T17:55:03+00:00
bajakovo-batrovci,2026-07-17T20:08,90,1.5 h,hak_croatia,2026-07-17T18:10:09+00:00
bajakovo-batrovci,2026-07-17T20:38,90,1.5 h,hak_croatia,2026-07-17T18:44:42+00:00
bajakovo-batrovci,2026-07-17T20:59,150,2.5 h,anonymous,2026-07-17T18:59:49+00:00
bajakovo-batrovci,2026-07-17T20:56,5,5 min,anonymous,2026-07-17T18:59:49+00:00
bajakovo-batrovci,2026-07-17T20:54,5,5 min,anonymous,2026-07-17T18:59:49+00:00
bajakovo-batrovci,2026-07-17T21:54,120,2 h,anonymous_,2026-07-17T20:07:08+00:00
bajakovo-batrovci,2026-07-17T22:56,90,1.5 h,anonymous_,2026-07-17T21:01:34+00:00
bajakovo-batrovci,2026-07-17T23:42,90,1.5 h,anonymous,2026-07-17T21:57:10+00:00
bajakovo-batrovci,2026-07-18T00:54,60,60 min,anonymous_,2026-07-17T23:12:55+00:00
bajakovo-batrovci,2026-07-18T01:28,60,60 min,hak_croatia,2026-07-17T23:30:20+00:00
bajakovo-batrovci,2026-07-18T01:41,120,2 h,anonymous,2026-07-17T23:45:34+00:00
bajakovo-batrovci,2026-07-18T02:15,600,10 h,anonymous,2026-07-18T00:15:48+00:00
bajakovo-batrovci,2026-07-18T02:14,420,7 h,anonymous,2026-07-18T00:15:48+00:00
bajakovo-batrovci,2026-07-18T02:11,240,4 h,anonymous,2026-07-18T00:15:48+00:00
bajakovo-batrovci,2026-07-18T02:27,390,6.5 h,anonymous,2026-07-18T00:30:55+00:00
bajakovo-batrovci,2026-07-18T02:35,45,45 min,anonymous,2026-07-18T00:46:02+00:00
bajakovo-batrovci,2026-07-18T02:33,270,4.5 h,anonymous,2026-07-18T00:46:02+00:00
bajakovo-batrovci,2026-07-18T03:16,30,30 min,anonymous,2026-07-18T01:17:42+00:00
bajakovo-batrovci,2026-07-18T03:11,180,3 h,anonymous,2026-07-18T01:17:42+00:00
bajakovo-batrovci,2026-07-18T03:26,240,4 h,anonymous,2026-07-18T01:32:48+00:00
bajakovo-batrovci,2026-07-18T04:09,270,4.5 h,anonymous,2026-07-18T02:18:07+00:00
bajakovo-batrovci,2026-07-18T04:29,360,6 h,anonymous,2026-07-18T02:33:14+00:00
bajakovo-batrovci,2026-07-18T05:27,330,5.5 h,anonymous_,2026-07-18T03:33:40+00:00
bajakovo-batrovci,2026-07-18T05:49,240,4 h,hak_croatia,2026-07-18T04:03:52+00:00
bajakovo-batrovci,2026-07-18T06:08,240,4 h,hak_croatia,2026-07-18T04:10:30+00:00
bajakovo-batrovci,2026-07-18T06:38,240,4 h,hak_croatia,2026-07-18T04:40:41+00:00
bajakovo-batrovci,2026-07-18T07:28,240,4 h,hak_croatia,2026-07-18T05:41:02+00:00
bajakovo-batrovci,2026-07-18T08:05,90,1.5 h,anonymous,2026-07-18T06:11:14+00:00
bajakovo-batrovci,2026-07-18T09:28,60,60 min,anonymous_,2026-07-18T07:40:04+00:00
bajakovo-batrovci,2026-07-18T09:47,30,30 min,anonymous,2026-07-18T07:55:11+00:00
bajakovo-batrovci,2026-07-18T10:05,240,4 h,anonymous,2026-07-18T08:10:22+00:00
bajakovo-batrovci,2026-07-18T09:56,180,3 h,anonymous,2026-07-18T08:10:22+00:00
bajakovo-batrovci,2026-07-18T10:18,5,5 min,anonymous,2026-07-18T08:25:22+00:00
bajakovo-batrovci,2026-07-18T10:31,240,4 h,anonymous,2026-07-18T08:40:29+00:00
bajakovo-batrovci,2026-07-18T10:27,240,4 h,anonymous,2026-07-18T08:40:29+00:00
bajakovo-batrovci,2026-07-18T11:08,420,7 h,anonymous,2026-07-18T09:10:43+00:00
bajakovo-batrovci,2026-07-18T11:06,330,5.5 h,anonymous,2026-07-18T09:10:43+00:00
bajakovo-batrovci,2026-07-18T11:23,480,8 h,anonymous,2026-07-18T09:25:50+00:00
bajakovo-batrovci,2026-07-18T11:41,510,8.5 h,anonymous,2026-07-18T09:56:05+00:00
bajakovo-batrovci,2026-07-18T12:09,540,9 h,anonymous,2026-07-18T10:17:41+00:00
bajakovo-batrovci,2026-07-18T12:40,780,13 h,anonymous,2026-07-18T10:47:52+00:00
bajakovo-batrovci,2026-07-18T12:51,750,12.5 h,anonymous,2026-07-18T11:02:58+00:00
bajakovo-batrovci,2026-07-18T13:35,750,12.5 h,anonymous,2026-07-18T11:45:55+00:00
bajakovo-batrovci,2026-07-18T13:56,780,13 h,anonymous,2026-07-18T12:01:02+00:00
bajakovo-batrovci,2026-07-18T14:48,780,13 h,anonymous,2026-07-18T12:54:20+00:00
bajakovo-batrovci,2026-07-18T15:07,660,11 h,anonymous,2026-07-18T13:09:26+00:00
bajakovo-batrovci,2026-07-18T16:22,780,13 h,anonymous,2026-07-18T14:24:24+00:00
bajakovo-batrovci,2026-07-18T16:37,780,13 h,anonymous,2026-07-18T14:39:31+00:00
bajakovo-batrovci,2026-07-18T18:08,10,10 min,hak_croatia,2026-07-18T16:08:21+00:00
bajakovo-batrovci,2026-07-18T17:56,750,12.5 h,anonymous_,2026-07-18T16:08:21+00:00
bajakovo-batrovci,2026-07-18T18:19,10,10 min,anonymous,2026-07-18T16:30:06+00:00
bajakovo-batrovci,2026-07-18T18:39,120,2 h,anonymous,2026-07-18T16:45:39+00:00
bajakovo-batrovci,2026-07-18T18:35,55,55 min,anonymous,2026-07-18T16:45:39+00:00
bajakovo-batrovci,2026-07-18T20:08,10,10 min,hak_croatia,2026-07-18T18:11:38+00:00
bajakovo-batrovci,2026-07-18T19:56,90,1.5 h,anonymous_,2026-07-18T18:11:38+00:00
bajakovo-batrovci,2026-07-18T20:16,180,3 h,anonymous,2026-07-18T18:26:43+00:00
bajakovo-batrovci,2026-07-18T20:58,60,60 min,anonymous,2026-07-18T19:02:43+00:00
bajakovo-batrovci,2026-07-18T21:15,240,4 h,anonymous,2026-07-18T19:17:51+00:00
bajakovo-batrovci,2026-07-18T21:08,45,45 min,anonymous,2026-07-18T19:17:51+00:00
bajakovo-batrovci,2026-07-18T21:39,240,4 h,anonymous,2026-07-18T19:47:18+00:00
bajakovo-batrovci,2026-07-18T21:34,5,5 min,anonymous,2026-07-18T19:47:18+00:00
bajakovo-batrovci,2026-07-18T21:51,360,6 h,anonymous,2026-07-18T20:02:24+00:00
bajakovo-batrovci,2026-07-18T22:23,240,4 h,anonymous,2026-07-18T20:32:35+00:00
bajakovo-batrovci,2026-07-18T22:45,50,50 min,anonymous,2026-07-18T20:48:15+00:00
bajakovo-batrovci,2026-07-18T23:17,240,4 h,anonymous,2026-07-18T21:18:27+00:00
bajakovo-batrovci,2026-07-18T23:50,360,6 h,anonymous,2026-07-18T22:01:44+00:00
bajakovo-batrovci,2026-07-19T00:54,330,5.5 h,anonymous_,2026-07-18T23:13:47+00:00
bajakovo-batrovci,2026-07-19T01:23,600,10 h,anonymous,2026-07-18T23:28:54+00:00
bajakovo-batrovci,2026-07-19T01:22,450,7.5 h,anonymous,2026-07-18T23:28:54+00:00
bajakovo-batrovci,2026-07-19T02:14,630,10.5 h,anonymous,2026-07-19T00:17:47+00:00
bajakovo-batrovci,2026-07-19T02:39,780,13 h,anonymous,2026-07-19T00:48:05+00:00
bajakovo-batrovci,2026-07-19T02:38,750,12.5 h,anonymous,2026-07-19T00:48:05+00:00
bajakovo-batrovci,2026-07-19T02:57,780,13 h,anonymous,2026-07-19T01:03:11+00:00
bajakovo-batrovci,2026-07-19T03:07,780,13 h,anonymous,2026-07-19T01:07:12+00:00
bajakovo-batrovci,2026-07-19T03:12,780,13 h,anonymous,2026-07-19T01:22:25+00:00
bajakovo-batrovci,2026-07-19T04:12,780,13 h,anonymous,2026-07-19T02:22:51+00:00
bajakovo-batrovci,2026-07-19T05:29,750,12.5 h,anonymous_,2026-07-19T03:38:24+00:00
bajakovo-batrovci,2026-07-19T06:06,600,10 h,anonymous,2026-07-19T04:08:36+00:00
bajakovo-batrovci,2026-07-19T07:31,600,10 h,anonymous,2026-07-19T05:33:07+00:00
bajakovo-batrovci,2026-07-19T07:29,600,10 h,anonymous,2026-07-19T05:33:07+00:00
bajakovo-batrovci,2026-07-19T07:19,600,10 h,anonymous,2026-07-19T05:33:07+00:00
bajakovo-batrovci,2026-07-19T07:47,540,9 h,anonymous,2026-07-19T05:48:16+00:00
bajakovo-batrovci,2026-07-19T07:37,720,12 h,anonymous,2026-07-19T05:48:16+00:00
bajakovo-batrovci,2026-07-19T08:06,5,5 min,anonymous,2026-07-19T06:18:28+00:00
bajakovo-batrovci,2026-07-19T08:06,180,3 h,anonymous,2026-07-19T06:18:28+00:00
bajakovo-batrovci,2026-07-19T08:05,360,6 h,anonymous,2026-07-19T06:18:28+00:00
bajakovo-batrovci,2026-07-19T08:29,5,5 min,anonymous,2026-07-19T06:33:34+00:00
bajakovo-batrovci,2026-07-19T08:28,55,55 min,anonymous,2026-07-19T06:33:34+00:00
bajakovo-batrovci,2026-07-19T08:25,30,30 min,anonymous,2026-07-19T06:33:34+00:00
bajakovo-batrovci,2026-07-19T08:43,5,5 min,anonymous,2026-07-19T06:48:40+00:00
bajakovo-batrovci,2026-07-19T08:51,55,55 min,anonymous,2026-07-19T07:03:46+00:00
bajakovo-batrovci,2026-07-19T09:04,5,5 min,anonymous,2026-07-19T07:10:04+00:00
bajakovo-batrovci,2026-07-19T09:19,60,60 min,anonymous,2026-07-19T07:25:11+00:00
bajakovo-batrovci,2026-07-19T09:51,60,60 min,anonymous,2026-07-19T07:55:23+00:00
bajakovo-batrovci,2026-07-19T09:48,5,5 min,anonymous,2026-07-19T07:55:23+00:00
bajakovo-batrovci,2026-07-19T10:00,5,5 min,anonymous,2026-07-19T08:10:35+00:00
bajakovo-batrovci,2026-07-19T10:16,5,5 min,anonymous,2026-07-19T08:25:42+00:00
bajakovo-batrovci,2026-07-19T10:15,60,60 min,anonymous,2026-07-19T08:25:42+00:00
bajakovo-batrovci,2026-07-19T10:13,180,3 h,anonymous,2026-07-19T08:25:42+00:00
bajakovo-batrovci,2026-07-19T10:26,90,1.5 h,anonymous,2026-07-19T08:40:48+00:00
bajakovo-batrovci,2026-07-19T11:05,270,4.5 h,anonymous,2026-07-19T09:11:24+00:00
bajakovo-batrovci,2026-07-19T11:37,360,6 h,anonymous,2026-07-19T09:52:31+00:00
bajakovo-batrovci,2026-07-19T11:56,600,10 h,anonymous,2026-07-19T10:07:39+00:00
bajakovo-batrovci,2026-07-19T12:17,690,11.5 h,anonymous,2026-07-19T10:22:46+00:00
bajakovo-batrovci,2026-07-19T12:17,510,8.5 h,anonymous,2026-07-19T10:22:46+00:00
bajakovo-batrovci,2026-07-19T12:16,360,6 h,anonymous,2026-07-19T10:22:46+00:00
bajakovo-batrovci,2026-07-19T13:03,480,8 h,anonymous,2026-07-19T11:05:31+00:00
bajakovo-batrovci,2026-07-19T13:20,420,7 h,anonymous,2026-07-19T11:20:38+00:00
bajakovo-batrovci,2026-07-19T13:18,300,5 h,anonymous,2026-07-19T11:20:38+00:00
bajakovo-batrovci,2026-07-19T13:35,570,9.5 h,anonymous,2026-07-19T11:47:15+00:00
bajakovo-batrovci,2026-07-19T14:12,390,6.5 h,anonymous,2026-07-19T12:17:30+00:00
bajakovo-batrovci,2026-07-19T15:16,480,8 h,anonymous,2026-07-19T13:26:41+00:00
bajakovo-batrovci,2026-07-19T15:40,660,11 h,anonymous,2026-07-19T13:41:47+00:00
bajakovo-batrovci,2026-07-19T15:56,540,9 h,anonymous,2026-07-19T13:56:54+00:00
bajakovo-batrovci,2026-07-19T16:54,510,8.5 h,anonymous_,2026-07-19T15:01:38+00:00
bajakovo-batrovci,2026-07-19T17:04,720,12 h,anonymous,2026-07-19T15:16:45+00:00
bajakovo-batrovci,2026-07-19T18:22,600,10 h,anonymous,2026-07-19T16:27:48+00:00
bajakovo-batrovci,2026-07-19T19:24,570,9.5 h,anonymous_,2026-07-19T17:31:57+00:00
bajakovo-batrovci,2026-07-19T19:51,420,7 h,anonymous,2026-07-19T17:52:22+00:00
bajakovo-batrovci,2026-07-19T20:18,300,5 h,anonymous,2026-07-19T18:22:34+00:00
bajakovo-batrovci,2026-07-19T21:24,270,4.5 h,anonymous_,2026-07-19T19:37:06+00:00
bajakovo-batrovci,2026-07-19T21:49,60,60 min,hak_croatia,2026-07-19T19:51:04+00:00
bajakovo-batrovci,2026-07-19T22:18,40,40 min,anonymous,2026-07-19T20:21:16+00:00
bajakovo-batrovci,2026-07-19T23:26,35,35 min,anonymous_,2026-07-19T21:32:57+00:00
bajakovo-batrovci,2026-07-20T00:26,30,30 min,anonymous_,2026-07-19T22:31:22+00:00
bajakovo-batrovci,2026-07-20T01:28,30,30 min,hak_croatia,2026-07-19T23:31:48+00:00
bajakovo-batrovci,2026-07-20T02:28,25,25 min,anonymous_,2026-07-20T00:35:01+00:00
bajakovo-batrovci,2026-07-20T02:46,5,5 min,anonymous,2026-07-20T00:50:08+00:00
bajakovo-batrovci,2026-07-20T03:57,10,10 min,anonymous_,2026-07-20T02:10:50+00:00
bajakovo-batrovci,2026-07-20T04:38,30,30 min,hak_croatia,2026-07-20T02:41:02+00:00
bajakovo-batrovci,2026-07-20T05:28,30,30 min,hak_croatia,2026-07-20T03:41:27+00:00
bajakovo-batrovci,2026-07-20T05:49,30,30 min,hak_croatia,2026-07-20T03:56:34+00:00
bajakovo-batrovci,2026-07-20T06:08,30,30 min,hak_croatia,2026-07-20T04:11:41+00:00
bajakovo-batrovci,2026-07-20T06:38,30,30 min,hak_croatia,2026-07-20T04:41:54+00:00
bajakovo-batrovci,2026-07-20T06:51,30,30 min,anonymous,2026-07-20T04:56:08+00:00
bajakovo-batrovci,2026-07-20T07:59,25,25 min,anonymous_,2026-07-20T06:11:37+00:00
bajakovo-batrovci,2026-07-20T08:39,30,30 min,anonymous,2026-07-20T06:41:53+00:00
bajakovo-batrovci,2026-07-20T09:27,45,45 min,anonymous,2026-07-20T07:42:21+00:00
bajakovo-batrovci,2026-07-20T10:26,40,40 min,anonymous_,2026-07-20T08:30:56+00:00
bajakovo-batrovci,2026-07-20T11:10,90,1.5 h,anonymous,2026-07-20T09:16:13+00:00
bajakovo-batrovci,2026-07-20T11:40,120,2 h,anonymous,2026-07-20T09:46:25+00:00
bajakovo-batrovci,2026-07-20T11:59,90,1.5 h,anonymous,2026-07-20T10:01:32+00:00
bajakovo-batrovci,2026-07-20T11:48,120,2 h,anonymous,2026-07-20T10:01:32+00:00
bajakovo-batrovci,2026-07-20T12:59,60,60 min,anonymous_,2026-07-20T11:01:54+00:00
bajakovo-batrovci,2026-07-20T13:37,150,2.5 h,anonymous,2026-07-20T11:47:33+00:00
bajakovo-batrovci,2026-07-20T13:49,5,5 min,anonymous,2026-07-20T12:02:40+00:00
bajakovo-batrovci,2026-07-20T14:21,5,5 min,anonymous,2026-07-20T12:32:53+00:00
bajakovo-batrovci,2026-07-20T14:45,5,5 min,anonymous,2026-07-20T12:47:59+00:00
bajakovo-batrovci,2026-07-20T15:04,90,1.5 h,anonymous,2026-07-20T13:18:13+00:00
bajakovo-batrovci,2026-07-20T15:38,90,1.5 h,anonymous,2026-07-20T13:50:58+00:00
bajakovo-batrovci,2026-07-20T15:38,5,5 min,anonymous,2026-07-20T13:50:58+00:00
bajakovo-batrovci,2026-07-20T16:05,180,3 h,anonymous,2026-07-20T14:06:04+00:00
bajakovo-batrovci,2026-07-20T15:59,120,2 h,anonymous,2026-07-20T14:06:04+00:00
bajakovo-batrovci,2026-07-20T15:51,5,5 min,anonymous,2026-07-20T14:06:04+00:00
bajakovo-batrovci,2026-07-20T16:17,5,5 min,anonymous,2026-07-20T14:21:11+00:00
bajakovo-batrovci,2026-07-20T16:22,150,2.5 h,anonymous,2026-07-20T14:36:17+00:00
bajakovo-batrovci,2026-07-20T16:44,5,5 min,anonymous,2026-07-20T14:51:23+00:00
bajakovo-batrovci,2026-07-20T17:20,60,60 min,anonymous,2026-07-20T15:21:36+00:00
bajakovo-batrovci,2026-07-20T17:27,90,1.5 h,anonymous,2026-07-20T15:40:03+00:00
bajakovo-batrovci,2026-07-20T18:07,120,2 h,anonymous,2026-07-20T16:10:14+00:00
bajakovo-batrovci,2026-07-20T19:23,90,1.5 h,anonymous_,2026-07-20T17:35:17+00:00
bajakovo-batrovci,2026-07-20T19:49,60,60 min,hak_croatia,2026-07-20T17:50:24+00:00
bajakovo-batrovci,2026-07-20T20:08,60,60 min,hak_croatia,2026-07-20T18:20:38+00:00
bajakovo-batrovci,2026-07-20T20:38,60,60 min,hak_croatia,2026-07-20T18:50:52+00:00
bajakovo-batrovci,2026-07-20T21:28,60,60 min,hak_croatia,2026-07-20T19:35:44+00:00
bajakovo-batrovci,2026-07-20T21:49,60,60 min,hak_croatia,2026-07-20T19:50:50+00:00
bajakovo-batrovci,2026-07-20T22:08,60,60 min,hak_croatia,2026-07-20T20:21:02+00:00
bajakovo-batrovci,2026-07-20T22:30,30,30 min,anonymous,2026-07-20T20:36:08+00:00
bajakovo-batrovci,2026-07-20T22:43,90,1.5 h,anonymous,2026-07-20T20:54:06+00:00
bajakovo-batrovci,2026-07-20T22:40,35,35 min,anonymous,2026-07-20T20:54:06+00:00
bajakovo-batrovci,2026-07-20T23:02,120,2 h,anonymous,2026-07-20T21:09:12+00:00
bajakovo-batrovci,2026-07-20T22:57,60,60 min,anonymous,2026-07-20T21:09:12+00:00
bajakovo-batrovci,2026-07-20T23:34,35,35 min,anonymous,2026-07-20T21:39:24+00:00
bajakovo-batrovci,2026-07-21T00:07,10,10 min,anonymous,2026-07-20T22:08:14+00:00
bajakovo-batrovci,2026-07-21T00:09,60,60 min,anonymous,2026-07-20T22:23:37+00:00
bajakovo-batrovci,2026-07-21T01:23,55,55 min,anonymous_,2026-07-20T23:40:59+00:00
bajakovo-batrovci,2026-07-21T01:53,180,3 h,anonymous,2026-07-20T23:56:05+00:00
bajakovo-batrovci,2026-07-21T01:49,60,60 min,hak_croatia,2026-07-20T23:56:05+00:00
bajakovo-batrovci,2026-07-21T02:57,150,2.5 h,anonymous_,2026-07-21T01:00:35+00:00
bajakovo-batrovci,2026-07-21T03:55,120,2 h,anonymous_,2026-07-21T02:00:59+00:00
bajakovo-batrovci,2026-07-21T04:08,60,60 min,hak_croatia,2026-07-21T02:16:06+00:00
bajakovo-batrovci,2026-07-21T04:38,60,60 min,hak_croatia,2026-07-21T02:46:18+00:00
bajakovo-batrovci,2026-07-21T05:57,55,55 min,anonymous_,2026-07-21T04:07:02+00:00
bajakovo-batrovci,2026-07-21T06:38,30,30 min,hak_croatia,2026-07-21T04:52:18+00:00
bajakovo-batrovci,2026-07-21T07:28,30,30 min,hak_croatia,2026-07-21T05:37:35+00:00
bajakovo-batrovci,2026-07-21T07:49,60,60 min,hak_croatia,2026-07-21T05:52:41+00:00
bajakovo-batrovci,2026-07-21T08:08,60,60 min,hak_croatia,2026-07-21T06:22:28+00:00
bajakovo-batrovci,2026-07-21T08:38,60,60 min,hak_croatia,2026-07-21T06:52:41+00:00
bajakovo-batrovci,2026-07-21T10:08,60,60 min,hak_croatia,2026-07-21T08:08:13+00:00
bajakovo-batrovci,2026-07-21T09:58,55,55 min,anonymous_,2026-07-21T08:08:13+00:00
bajakovo-batrovci,2026-07-21T10:38,60,60 min,hak_croatia,2026-07-21T08:38:48+00:00
bajakovo-batrovci,2026-07-21T11:26,150,2.5 h,anonymous,2026-07-21T09:28:41+00:00
bajakovo-batrovci,2026-07-21T11:20,55,55 min,anonymous,2026-07-21T09:28:41+00:00
bajakovo-batrovci,2026-07-21T12:38,60,60 min,hak_croatia,2026-07-21T10:44:08+00:00
bajakovo-batrovci,2026-07-21T12:24,120,2 h,anonymous_,2026-07-21T10:44:08+00:00
bajakovo-batrovci,2026-07-21T13:28,30,30 min,hak_croatia,2026-07-21T11:36:13+00:00
bajakovo-batrovci,2026-07-21T13:41,60,60 min,anonymous,2026-07-21T11:51:20+00:00
bajakovo-batrovci,2026-07-21T14:54,55,55 min,anonymous_,2026-07-21T13:05:26+00:00
bajakovo-batrovci,2026-07-21T15:26,55,55 min,anonymous,2026-07-21T13:35:40+00:00
bajakovo-batrovci,2026-07-21T15:48,55,55 min,anonymous,2026-07-21T13:50:51+00:00
bajakovo-batrovci,2026-07-21T16:57,50,50 min,anonymous_,2026-07-21T15:07:16+00:00
bajakovo-batrovci,2026-07-21T17:54,45,45 min,anonymous_,2026-07-21T16:07:41+00:00
bajakovo-batrovci,2026-07-21T18:38,60,60 min,hak_croatia,2026-07-21T16:47:39+00:00
bajakovo-batrovci,2026-07-21T19:28,60,60 min,hak_croatia,2026-07-21T17:32:59+00:00
bajakovo-batrovci,2026-07-21T19:41,180,3 h,anonymous,2026-07-21T17:48:06+00:00
bajakovo-batrovci,2026-07-21T20:53,150,2.5 h,anonymous_,2026-07-21T19:13:22+00:00
bajakovo-batrovci,2026-07-21T21:32,5,5 min,anonymous,2026-07-21T19:43:35+00:00
bajakovo-batrovci,2026-07-21T22:55,15,15 min,anonymous_,2026-07-21T21:08:41+00:00
bajakovo-batrovci,2026-07-21T23:45,240,4 h,anonymous,2026-07-21T21:58:04+00:00
bajakovo-batrovci,2026-07-21T23:44,150,2.5 h,anonymous,2026-07-21T21:58:04+00:00
bajakovo-batrovci,2026-07-22T00:54,210,3.5 h,anonymous_,2026-07-21T23:10:36+00:00
bajakovo-batrovci,2026-07-22T01:21,450,7.5 h,anonymous,2026-07-21T23:25:43+00:00
bajakovo-batrovci,2026-07-22T02:24,420,7 h,anonymous_,2026-07-22T00:44:02+00:00
bajakovo-batrovci,2026-07-22T03:08,420,7 h,anonymous,2026-07-22T01:11:29+00:00
bajakovo-batrovci,2026-07-22T04:24,390,6.5 h,anonymous_,2026-07-22T02:42:00+00:00
bajakovo-batrovci,2026-07-22T05:23,360,6 h,anonymous_,2026-07-22T03:42:21+00:00
bajakovo-batrovci,2026-07-22T06:08,60,60 min,hak_croatia,2026-07-22T04:12:31+00:00
bajakovo-batrovci,2026-07-22T06:38,60,60 min,hak_croatia,2026-07-22T04:39:06+00:00
bajakovo-batrovci,2026-07-22T07:28,60,60 min,hak_croatia,2026-07-22T05:39:28+00:00
bajakovo-batrovci,2026-07-22T07:49,60,60 min,hak_croatia,2026-07-22T05:54:33+00:00
bajakovo-batrovci,2026-07-22T08:08,60,60 min,hak_croatia,2026-07-22T06:09:39+00:00
bajakovo-batrovci,2026-07-22T08:38,60,60 min,hak_croatia,2026-07-22T06:39:50+00:00
bajakovo-batrovci,2026-07-22T09:28,60,60 min,hak_croatia,2026-07-22T07:41:46+00:00
bajakovo-batrovci,2026-07-22T09:49,60,60 min,hak_croatia,2026-07-22T07:56:52+00:00
bajakovo-batrovci,2026-07-22T10:08,30,30 min,hak_croatia,2026-07-22T08:11:58+00:00
bajakovo-batrovci,2026-07-22T10:25,20,20 min,anonymous,2026-07-22T08:27:05+00:00
bajakovo-batrovci,2026-07-22T11:26,15,15 min,anonymous_,2026-07-22T09:42:34+00:00
bajakovo-batrovci,2026-07-22T11:49,30,30 min,hak_croatia,2026-07-22T09:57:41+00:00
bajakovo-batrovci,2026-07-22T12:08,30,30 min,hak_croatia,2026-07-22T10:19:08+00:00
bajakovo-batrovci,2026-07-22T12:38,30,30 min,hak_croatia,2026-07-22T10:49:22+00:00
bajakovo-batrovci,2026-07-22T13:09,150,2.5 h,anonymous,2026-07-22T11:19:36+00:00
bajakovo-batrovci,2026-07-22T14:27,120,2 h,anonymous_,2026-07-22T12:30:57+00:00
bajakovo-batrovci,2026-07-22T14:38,30,30 min,hak_croatia,2026-07-22T12:46:04+00:00
bajakovo-batrovci,2026-07-22T15:28,30,30 min,hak_croatia,2026-07-22T13:31:24+00:00
bajakovo-batrovci,2026-07-22T15:54,20,20 min,anonymous,2026-07-22T14:01:38+00:00
bajakovo-batrovci,2026-07-22T15:49,30,30 min,hak_croatia,2026-07-22T14:01:38+00:00
bajakovo-batrovci,2026-07-22T16:59,15,15 min,anonymous_,2026-07-22T15:03:48+00:00
bajakovo-batrovci,2026-07-22T17:28,30,30 min,hak_croatia,2026-07-22T15:34:00+00:00
bajakovo-batrovci,2026-07-22T17:49,30,30 min,hak_croatia,2026-07-22T15:49:07+00:00
bajakovo-batrovci,2026-07-22T18:08,30,30 min,hak_croatia,2026-07-22T16:10:06+00:00
bajakovo-batrovci,2026-07-22T18:33,25,25 min,anonymous,2026-07-22T16:40:20+00:00
bajakovo-batrovci,2026-07-22T18:26,150,2.5 h,anonymous,2026-07-22T16:40:20+00:00
bajakovo-batrovci,2026-07-22T19:59,20,20 min,anonymous_,2026-07-22T18:07:07+00:00
bajakovo-batrovci,2026-07-22T20:08,30,30 min,hak_croatia,2026-07-22T18:22:14+00:00
bajakovo-batrovci,2026-07-22T20:38,30,30 min,hak_croatia,2026-07-22T18:46:24+00:00
bajakovo-batrovci,2026-07-22T21:28,30,30 min,hak_croatia,2026-07-22T19:31:44+00:00
bajakovo-batrovci,2026-07-22T21:39,120,2 h,anonymous,2026-07-22T19:46:53+00:00
bajakovo-batrovci,2026-07-22T21:49,45,45 min,anonymous,2026-07-22T20:02:01+00:00
bajakovo-batrovci,2026-07-22T21:49,45,45 min,anonymous,2026-07-22T20:02:40+00:00
bajakovo-batrovci,2026-07-22T22:56,40,40 min,anonymous_,2026-07-22T21:03:04+00:00
bajakovo-batrovci,2026-07-22T23:28,30,30 min,hak_croatia,2026-07-22T21:33:38+00:00
bajakovo-batrovci,2026-07-22T23:49,30,30 min,hak_croatia,2026-07-22T22:03:50+00:00
bajakovo-batrovci,2026-07-23T00:59,25,25 min,anonymous_,2026-07-22T23:14:38+00:00
bajakovo-batrovci,2026-07-23T01:57,20,20 min,anonymous_,2026-07-23T00:05:04+00:00
bajakovo-batrovci,2026-07-23T02:24,60,60 min,anonymous,2026-07-23T00:35:15+00:00
bajakovo-batrovci,2026-07-23T03:24,55,55 min,anonymous_,2026-07-23T01:38:37+00:00
bajakovo-batrovci,2026-07-23T04:08,90,1.5 h,hak_croatia,2026-07-23T02:08:47+00:00
bajakovo-batrovci,2026-07-23T04:17,90,1.5 h,anonymous,2026-07-23T02:23:53+00:00
bajakovo-batrovci,2026-07-23T04:26,150,2.5 h,anonymous,2026-07-23T02:38:58+00:00
bajakovo-batrovci,2026-07-23T05:25,120,2 h,anonymous_,2026-07-23T03:39:19+00:00
bajakovo-batrovci,2026-07-23T06:28,150,2.5 h,anonymous,2026-07-23T04:39:41+00:00
bajakovo-batrovci,2026-07-23T07:29,120,2 h,anonymous_,2026-07-23T05:41:43+00:00
bajakovo-batrovci,2026-07-23T07:49,90,1.5 h,hak_croatia,2026-07-23T05:56:49+00:00
bajakovo-batrovci,2026-07-23T08:08,90,1.5 h,hak_croatia,2026-07-23T06:11:54+00:00
bajakovo-batrovci,2026-07-23T08:25,120,2 h,anonymous,2026-07-23T06:27:00+00:00
bajakovo-batrovci,2026-07-23T08:19,5,5 min,anonymous,2026-07-23T06:27:00+00:00
bajakovo-batrovci,2026-07-23T08:34,5,5 min,anonymous,2026-07-23T06:42:06+00:00
bajakovo-batrovci,2026-07-23T09:02,5,5 min,anonymous,2026-07-23T07:12:16+00:00
bajakovo-batrovci,2026-07-23T09:21,120,2 h,anonymous,2026-07-23T07:24:54+00:00
bajakovo-batrovci,2026-07-23T09:17,60,60 min,anonymous,2026-07-23T07:24:54+00:00
bajakovo-batrovci,2026-07-23T09:39,5,5 min,anonymous,2026-07-23T07:40:02+00:00
bajakovo-batrovci,2026-07-23T09:54,5,5 min,anonymous,2026-07-23T07:55:09+00:00
bajakovo-batrovci,2026-07-23T10:22,180,3 h,anonymous,2026-07-23T08:25:23+00:00
bajakovo-batrovci,2026-07-23T10:18,5,5 min,anonymous,2026-07-23T08:25:23+00:00
bajakovo-batrovci,2026-07-23T10:14,120,2 h,anonymous,2026-07-23T08:25:23+00:00
bajakovo-batrovci,2026-07-23T10:38,55,55 min,anonymous,2026-07-23T08:40:30+00:00
bajakovo-batrovci,2026-07-23T10:30,5,5 min,anonymous,2026-07-23T08:40:30+00:00
bajakovo-batrovci,2026-07-23T10:52,180,3 h,anonymous,2026-07-23T08:55:39+00:00
bajakovo-batrovci,2026-07-23T10:43,5,5 min,anonymous,2026-07-23T08:55:39+00:00
bajakovo-batrovci,2026-07-23T11:38,15,15 min,anonymous,2026-07-23T09:41:01+00:00
bajakovo-batrovci,2026-07-23T11:38,240,4 h,anonymous,2026-07-23T09:41:01+00:00
bajakovo-batrovci,2026-07-23T11:55,15,15 min,anonymous,2026-07-23T09:56:09+00:00
bajakovo-batrovci,2026-07-23T12:19,50,50 min,anonymous,2026-07-23T10:32:31+00:00
bajakovo-batrovci,2026-07-23T12:35,150,2.5 h,anonymous,2026-07-23T10:47:37+00:00
bajakovo-batrovci,2026-07-23T12:59,120,2 h,anonymous,2026-07-23T11:02:43+00:00
bajakovo-batrovci,2026-07-23T12:55,5,5 min,anonymous,2026-07-23T11:02:43+00:00
bajakovo-batrovci,2026-07-23T12:52,180,3 h,anonymous,2026-07-23T11:02:43+00:00
bajakovo-batrovci,2026-07-23T13:32,5,5 min,anonymous,2026-07-23T11:32:54+00:00
bajakovo-batrovci,2026-07-23T13:20,5,5 min,anonymous,2026-07-23T11:32:54+00:00
bajakovo-batrovci,2026-07-23T13:55,120,2 h,anonymous,2026-07-23T11:59:41+00:00
bajakovo-batrovci,2026-07-23T13:49,5,5 min,anonymous,2026-07-23T11:59:41+00:00
bajakovo-batrovci,2026-07-23T14:09,120,2 h,anonymous,2026-07-23T12:14:48+00:00
bajakovo-batrovci,2026-07-23T14:04,5,5 min,anonymous,2026-07-23T12:14:48+00:00
bajakovo-batrovci,2026-07-23T14:22,5,5 min,anonymous,2026-07-23T12:29:54+00:00
bajakovo-batrovci,2026-07-23T14:21,55,55 min,anonymous,2026-07-23T12:29:54+00:00
bajakovo-batrovci,2026-07-23T14:39,5,5 min,anonymous,2026-07-23T12:45:01+00:00
bajakovo-batrovci,2026-07-23T14:57,5,5 min,anonymous,2026-07-23T13:00:08+00:00
bajakovo-batrovci,2026-07-23T14:54,180,3 h,anonymous,2026-07-23T13:00:08+00:00
bajakovo-batrovci,2026-07-23T14:48,90,1.5 h,anonymous,2026-07-23T13:00:08+00:00
bajakovo-batrovci,2026-07-23T15:08,5,5 min,anonymous,2026-07-23T13:16:04+00:00
bajakovo-batrovci,2026-07-23T15:30,5,5 min,anonymous,2026-07-23T13:31:10+00:00
bajakovo-batrovci,2026-07-23T15:42,5,5 min,anonymous,2026-07-23T13:46:17+00:00
bajakovo-batrovci,2026-07-23T15:55,5,5 min,anonymous,2026-07-23T14:01:24+00:00
bajakovo-batrovci,2026-07-23T16:44,5,5 min,anonymous,2026-07-23T14:56:28+00:00
bajakovo-batrovci,2026-07-23T17:36,150,2.5 h,anonymous,2026-07-23T15:41:49+00:00
bajakovo-batrovci,2026-07-23T18:11,150,2.5 h,anonymous,2026-07-23T16:11:37+00:00
bajakovo-batrovci,2026-07-23T18:07,60,60 min,anonymous,2026-07-23T16:11:37+00:00
bajakovo-batrovci,2026-07-23T19:23,120,2 h,anonymous_,2026-07-23T17:42:18+00:00
bajakovo-batrovci,2026-07-23T19:55,45,45 min,anonymous,2026-07-23T18:06:30+00:00
bajakovo-batrovci,2026-07-23T20:55,40,40 min,anonymous_,2026-07-23T19:13:46+00:00
bajakovo-batrovci,2026-07-23T21:18,270,4.5 h,anonymous,2026-07-23T19:28:53+00:00
bajakovo-batrovci,2026-07-23T21:47,90,1.5 h,anonymous,2026-07-23T19:59:06+00:00
bajakovo-batrovci,2026-07-23T21:46,60,60 min,anonymous,2026-07-23T19:59:06+00:00
bajakovo-batrovci,2026-07-23T22:55,60,60 min,anonymous_,2026-07-23T21:03:17+00:00
bajakovo-batrovci,2026-07-23T23:28,120,2 h,hak_croatia,2026-07-23T21:31:15+00:00
bajakovo-batrovci,2026-07-23T23:49,120,2 h,hak_croatia,2026-07-23T22:01:26+00:00
bajakovo-batrovci,2026-07-24T00:09,300,5 h,anonymous,2026-07-23T22:16:32+00:00
bajakovo-batrovci,2026-07-24T00:08,60,60 min,hak_croatia,2026-07-23T22:16:32+00:00
bajakovo-batrovci,2026-07-24T00:35,60,60 min,anonymous,2026-07-23T22:49:07+00:00
bajakovo-batrovci,2026-07-24T01:58,55,55 min,anonymous_,2026-07-24T00:03:07+00:00
bajakovo-batrovci,2026-07-24T02:09,150,2.5 h,anonymous,2026-07-24T00:18:13+00:00
bajakovo-batrovci,2026-07-24T02:25,120,2 h,anonymous,2026-07-24T00:33:19+00:00
bajakovo-batrovci,2026-07-24T03:27,90,1.5 h,anonymous_,2026-07-24T01:33:11+00:00
bajakovo-batrovci,2026-07-24T04:08,120,2 h,hak_croatia,2026-07-24T02:18:29+00:00
bajakovo-batrovci,2026-07-24T04:43,150,2.5 h,anonymous,2026-07-24T02:48:41+00:00
bajakovo-batrovci,2026-07-24T04:38,120,2 h,hak_croatia,2026-07-24T02:48:41+00:00
bajakovo-batrovci,2026-07-24T04:51,5,5 min,anonymous,2026-07-24T03:03:47+00:00
bajakovo-batrovci,2026-07-24T04:49,150,2.5 h,anonymous,2026-07-24T03:03:47+00:00
bajakovo-batrovci,2026-07-24T05:16,150,2.5 h,anonymous,2026-07-24T03:18:53+00:00
bajakovo-batrovci,2026-07-24T06:34,60,60 min,anonymous,2026-07-24T04:41:55+00:00
bajakovo-batrovci,2026-07-24T06:26,120,2 h,anonymous_,2026-07-24T04:41:55+00:00
bajakovo-batrovci,2026-07-24T06:47,30,30 min,anonymous,2026-07-24T04:57:01+00:00
bajakovo-batrovci,2026-07-24T07:11,180,3 h,anonymous,2026-07-24T05:12:08+00:00
bajakovo-batrovci,2026-07-24T07:09,60,60 min,anonymous,2026-07-24T05:12:08+00:00
bajakovo-batrovci,2026-07-24T06:58,45,45 min,anonymous,2026-07-24T05:12:08+00:00
bajakovo-batrovci,2026-07-24T07:45,90,1.5 h,anonymous,2026-07-24T05:57:27+00:00
bajakovo-batrovci,2026-07-24T08:45,210,3.5 h,anonymous,2026-07-24T06:57:50+00:00
bajakovo-batrovci,2026-07-24T09:12,5,5 min,anonymous,2026-07-24T07:12:57+00:00
bajakovo-batrovci,2026-07-24T09:03,60,60 min,anonymous,2026-07-24T07:12:57+00:00
bajakovo-batrovci,2026-07-24T09:37,5,5 min,anonymous,2026-07-24T07:44:04+00:00
bajakovo-batrovci,2026-07-24T09:32,120,2 h,anonymous,2026-07-24T07:44:04+00:00
bajakovo-batrovci,2026-07-24T09:53,90,1.5 h,anonymous,2026-07-24T07:59:12+00:00
bajakovo-batrovci,2026-07-24T10:18,60,60 min,anonymous,2026-07-24T08:29:26+00:00
bajakovo-batrovci,2026-07-24T10:56,30,30 min,anonymous,2026-07-24T08:59:39+00:00
bajakovo-batrovci,2026-07-24T11:00,5,5 min,anonymous,2026-07-24T09:14:46+00:00
bajakovo-batrovci,2026-07-24T11:20,30,30 min,anonymous,2026-07-24T09:29:53+00:00
bajakovo-batrovci,2026-07-24T12:06,30,30 min,anonymous,2026-07-24T10:09:26+00:00
bajakovo-batrovci,2026-07-24T12:16,150,2.5 h,anonymous,2026-07-24T10:24:32+00:00
bajakovo-batrovci,2026-07-24T12:15,120,2 h,anonymous,2026-07-24T10:24:32+00:00
bajakovo-batrovci,2026-07-24T13:25,60,60 min,anonymous,2026-07-24T11:27:13+00:00
bajakovo-batrovci,2026-07-24T13:52,25,25 min,anonymous,2026-07-24T11:57:26+00:00
bajakovo-batrovci,2026-07-24T13:44,180,3 h,anonymous,2026-07-24T11:57:26+00:00
bajakovo-batrovci,2026-07-24T14:18,180,3 h,anonymous,2026-07-24T12:27:38+00:00
bajakovo-batrovci,2026-07-24T14:39,150,2.5 h,anonymous,2026-07-24T12:42:44+00:00
bajakovo-batrovci,2026-07-24T14:37,10,10 min,anonymous,2026-07-24T12:42:44+00:00
bajakovo-batrovci,2026-07-24T14:29,45,45 min,anonymous,2026-07-24T12:42:44+00:00
bajakovo-batrovci,2026-07-24T15:01,120,2 h,anonymous,2026-07-24T13:04:35+00:00
bajakovo-batrovci,2026-07-24T15:08,5,5 min,anonymous,2026-07-24T13:19:42+00:00
bajakovo-batrovci,2026-07-24T16:24,5,5 min,anonymous,2026-07-24T14:35:54+00:00
bajakovo-batrovci,2026-07-24T17:29,15,15 min,anonymous_,2026-07-24T15:34:07+00:00
bajakovo-batrovci,2026-07-24T17:56,10,10 min,anonymous,2026-07-24T16:04:36+00:00
bajakovo-batrovci,2026-07-24T18:29,210,3.5 h,anonymous,2026-07-24T16:34:57+00:00
bajakovo-batrovci,2026-07-24T18:52,30,30 min,anonymous,2026-07-24T16:53:36+00:00
bajakovo-batrovci,2026-07-24T19:33,5,5 min,anonymous,2026-07-24T17:38:54+00:00
bajakovo-batrovci,2026-07-24T19:53,30,30 min,anonymous,2026-07-24T17:54:01+00:00
bajakovo-batrovci,2026-07-24T20:01,30,30 min,anonymous,2026-07-24T18:09:08+00:00
bajakovo-batrovci,2026-07-24T20:54,45,45 min,anonymous,2026-07-24T18:55:58+00:00
bajakovo-batrovci,2026-07-24T21:13,60,60 min,anonymous,2026-07-24T19:26:09+00:00
bajakovo-batrovci,2026-07-24T21:43,300,5 h,anonymous,2026-07-24T19:56:21+00:00
bajakovo-batrovci,2026-07-24T22:21,90,1.5 h,anonymous,2026-07-24T20:35:52+00:00
bajakovo-batrovci,2026-07-24T23:27,60,60 min,anonymous_,2026-07-24T21:33:56+00:00
bajakovo-batrovci,2026-07-25T00:08,60,60 min,hak_croatia,2026-07-24T22:19:40+00:00
bajakovo-batrovci,2026-07-25T00:42,600,10 h,anonymous,2026-07-24T22:46:27+00:00
bajakovo-batrovci,2026-07-25T00:41,390,6.5 h,anonymous,2026-07-24T22:46:27+00:00
bajakovo-batrovci,2026-07-25T00:39,180,3 h,anonymous,2026-07-24T22:46:27+00:00
bajakovo-batrovci,2026-07-25T00:38,60,60 min,hak_croatia,2026-07-24T22:46:27+00:00
bajakovo-batrovci,2026-07-25T01:11,720,12 h,anonymous,2026-07-24T23:16:38+00:00
bajakovo-batrovci,2026-07-25T01:19,480,8 h,anonymous,2026-07-24T23:31:43+00:00
bajakovo-batrovci,2026-07-25T02:38,180,3 h,hak_croatia,2026-07-25T00:38:35+00:00
bajakovo-batrovci,2026-07-25T02:27,450,7.5 h,anonymous_,2026-07-25T00:38:35+00:00
bajakovo-batrovci,2026-07-25T02:49,180,3 h,hak_croatia,2026-07-25T00:53:41+00:00
bajakovo-batrovci,2026-07-25T03:04,240,4 h,anonymous,2026-07-25T01:08:47+00:00
bajakovo-batrovci,2026-07-25T03:42,420,7 h,anonymous,2026-07-25T01:45:40+00:00
bajakovo-batrovci,2026-07-25T04:57,390,6.5 h,anonymous_,2026-07-25T03:01:10+00:00
bajakovo-batrovci,2026-07-25T05:53,360,6 h,anonymous_,2026-07-25T04:01:33+00:00
bajakovo-batrovci,2026-07-25T06:38,300,5 h,hak_croatia,2026-07-25T04:48:25+00:00
bajakovo-batrovci,2026-07-25T07:28,300,5 h,hak_croatia,2026-07-25T05:33:42+00:00
bajakovo-batrovci,2026-07-25T08:26,270,4.5 h,anonymous_,2026-07-25T06:34:05+00:00
bajakovo-batrovci,2026-07-25T08:56,270,4.5 h,anonymous,2026-07-25T06:59:39+00:00
bajakovo-batrovci,2026-07-25T09:36,10,10 min,anonymous,2026-07-25T07:44:57+00:00
bajakovo-batrovci,2026-07-25T09:33,180,3 h,anonymous,2026-07-25T07:44:57+00:00
bajakovo-batrovci,2026-07-25T09:47,55,55 min,anonymous,2026-07-25T08:00:03+00:00
bajakovo-batrovci,2026-07-25T10:34,210,3.5 h,anonymous,2026-07-25T08:45:58+00:00
bajakovo-batrovci,2026-07-25T11:23,90,1.5 h,anonymous,2026-07-25T09:23:28+00:00
bajakovo-batrovci,2026-07-25T11:48,60,60 min,anonymous,2026-07-25T09:53:53+00:00
bajakovo-batrovci,2026-07-25T12:07,210,3.5 h,anonymous,2026-07-25T10:09:00+00:00
bajakovo-batrovci,2026-07-25T12:05,90,1.5 h,anonymous,2026-07-25T10:09:00+00:00
bajakovo-batrovci,2026-07-25T12:20,300,5 h,anonymous,2026-07-25T10:24:07+00:00
bajakovo-batrovci,2026-07-25T13:28,270,4.5 h,anonymous_,2026-07-25T11:33:36+00:00
bajakovo-batrovci,2026-07-25T14:06,60,60 min,anonymous,2026-07-25T12:08:53+00:00
bajakovo-batrovci,2026-07-25T14:43,60,60 min,anonymous,2026-07-25T13:56:53+00:00
bajakovo-batrovci,2026-07-25T15:58,5,5 min,anonymous,2026-07-25T14:12:01+00:00
bajakovo-batrovci,2026-07-25T16:36,210,3.5 h,anonymous,2026-07-25T14:42:15+00:00
bajakovo-batrovci,2026-07-25T17:22,240,4 h,anonymous,2026-07-25T15:30:37+00:00
bajakovo-batrovci,2026-07-25T17:38,5,5 min,anonymous,2026-07-25T15:45:44+00:00
bajakovo-batrovci,2026-07-25T18:27,60,60 min,anonymous,2026-07-25T16:29:58+00:00
bajakovo-batrovci,2026-07-25T19:23,55,55 min,anonymous_,2026-07-25T17:41:19+00:00
bajakovo-batrovci,2026-07-25T19:57,120,2 h,anonymous,2026-07-25T18:11:33+00:00
bajakovo-batrovci,2026-07-25T20:53,90,1.5 h,anonymous,2026-07-25T19:02:43+00:00
bajakovo-batrovci,2026-07-25T21:59,60,60 min,anonymous,2026-07-25T20:05:34+00:00
bajakovo-batrovci,2026-07-25T22:38,120,2 h,anonymous,2026-07-25T20:52:30+00:00
bajakovo-batrovci,2026-07-25T23:39,150,2.5 h,anonymous,2026-07-25T21:39:56+00:00
bajakovo-batrovci,2026-07-25T23:50,240,4 h,anonymous,2026-07-25T21:55:01+00:00
bajakovo-batrovci,2026-07-26T00:54,210,3.5 h,anonymous,2026-07-25T22:54:59+00:00
bajakovo-batrovci,2026-07-26T01:56,270,4.5 h,anonymous,2026-07-26T00:00:37+00:00
bajakovo-batrovci,2026-07-26T01:51,180,3 h,anonymous,2026-07-26T00:00:37+00:00
bajakovo-batrovci,2026-07-26T02:59,120,2 h,anonymous,2026-07-26T01:01:00+00:00
bajakovo-batrovci,2026-07-26T02:46,90,1.5 h,anonymous,2026-07-26T01:01:00+00:00
bajakovo-batrovci,2026-07-26T03:28,360,6 h,anonymous,2026-07-26T01:33:24+00:00
bajakovo-batrovci,2026-07-26T03:22,270,4.5 h,anonymous,2026-07-26T01:33:24+00:00
bajakovo-batrovci,2026-07-26T03:21,210,3.5 h,anonymous,2026-07-26T01:33:24+00:00
bajakovo-batrovci,2026-07-26T03:48,600,10 h,anonymous,2026-07-26T01:48:31+00:00
bajakovo-batrovci,2026-07-26T03:34,480,8 h,anonymous,2026-07-26T01:48:31+00:00
bajakovo-batrovci,2026-07-26T03:57,480,8 h,anonymous,2026-07-26T02:03:43+00:00
bajakovo-batrovci,2026-07-26T03:57,660,11 h,anonymous,2026-07-26T02:03:43+00:00
bajakovo-batrovci,2026-07-26T04:53,450,7.5 h,anonymous_,2026-07-26T03:04:08+00:00
bajakovo-batrovci,2026-07-26T05:49,120,2 h,hak_croatia,2026-07-26T03:49:27+00:00
bajakovo-batrovci,2026-07-26T06:08,120,2 h,hak_croatia,2026-07-26T04:19:43+00:00
bajakovo-batrovci,2026-07-26T06:38,120,2 h,hak_croatia,2026-07-26T04:47:27+00:00
bajakovo-batrovci,2026-07-26T07:28,120,2 h,hak_croatia,2026-07-26T05:32:44+00:00
bajakovo-batrovci,2026-07-26T07:49,120,2 h,hak_croatia,2026-07-26T06:02:54+00:00
bajakovo-batrovci,2026-07-26T08:08,120,2 h,hak_croatia,2026-07-26T06:18:00+00:00
bajakovo-batrovci,2026-07-26T08:38,120,2 h,hak_croatia,2026-07-26T06:48:11+00:00
bajakovo-batrovci,2026-07-26T09:15,300,5 h,anonymous,2026-07-26T07:18:21+00:00
bajakovo-batrovci,2026-07-26T09:11,300,5 h,anonymous,2026-07-26T07:18:21+00:00
bajakovo-batrovci,2026-07-26T10:38,180,3 h,hak_croatia,2026-07-26T08:43:14+00:00
bajakovo-batrovci,2026-07-26T10:24,270,4.5 h,anonymous_,2026-07-26T08:43:14+00:00
bajakovo-batrovci,2026-07-26T10:46,5,5 min,anonymous,2026-07-26T08:58:20+00:00
bajakovo-batrovci,2026-07-26T11:06,180,3 h,anonymous,2026-07-26T09:13:27+00:00
bajakovo-batrovci,2026-07-26T12:10,120,2 h,anonymous,2026-07-26T10:22:31+00:00
bajakovo-batrovci,2026-07-26T13:23,90,1.5 h,anonymous_,2026-07-26T11:37:40+00:00
bajakovo-batrovci,2026-07-26T13:49,180,3 h,hak_croatia,2026-07-26T11:52:46+00:00
bajakovo-batrovci,2026-07-26T14:58,150,2.5 h,anonymous_,2026-07-26T13:03:51+00:00
bajakovo-batrovci,2026-07-26T15:28,180,3 h,hak_croatia,2026-07-26T13:34:02+00:00
bajakovo-batrovci,2026-07-26T15:49,180,3 h,hak_croatia,2026-07-26T13:49:09+00:00
bajakovo-batrovci,2026-07-26T15:52,180,3 h,anonymous,2026-07-26T14:05:37+00:00
bajakovo-batrovci,2026-07-26T16:58,150,2.5 h,anonymous_,2026-07-26T15:12:40+00:00
bajakovo-batrovci,2026-07-26T17:28,180,3 h,hak_croatia,2026-07-26T15:33:51+00:00
bajakovo-batrovci,2026-07-26T17:40,150,2.5 h,anonymous,2026-07-26T15:48:58+00:00
bajakovo-batrovci,2026-07-26T17:56,150,2.5 h,anonymous,2026-07-26T16:04:05+00:00
bajakovo-batrovci,2026-07-26T17:55,150,2.5 h,anonymous,2026-07-26T16:04:05+00:00
bajakovo-batrovci,2026-07-26T18:59,5,5 min,anonymous,2026-07-26T17:02:24+00:00
bajakovo-batrovci,2026-07-26T18:57,10,10 min,anonymous,2026-07-26T17:02:24+00:00
bajakovo-batrovci,2026-07-26T19:06,55,55 min,anonymous,2026-07-26T17:17:31+00:00
bajakovo-batrovci,2026-07-26T20:08,5,5 min,anonymous,2026-07-26T18:09:07+00:00
bajakovo-batrovci,2026-07-26T20:38,60,60 min,anonymous,2026-07-26T18:39:21+00:00
bajakovo-batrovci,2026-07-26T21:43,300,5 h,anonymous,2026-07-26T19:46:34+00:00
bajakovo-batrovci,2026-07-26T22:09,180,3 h,anonymous,2026-07-26T20:15:53+00:00
bajakovo-batrovci,2026-07-26T23:02,60,60 min,anonymous,2026-07-26T21:08:42+00:00
bajakovo-batrovci,2026-07-26T23:10,60,60 min,anonymous,2026-07-26T21:23:48+00:00
bajakovo-batrovci,2026-07-27T00:29,55,55 min,anonymous_,2026-07-26T22:31:31+00:00
bajakovo-batrovci,2026-07-27T00:38,30,30 min,hak_croatia,2026-07-26T22:46:38+00:00
bajakovo-batrovci,2026-07-27T01:28,30,30 min,hak_croatia,2026-07-26T23:31:56+00:00
bajakovo-batrovci,2026-07-27T01:49,60,60 min,hak_croatia,2026-07-27T00:02:25+00:00
bajakovo-batrovci,2026-07-27T02:08,60,60 min,hak_croatia,2026-07-27T00:17:31+00:00
bajakovo-batrovci,2026-07-27T02:28,60,60 min,hak_croatia,2026-07-27T00:32:37+00:00
bajakovo-batrovci,2026-07-27T02:38,60,60 min,hak_croatia,2026-07-27T00:47:43+00:00
bajakovo-batrovci,2026-07-27T02:49,60,60 min,hak_croatia,2026-07-27T01:01:52+00:00
bajakovo-batrovci,2026-07-27T03:55,55,55 min,anonymous_,2026-07-27T02:02:17+00:00
bajakovo-batrovci,2026-07-27T04:08,60,60 min,hak_croatia,2026-07-27T02:17:24+00:00
bajakovo-batrovci,2026-07-27T04:38,60,60 min,hak_croatia,2026-07-27T02:47:37+00:00
bajakovo-batrovci,2026-07-27T05:56,55,55 min,anonymous_,2026-07-27T04:03:06+00:00
bajakovo-batrovci,2026-07-27T06:08,60,60 min,hak_croatia,2026-07-27T04:18:13+00:00
bajakovo-batrovci,2026-07-27T06:38,60,60 min,hak_croatia,2026-07-27T04:48:06+00:00
bajakovo-batrovci,2026-07-27T07:07,60,60 min,anonymous,2026-07-27T05:18:17+00:00
bajakovo-batrovci,2026-07-27T08:13,25,25 min,anonymous,2026-07-27T06:18:41+00:00
bajakovo-batrovci,2026-07-27T09:24,20,20 min,anonymous_,2026-07-27T07:34:13+00:00
bajakovo-batrovci,2026-07-27T09:44,30,30 min,anonymous,2026-07-27T07:49:24+00:00
bajakovo-batrovci,2026-07-27T10:29,20,20 min,anonymous,2026-07-27T08:32:57+00:00
bajakovo-batrovci,2026-07-27T11:29,15,15 min,anonymous_,2026-07-27T09:33:23+00:00
bajakovo-batrovci,2026-07-27T11:49,30,30 min,hak_croatia,2026-07-27T10:03:37+00:00
bajakovo-batrovci,2026-07-27T12:08,30,30 min,hak_croatia,2026-07-27T10:18:44+00:00
bajakovo-batrovci,2026-07-27T12:21,30,30 min,anonymous,2026-07-27T10:33:51+00:00
bajakovo-batrovci,2026-07-27T13:29,25,25 min,anonymous_,2026-07-27T11:34:18+00:00
bajakovo-batrovci,2026-07-27T13:58,60,60 min,anonymous,2026-07-27T12:00:43+00:00
bajakovo-batrovci,2026-07-27T13:49,30,30 min,hak_croatia,2026-07-27T12:00:43+00:00
bajakovo-batrovci,2026-07-27T14:56,55,55 min,anonymous_,2026-07-27T13:01:10+00:00
bajakovo-batrovci,2026-07-27T15:28,30,30 min,hak_croatia,2026-07-27T13:31:27+00:00
bajakovo-batrovci,2026-07-27T15:49,30,30 min,hak_croatia,2026-07-27T14:01:50+00:00
bajakovo-batrovci,2026-07-27T16:08,30,30 min,hak_croatia,2026-07-27T14:16:56+00:00
bajakovo-batrovci,2026-07-27T16:38,30,30 min,hak_croatia,2026-07-27T14:47:07+00:00
bajakovo-batrovci,2026-07-27T17:28,30,30 min,hak_croatia,2026-07-27T15:32:25+00:00
bajakovo-batrovci,2026-07-27T17:49,30,30 min,hak_croatia,2026-07-27T16:02:40+00:00
bajakovo-batrovci,2026-07-27T18:08,30,30 min,hak_croatia,2026-07-27T16:17:46+00:00
bajakovo-batrovci,2026-07-27T18:38,30,30 min,hak_croatia,2026-07-27T16:46:02+00:00
bajakovo-batrovci,2026-07-27T19:28,30,30 min,hak_croatia,2026-07-27T17:31:20+00:00
bajakovo-batrovci,2026-07-27T19:49,30,30 min,hak_croatia,2026-07-27T18:01:32+00:00
bajakovo-batrovci,2026-07-27T20:08,30,30 min,hak_croatia,2026-07-27T18:09:10+00:00
bajakovo-batrovci,2026-07-27T20:38,30,30 min,hak_croatia,2026-07-27T18:39:21+00:00
bajakovo-batrovci,2026-07-27T21:28,30,30 min,hak_croatia,2026-07-27T19:39:43+00:00
bajakovo-batrovci,2026-07-27T21:49,30,30 min,hak_croatia,2026-07-27T19:54:49+00:00
bajakovo-batrovci,2026-07-27T22:08,30,30 min,hak_croatia,2026-07-27T20:14:54+00:00
bajakovo-batrovci,2026-07-27T22:38,30,30 min,hak_croatia,2026-07-27T20:45:31+00:00
bajakovo-batrovci,2026-07-27T23:28,30,30 min,hak_croatia,2026-07-27T21:35:33+00:00
bajakovo-batrovci,2026-07-27T23:49,30,30 min,hak_croatia,2026-07-27T21:50:39+00:00
bajakovo-batrovci,2026-07-28T00:08,30,30 min,hak_croatia,2026-07-27T22:20:51+00:00
bajakovo-batrovci,2026-07-28T00:38,30,30 min,hak_croatia,2026-07-27T22:46:35+00:00
bajakovo-batrovci,2026-07-28T01:28,30,30 min,hak_croatia,2026-07-27T23:31:55+00:00
bajakovo-batrovci,2026-07-28T01:49,30,30 min,hak_croatia,2026-07-27T23:55:37+00:00
bajakovo-batrovci,2026-07-28T02:08,30,30 min,hak_croatia,2026-07-28T00:10:43+00:00
bajakovo-batrovci,2026-07-28T02:38,30,30 min,hak_croatia,2026-07-28T00:40:53+00:00
bajakovo-batrovci,2026-07-28T02:28,30,30 min,hak_croatia,2026-07-28T00:40:53+00:00
bajakovo-batrovci,2026-07-28T02:49,30,30 min,hak_croatia,2026-07-28T00:55:59+00:00
bajakovo-batrovci,2026-07-28T04:08,30,30 min,hak_croatia,2026-07-28T02:10:13+00:00
bajakovo-batrovci,2026-07-28T03:56,25,25 min,anonymous_,2026-07-28T02:10:13+00:00
bajakovo-batrovci,2026-07-28T04:38,30,30 min,hak_croatia,2026-07-28T02:40:24+00:00
bajakovo-batrovci,2026-07-28T05:28,30,30 min,hak_croatia,2026-07-28T03:40:44+00:00
bajakovo-batrovci,2026-07-28T05:49,30,30 min,hak_croatia,2026-07-28T03:55:50+00:00
bajakovo-batrovci,2026-07-28T06:08,30,30 min,hak_croatia,2026-07-28T04:10:56+00:00
bajakovo-batrovci,2026-07-28T06:44,30,30 min,anonymous,2026-07-28T04:46:25+00:00
bajakovo-batrovci,2026-07-28T06:38,30,30 min,hak_croatia,2026-07-28T04:46:25+00:00
bajakovo-batrovci,2026-07-28T07:54,25,25 min,anonymous_,2026-07-28T06:01:53+00:00
bajakovo-batrovci,2026-07-28T08:08,30,30 min,hak_croatia,2026-07-28T06:17:00+00:00
bajakovo-batrovci,2026-07-28T08:38,30,30 min,hak_croatia,2026-07-28T06:47:11+00:00
bajakovo-batrovci,2026-07-28T09:28,30,30 min,hak_croatia,2026-07-28T07:36:04+00:00
bajakovo-batrovci,2026-07-28T09:49,30,30 min,hak_croatia,2026-07-28T07:51:11+00:00
bajakovo-batrovci,2026-07-28T10:08,10,10 min,hak_croatia,2026-07-28T08:21:24+00:00
bajakovo-batrovci,2026-07-28T10:38,10,10 min,hak_croatia,2026-07-28T08:51:37+00:00
bajakovo-batrovci,2026-07-28T11:28,10,10 min,hak_croatia,2026-07-28T09:36:56+00:00
bajakovo-batrovci,2026-07-28T11:49,10,10 min,hak_croatia,2026-07-28T09:52:03+00:00
bajakovo-batrovci,2026-07-28T12:08,10,10 min,hak_croatia,2026-07-28T10:16:56+00:00
bajakovo-batrovci,2026-07-28T12:38,10,10 min,hak_croatia,2026-07-28T10:47:08+00:00
bajakovo-batrovci,2026-07-28T13:28,10,10 min,hak_croatia,2026-07-28T11:32:36+00:00
bajakovo-batrovci,2026-07-28T13:51,90,1.5 h,anonymous,2026-07-28T12:02:48+00:00
bajakovo-batrovci,2026-07-28T13:49,10,10 min,hak_croatia,2026-07-28T12:02:48+00:00
bajakovo-batrovci,2026-07-28T14:56,60,60 min,anonymous_,2026-07-28T13:07:27+00:00
bajakovo-batrovci,2026-07-28T15:18,240,4 h,anonymous,2026-07-28T13:22:34+00:00
bajakovo-batrovci,2026-07-28T15:41,240,4 h,anonymous,2026-07-28T13:52:46+00:00
bajakovo-batrovci,2026-07-28T16:03,300,5 h,anonymous,2026-07-28T14:07:53+00:00
bajakovo-batrovci,2026-07-28T17:26,270,4.5 h,anonymous_,2026-07-28T15:34:24+00:00
bajakovo-batrovci,2026-07-28T17:46,240,4 h,anonymous,2026-07-28T15:49:31+00:00
bajakovo-batrovci,2026-07-28T18:51,10,10 min,anonymous,2026-07-28T17:06:02+00:00
bajakovo-batrovci,2026-07-28T19:58,5,5 min,anonymous_,2026-07-28T18:04:35+00:00
bajakovo-batrovci,2026-07-28T20:59,10,10 min,anonymous_,2026-07-28T19:14:17+00:00
bajakovo-batrovci,2026-07-28T21:28,30,30 min,hak_croatia,2026-07-28T19:29:24+00:00
bajakovo-batrovci,2026-07-28T21:49,30,30 min,hak_croatia,2026-07-28T19:59:37+00:00
bajakovo-batrovci,2026-07-28T22:08,30,30 min,hak_croatia,2026-07-28T20:14:45+00:00
bajakovo-batrovci,2026-07-28T22:38,30,30 min,hak_croatia,2026-07-28T20:52:53+00:00
bajakovo-batrovci,2026-07-28T23:28,30,30 min,hak_croatia,2026-07-28T21:36:16+00:00
bajakovo-batrovci,2026-07-28T23:49,30,30 min,hak_croatia,2026-07-28T21:51:22+00:00
bajakovo-batrovci,2026-07-29T00:08,30,30 min,hak_croatia,2026-07-28T22:21:43+00:00
bajakovo-batrovci,2026-07-29T00:38,30,30 min,hak_croatia,2026-07-28T22:40:30+00:00
bajakovo-batrovci,2026-07-29T00:52,45,45 min,anonymous,2026-07-28T22:55:36+00:00
bajakovo-batrovci,2026-07-29T01:56,40,40 min,anonymous_,2026-07-29T00:00:35+00:00
bajakovo-batrovci,2026-07-29T02:08,30,30 min,hak_croatia,2026-07-29T00:15:40+00:00
bajakovo-batrovci,2026-07-29T02:28,30,30 min,hak_croatia,2026-07-29T00:30:46+00:00
bajakovo-batrovci,2026-07-29T02:38,30,30 min,hak_croatia,2026-07-29T00:45:52+00:00
bajakovo-batrovci,2026-07-29T02:49,30,30 min,hak_croatia,2026-07-29T01:00:58+00:00
bajakovo-batrovci,2026-07-29T03:53,25,25 min,anonymous_,2026-07-29T02:14:01+00:00
bajakovo-batrovci,2026-07-29T04:57,20,20 min,anonymous_,2026-07-29T03:14:23+00:00
bajakovo-batrovci,2026-07-29T05:28,30,30 min,hak_croatia,2026-07-29T03:29:30+00:00
bajakovo-batrovci,2026-07-29T05:49,60,60 min,hak_croatia,2026-07-29T03:59:42+00:00
bajakovo-batrovci,2026-07-29T06:08,60,60 min,hak_croatia,2026-07-29T04:14:48+00:00
bajakovo-batrovci,2026-07-29T06:38,60,60 min,hak_croatia,2026-07-29T04:52:19+00:00
bajakovo-batrovci,2026-07-29T07:28,60,60 min,hak_croatia,2026-07-29T05:37:37+00:00
bajakovo-batrovci,2026-07-29T07:49,60,60 min,hak_croatia,2026-07-29T05:52:44+00:00
bajakovo-batrovci,2026-07-29T08:00,5,5 min,anonymous,2026-07-29T06:07:51+00:00
bajakovo-batrovci,2026-07-29T07:54,180,3 h,anonymous,2026-07-29T06:07:51+00:00
bajakovo-batrovci,2026-07-29T08:18,240,4 h,anonymous,2026-07-29T06:22:58+00:00
bajakovo-batrovci,2026-07-29T08:24,5,5 min,anonymous,2026-07-29T06:38:04+00:00
bajakovo-batrovci,2026-07-29T08:45,5,5 min,anonymous,2026-07-29T06:53:39+00:00
bajakovo-batrovci,2026-07-29T09:10,5,5 min,anonymous,2026-07-29T07:23:52+00:00
bajakovo-batrovci,2026-07-29T09:55,5,5 min,anonymous,2026-07-29T07:59:56+00:00
bajakovo-batrovci,2026-07-29T10:36,5,5 min,anonymous,2026-07-29T08:45:28+00:00
bajakovo-batrovci,2026-07-29T11:04,5,5 min,anonymous,2026-07-29T09:15:45+00:00
bajakovo-batrovci,2026-07-29T11:39,5,5 min,anonymous,2026-07-29T09:45:57+00:00
bajakovo-batrovci,2026-07-29T11:39,120,2 h,anonymous,2026-07-29T09:45:57+00:00
bajakovo-batrovci,2026-07-29T12:59,5,5 min,anonymous,2026-07-29T11:00:39+00:00
bajakovo-batrovci,2026-07-29T12:54,30,30 min,anonymous,2026-07-29T11:00:39+00:00
bajakovo-batrovci,2026-07-29T13:35,5,5 min,anonymous,2026-07-29T11:46:00+00:00
bajakovo-batrovci,2026-07-29T13:57,5,5 min,anonymous,2026-07-29T12:01:06+00:00
bajakovo-batrovci,2026-07-29T14:24,120,2 h,anonymous,2026-07-29T12:25:03+00:00
bajakovo-batrovci,2026-07-29T14:35,5,5 min,anonymous,2026-07-29T12:40:11+00:00
bajakovo-batrovci,2026-07-29T14:55,5,5 min,anonymous,2026-07-29T12:55:18+00:00
bajakovo-batrovci,2026-07-29T15:50,5,5 min,anonymous,2026-07-29T13:56:47+00:00
bajakovo-batrovci,2026-07-29T16:38,45,45 min,anonymous,2026-07-29T14:42:07+00:00
bajakovo-batrovci,2026-07-29T17:00,60,60 min,anonymous,2026-07-29T15:10:58+00:00
bajakovo-batrovci,2026-07-29T18:08,60,60 min,hak_croatia,2026-07-29T16:11:22+00:00
bajakovo-batrovci,2026-07-29T17:54,55,55 min,anonymous_,2026-07-29T16:11:22+00:00
bajakovo-batrovci,2026-07-29T18:38,60,60 min,hak_croatia,2026-07-29T16:42:08+00:00
bajakovo-batrovci,2026-07-29T19:44,5,5 min,anonymous,2026-07-29T17:53:34+00:00
bajakovo-batrovci,2026-07-29T20:34,30,30 min,anonymous,2026-07-29T18:38:52+00:00
bajakovo-batrovci,2026-07-29T21:20,120,2 h,anonymous,2026-07-29T19:24:14+00:00
bajakovo-batrovci,2026-07-29T21:09,60,60 min,anonymous,2026-07-29T19:24:14+00:00
bajakovo-batrovci,2026-07-29T22:24,90,1.5 h,anonymous_,2026-07-29T20:39:11+00:00
bajakovo-batrovci,2026-07-29T23:29,60,60 min,anonymous_,2026-07-29T21:40:28+00:00
bajakovo-batrovci,2026-07-30T00:32,120,2 h,anonymous,2026-07-29T22:42:07+00:00
bajakovo-batrovci,2026-07-30T00:28,55,55 min,anonymous_,2026-07-29T22:42:07+00:00
bajakovo-batrovci,2026-07-30T01:01,60,60 min,anonymous,2026-07-29T23:14:03+00:00
bajakovo-batrovci,2026-07-30T01:34,150,2.5 h,anonymous,2026-07-29T23:44:16+00:00
bajakovo-batrovci,2026-07-30T02:57,120,2 h,anonymous_,2026-07-30T01:02:17+00:00
bajakovo-batrovci,2026-07-30T03:02,180,3 h,anonymous,2026-07-30T01:05:57+00:00
bajakovo-batrovci,2026-07-30T03:27,210,3.5 h,anonymous,2026-07-30T01:36:08+00:00
bajakovo-batrovci,2026-07-30T03:53,300,5 h,anonymous,2026-07-30T02:06:19+00:00
bajakovo-batrovci,2026-07-30T04:17,270,4.5 h,anonymous,2026-07-30T02:21:25+00:00
bajakovo-batrovci,2026-07-30T04:51,90,1.5 h,anonymous,2026-07-30T02:51:37+00:00
bajakovo-batrovci,2026-07-30T04:50,180,3 h,anonymous,2026-07-30T02:51:37+00:00
bajakovo-batrovci,2026-07-30T04:49,240,4 h,anonymous,2026-07-30T02:51:37+00:00
bajakovo-batrovci,2026-07-30T05:06,240,4 h,anonymous,2026-07-30T03:06:43+00:00
bajakovo-batrovci,2026-07-30T05:19,180,3 h,anonymous,2026-07-30T03:21:49+00:00
bajakovo-batrovci,2026-07-30T05:15,15,15 min,anonymous,2026-07-30T03:21:49+00:00
bajakovo-batrovci,2026-07-30T05:14,35,35 min,anonymous,2026-07-30T03:21:49+00:00
bajakovo-batrovci,2026-07-30T05:14,120,2 h,anonymous,2026-07-30T03:21:49+00:00
bajakovo-batrovci,2026-07-30T05:50,270,4.5 h,anonymous,2026-07-30T03:52:02+00:00
bajakovo-batrovci,2026-07-30T07:01,5,5 min,anonymous,2026-07-30T05:02:09+00:00
bajakovo-batrovci,2026-07-30T06:47,180,3 h,anonymous,2026-07-30T05:02:09+00:00
bajakovo-batrovci,2026-07-30T07:44,5,5 min,anonymous,2026-07-30T05:47:31+00:00
bajakovo-batrovci,2026-07-30T07:44,240,4 h,anonymous,2026-07-30T05:47:31+00:00
bajakovo-batrovci,2026-07-30T07:38,210,3.5 h,anonymous,2026-07-30T05:47:31+00:00
bajakovo-batrovci,2026-07-30T07:35,180,3 h,anonymous,2026-07-30T05:47:31+00:00
bajakovo-batrovci,2026-07-30T07:54,180,3 h,anonymous,2026-07-30T06:02:37+00:00
bajakovo-batrovci,2026-07-30T08:15,90,1.5 h,anonymous,2026-07-30T06:17:43+00:00
bajakovo-batrovci,2026-07-30T08:18,5,5 min,anonymous,2026-07-30T06:32:49+00:00
bajakovo-batrovci,2026-07-30T08:47,5,5 min,anonymous,2026-07-30T07:01:12+00:00
bajakovo-batrovci,2026-07-30T09:13,5,5 min,anonymous,2026-07-30T07:16:17+00:00
bajakovo-batrovci,2026-07-30T09:26,5,5 min,anonymous,2026-07-30T07:31:23+00:00
bajakovo-batrovci,2026-07-30T09:20,240,4 h,anonymous,2026-07-30T07:31:23+00:00
bajakovo-batrovci,2026-07-30T09:50,5,5 min,anonymous,2026-07-30T08:01:35+00:00
bajakovo-batrovci,2026-07-30T10:39,5,5 min,anonymous,2026-07-30T08:46:50+00:00
bajakovo-batrovci,2026-07-30T10:52,5,5 min,anonymous,2026-07-30T09:01:56+00:00
bajakovo-batrovci,2026-07-30T11:33,120,2 h,anonymous,2026-07-30T09:37:11+00:00
bajakovo-batrovci,2026-07-30T11:28,50,50 min,anonymous,2026-07-30T09:37:11+00:00
bajakovo-batrovci,2026-07-30T11:38,5,5 min,anonymous,2026-07-30T09:52:17+00:00
bajakovo-batrovci,2026-07-30T11:59,240,4 h,anonymous,2026-07-30T10:07:23+00:00
bajakovo-batrovci,2026-07-30T12:17,10,10 min,anonymous,2026-07-30T10:22:28+00:00
bajakovo-batrovci,2026-07-30T12:17,180,3 h,anonymous,2026-07-30T10:22:28+00:00
bajakovo-batrovci,2026-07-30T12:10,390,6.5 h,anonymous,2026-07-30T10:22:28+00:00
bajakovo-batrovci,2026-07-30T12:31,60,60 min,anonymous,2026-07-30T10:37:34+00:00
bajakovo-batrovci,2026-07-30T12:27,10,10 min,anonymous,2026-07-30T10:37:34+00:00
bajakovo-batrovci,2026-07-30T12:53,20,20 min,anonymous,2026-07-30T11:07:45+00:00
bajakovo-batrovci,2026-07-30T13:15,60,60 min,anonymous,2026-07-30T11:22:51+00:00
bajakovo-batrovci,2026-07-30T13:27,180,3 h,anonymous,2026-07-30T11:42:30+00:00
bajakovo-batrovci,2026-07-30T13:43,10,10 min,anonymous,2026-07-30T11:57:41+00:00
bajakovo-batrovci,2026-07-30T14:54,240,4 h,anonymous,2026-07-30T12:58:14+00:00
bajakovo-batrovci,2026-07-30T15:05,10,10 min,anonymous,2026-07-30T13:11:46+00:00
bajakovo-batrovci,2026-07-30T15:24,10,10 min,anonymous,2026-07-30T13:26:54+00:00
bajakovo-batrovci,2026-07-30T15:27,240,4 h,anonymous,2026-07-30T13:42:02+00:00
bajakovo-batrovci,2026-07-30T15:52,240,4 h,anonymous,2026-07-30T13:57:09+00:00
bajakovo-batrovci,2026-07-30T16:54,210,3.5 h,anonymous_,2026-07-30T15:12:47+00:00
bajakovo-batrovci,2026-07-30T17:36,5,5 min,anonymous,2026-07-30T15:42:51+00:00
bajakovo-batrovci,2026-07-30T17:46,25,25 min,anonymous,2026-07-30T15:57:58+00:00
bajakovo-batrovci,2026-07-30T18:53,40,40 min,anonymous,2026-07-30T16:58:25+00:00
bajakovo-batrovci,2026-07-30T20:01,120,2 h,anonymous,2026-07-30T18:07:10+00:00
bajakovo-batrovci,2026-07-30T19:55,35,35 min,anonymous_,2026-07-30T18:07:10+00:00
bajakovo-batrovci,2026-07-30T20:29,10,10 min,anonymous,2026-07-30T18:37:23+00:00
bajakovo-batrovci,2026-07-30T21:38,50,50 min,anonymous,2026-07-30T19:43:37+00:00
bajakovo-batrovci,2026-07-30T21:24,5,5 min,anonymous_,2026-07-30T19:43:37+00:00
bajakovo-batrovci,2026-07-30T21:44,60,60 min,anonymous,2026-07-30T19:58:44+00:00
bajakovo-batrovci,2026-07-30T22:34,180,3 h,anonymous,2026-07-30T20:38:34+00:00
bajakovo-batrovci,2026-07-30T23:16,300,5 h,anonymous,2026-07-30T21:23:58+00:00
bajakovo-batrovci,2026-07-31T00:18,300,5 h,anonymous,2026-07-30T22:22:04+00:00
bajakovo-batrovci,2026-07-31T00:35,90,1.5 h,anonymous,2026-07-30T22:37:11+00:00
bajakovo-batrovci,2026-07-31T01:03,240,4 h,anonymous,2026-07-30T23:15:22+00:00
bajakovo-batrovci,2026-07-31T02:29,210,3.5 h,anonymous_,2026-07-31T00:31:33+00:00
bajakovo-batrovci,2026-07-31T02:38,60,60 min,hak_croatia,2026-07-31T00:46:45+00:00
bajakovo-batrovci,2026-07-31T03:57,55,55 min,anonymous_,2026-07-31T02:03:26+00:00
bajakovo-batrovci,2026-07-31T04:08,60,60 min,hak_croatia,2026-07-31T02:18:33+00:00
bajakovo-batrovci,2026-07-31T04:38,60,60 min,hak_croatia,2026-07-31T02:48:44+00:00
bajakovo-batrovci,2026-07-31T05:00,300,5 h,anonymous,2026-07-31T03:03:50+00:00
bajakovo-batrovci,2026-07-31T05:53,270,4.5 h,anonymous_,2026-07-31T04:04:40+00:00
bajakovo-batrovci,2026-07-31T06:08,60,60 min,hak_croatia,2026-07-31T04:19:46+00:00
bajakovo-batrovci,2026-07-31T06:32,240,4 h,anonymous,2026-07-31T04:34:52+00:00
bajakovo-batrovci,2026-07-31T06:31,150,2.5 h,anonymous,2026-07-31T04:34:52+00:00
bajakovo-batrovci,2026-07-31T06:39,150,2.5 h,anonymous,2026-07-31T04:48:26+00:00
bajakovo-batrovci,2026-07-31T07:53,120,2 h,anonymous_,2026-07-31T06:04:00+00:00
bajakovo-batrovci,2026-07-31T08:08,300,5 h,hak_croatia,2026-07-31T06:19:07+00:00
bajakovo-batrovci,2026-07-31T08:23,90,1.5 h,anonymous,2026-07-31T06:34:14+00:00
bajakovo-batrovci,2026-07-31T08:19,60,60 min,anonymous,2026-07-31T06:34:14+00:00
bajakovo-batrovci,2026-07-31T08:46,10,10 min,anonymous,2026-07-31T06:49:21+00:00
bajakovo-batrovci,2026-07-31T08:56,50,50 min,anonymous,2026-07-31T07:04:28+00:00
bajakovo-batrovci,2026-07-31T09:17,90,1.5 h,anonymous,2026-07-31T07:19:35+00:00
bajakovo-batrovci,2026-07-31T09:07,10,10 min,anonymous,2026-07-31T07:19:35+00:00
bajakovo-batrovci,2026-07-31T09:25,10,10 min,anonymous,2026-07-31T07:34:42+00:00
bajakovo-batrovci,2026-07-31T09:38,240,4 h,anonymous,2026-07-31T07:40:44+00:00
bajakovo-batrovci,2026-07-31T09:53,240,4 h,anonymous,2026-07-31T07:55:51+00:00
bajakovo-batrovci,2026-07-31T09:46,10,10 min,anonymous,2026-07-31T07:55:51+00:00
bajakovo-batrovci,2026-07-31T09:44,240,4 h,anonymous,2026-07-31T07:55:51+00:00
bajakovo-batrovci,2026-07-31T09:42,180,3 h,anonymous,2026-07-31T07:55:51+00:00
bajakovo-batrovci,2026-07-31T10:01,300,5 h,anonymous,2026-07-31T08:10:58+00:00
bajakovo-batrovci,2026-07-31T10:26,60,60 min,anonymous,2026-07-31T08:26:36+00:00
bajakovo-batrovci,2026-07-31T10:37,90,1.5 h,anonymous,2026-07-31T08:41:48+00:00
bajakovo-batrovci,2026-07-31T10:36,240,4 h,anonymous,2026-07-31T08:41:48+00:00
bajakovo-batrovci,2026-07-31T10:27,10,10 min,anonymous,2026-07-31T08:41:48+00:00
bajakovo-batrovci,2026-07-31T10:49,10,10 min,anonymous,2026-07-31T08:56:56+00:00
bajakovo-batrovci,2026-07-31T11:07,480,8 h,anonymous,2026-07-31T09:12:02+00:00
bajakovo-batrovci,2026-07-31T10:57,240,4 h,anonymous,2026-07-31T09:12:02+00:00
bajakovo-batrovci,2026-07-31T11:38,10,10 min,anonymous,2026-07-31T09:42:16+00:00
bajakovo-batrovci,2026-07-31T11:38,240,4 h,anonymous,2026-07-31T09:42:16+00:00
bajakovo-batrovci,2026-07-31T11:56,240,4 h,anonymous,2026-07-31T09:57:24+00:00
bajakovo-batrovci,2026-07-31T12:03,10,10 min,anonymous,2026-07-31T10:12:31+00:00
bajakovo-batrovci,2026-07-31T12:28,90,1.5 h,anonymous,2026-07-31T10:37:59+00:00
bajakovo-batrovci,2026-07-31T12:42,10,10 min,anonymous,2026-07-31T10:53:05+00:00
bajakovo-batrovci,2026-07-31T13:01,180,3 h,anonymous,2026-07-31T11:08:11+00:00
bajakovo-batrovci,2026-07-31T13:08,10,10 min,anonymous,2026-07-31T11:23:17+00:00
bajakovo-batrovci,2026-07-31T13:34,240,4 h,anonymous,2026-07-31T11:38:24+00:00
bajakovo-batrovci,2026-07-31T13:45,240,4 h,anonymous,2026-07-31T11:53:30+00:00
bajakovo-batrovci,2026-07-31T13:42,10,10 min,anonymous,2026-07-31T11:53:30+00:00
bajakovo-batrovci,2026-07-31T14:15,480,8 h,anonymous,2026-07-31T12:23:42+00:00
bajakovo-batrovci,2026-07-31T14:45,720,12 h,anonymous,2026-07-31T12:46:00+00:00
bajakovo-batrovci,2026-07-31T14:50,15,15 min,anonymous,2026-07-31T13:01:06+00:00
bajakovo-batrovci,2026-07-31T14:49,60,60 min,anonymous,2026-07-31T13:01:06+00:00
bajakovo-batrovci,2026-07-31T14:49,300,5 h,anonymous,2026-07-31T13:01:06+00:00
bajakovo-batrovci,2026-07-31T14:49,540,9 h,anonymous,2026-07-31T13:01:06+00:00
bajakovo-batrovci,2026-07-31T15:05,150,2.5 h,anonymous,2026-07-31T13:16:12+00:00
bajakovo-batrovci,2026-07-31T15:17,360,6 h,anonymous,2026-07-31T13:31:18+00:00
bajakovo-batrovci,2026-07-31T15:48,10,10 min,anonymous,2026-07-31T14:01:31+00:00
bajakovo-batrovci,2026-07-31T15:48,120,2 h,anonymous,2026-07-31T14:01:31+00:00
bajakovo-batrovci,2026-07-31T16:35,45,45 min,anonymous,2026-07-31T14:46:49+00:00
bajakovo-batrovci,2026-07-31T16:55,60,60 min,anonymous,2026-07-31T15:01:56+00:00
bajakovo-batrovci,2026-07-31T17:47,10,10 min,anonymous,2026-07-31T15:50:54+00:00
bajakovo-batrovci,2026-07-31T18:17,60,60 min,anonymous,2026-07-31T16:21:06+00:00
bajakovo-batrovci,2026-07-31T19:28,55,55 min,anonymous_,2026-07-31T17:39:44+00:00
bajakovo-batrovci,2026-07-31T20:38,60,60 min,hak_croatia,2026-07-31T18:40:10+00:00
bajakovo-batrovci,2026-07-31T20:26,50,50 min,anonymous_,2026-07-31T18:40:10+00:00
bajakovo-batrovci,2026-07-31T20:46,210,3.5 h,anonymous,2026-07-31T18:56:14+00:00
bajakovo-batrovci,2026-07-31T21:08,5,5 min,anonymous,2026-07-31T19:11:21+00:00
bajakovo-batrovci,2026-07-31T21:47,240,4 h,anonymous,2026-07-31T19:56:40+00:00
bajakovo-batrovci,2026-07-31T22:41,120,2 h,anonymous,2026-07-31T20:42:33+00:00
bajakovo-batrovci,2026-07-31T23:57,90,1.5 h,anonymous_,2026-07-31T22:02:16+00:00
bajakovo-batrovci,2026-08-01T00:07,180,3 h,anonymous,2026-07-31T22:17:22+00:00
bajakovo-batrovci,2026-08-01T00:48,180,3 h,anonymous,2026-07-31T22:53:55+00:00
bajakovo-batrovci,2026-08-01T01:33,420,7 h,anonymous,2026-07-31T23:39:15+00:00
bajakovo-batrovci,2026-08-01T02:19,210,3.5 h,anonymous,2026-08-01T00:31:57+00:00
bajakovo-batrovci,2026-08-01T03:27,180,3 h,anonymous_,2026-08-01T01:35:07+00:00
bajakovo-batrovci,2026-08-01T04:08,120,2 h,hak_croatia,2026-08-01T02:20:26+00:00
bajakovo-batrovci,2026-08-01T04:33,120,2 h,anonymous,2026-08-01T02:35:33+00:00
bajakovo-batrovci,2026-08-01T04:49,120,2 h,anonymous,2026-08-01T02:50:40+00:00
bajakovo-batrovci,2026-08-01T05:55,90,1.5 h,anonymous_,2026-08-01T04:06:12+00:00
bajakovo-batrovci,2026-08-01T06:08,10,10 min,hak_croatia,2026-08-01T04:21:19+00:00
bajakovo-batrovci,2026-08-01T06:38,10,10 min,hak_croatia,2026-08-01T04:43:31+00:00
bajakovo-batrovci,2026-08-01T07:03,240,4 h,anonymous,2026-08-01T05:13:43+00:00
bajakovo-batrovci,2026-08-01T07:42,180,3 h,anonymous,2026-08-01T05:43:54+00:00
bajakovo-batrovci,2026-08-01T07:34,180,3 h,anonymous,2026-08-01T05:43:54+00:00
bajakovo-batrovci,2026-08-01T08:29,210,3.5 h,anonymous,2026-08-01T06:44:19+00:00
bajakovo-batrovci,2026-08-01T09:27,180,3 h,anonymous_,2026-08-01T07:34:18+00:00
bajakovo-batrovci,2026-08-01T10:01,10,10 min,anonymous,2026-08-01T08:05:06+00:00
bajakovo-batrovci,2026-08-01T10:06,10,10 min,anonymous,2026-08-01T08:20:13+00:00
bajakovo-batrovci,2026-08-01T10:33,10,10 min,anonymous,2026-08-01T08:35:19+00:00
bajakovo-batrovci,2026-08-01T10:49,180,3 h,anonymous,2026-08-01T08:50:32+00:00
bajakovo-batrovci,2026-08-01T10:43,10,10 min,anonymous,2026-08-01T08:50:32+00:00
bajakovo-batrovci,2026-08-01T10:38,240,4 h,anonymous,2026-08-01T08:50:32+00:00
bajakovo-batrovci,2026-08-01T10:55,10,10 min,anonymous,2026-08-01T09:05:38+00:00
bajakovo-batrovci,2026-08-01T11:12,10,10 min,anonymous,2026-08-01T09:20:44+00:00
bajakovo-batrovci,2026-08-01T11:07,240,4 h,anonymous,2026-08-01T09:20:44+00:00
bajakovo-batrovci,2026-08-01T11:22,10,10 min,anonymous,2026-08-01T09:28:24+00:00
bajakovo-batrovci,2026-08-01T11:31,240,4 h,anonymous,2026-08-01T09:43:39+00:00
bajakovo-batrovci,2026-08-01T11:30,15,15 min,anonymous,2026-08-01T09:43:39+00:00
bajakovo-batrovci,2026-08-01T11:56,480,8 h,anonymous,2026-08-01T09:58:46+00:00
bajakovo-batrovci,2026-08-01T11:54,660,11 h,anonymous,2026-08-01T09:58:46+00:00
bajakovo-batrovci,2026-08-01T11:51,420,7 h,anonymous,2026-08-01T09:58:46+00:00
bajakovo-batrovci,2026-08-01T11:51,300,5 h,anonymous,2026-08-01T09:58:46+00:00
bajakovo-batrovci,2026-08-01T12:12,660,11 h,anonymous,2026-08-01T10:13:54+00:00
bajakovo-batrovci,2026-08-01T13:28,630,10.5 h,anonymous_,2026-08-01T11:34:13+00:00
bajakovo-batrovci,2026-08-01T14:25,600,10 h,anonymous_,2026-08-01T12:40:09+00:00
bajakovo-batrovci,2026-08-01T14:53,10,10 min,anonymous,2026-08-01T12:55:16+00:00
bajakovo-batrovci,2026-08-01T14:53,240,4 h,anonymous,2026-08-01T12:55:16+00:00
bajakovo-batrovci,2026-08-01T14:52,420,7 h,anonymous,2026-08-01T12:55:16+00:00
bajakovo-batrovci,2026-08-01T15:07,240,4 h,anonymous,2026-08-01T13:10:23+00:00
bajakovo-batrovci,2026-08-01T15:18,480,8 h,anonymous,2026-08-01T13:26:09+00:00
bajakovo-batrovci,2026-08-01T15:41,480,8 h,anonymous,2026-08-01T13:41:16+00:00
bajakovo-batrovci,2026-08-01T15:36,360,6 h,anonymous,2026-08-01T13:41:16+00:00
bajakovo-batrovci,2026-08-01T15:50,270,4.5 h,anonymous,2026-08-01T13:56:24+00:00
bajakovo-batrovci,2026-08-01T16:35,330,5.5 h,anonymous,2026-08-01T14:47:20+00:00
bajakovo-batrovci,2026-08-01T16:57,360,6 h,anonymous,2026-08-01T15:02:25+00:00
bajakovo-batrovci,2026-08-01T17:31,420,7 h,anonymous,2026-08-01T15:42:43+00:00
bajakovo-batrovci,2026-08-01T18:37,540,9 h,anonymous,2026-08-01T16:47:44+00:00
bajakovo-batrovci,2026-08-01T19:13,780,13 h,anonymous,2026-08-01T17:17:56+00:00
bajakovo-batrovci,2026-08-01T20:12,15,15 min,anonymous,2026-08-01T18:13:16+00:00
bajakovo-batrovci,2026-08-01T20:12,180,3 h,anonymous,2026-08-01T18:13:16+00:00
bajakovo-batrovci,2026-08-01T20:12,360,6 h,anonymous,2026-08-01T18:13:16+00:00
bajakovo-batrovci,2026-08-01T20:02,570,9.5 h,anonymous,2026-08-01T18:13:16+00:00
bajakovo-batrovci,2026-08-01T20:24,240,4 h,anonymous,2026-08-01T18:28:23+00:00
bajakovo-batrovci,2026-08-01T20:29,15,15 min,anonymous,2026-08-01T18:34:19+00:00
bajakovo-batrovci,2026-08-01T20:47,240,4 h,anonymous,2026-08-01T18:49:26+00:00
bajakovo-batrovci,2026-08-01T20:39,15,15 min,anonymous,2026-08-01T18:49:26+00:00
bajakovo-batrovci,2026-08-01T20:58,480,8 h,anonymous,2026-08-01T19:04:32+00:00
bajakovo-batrovci,2026-08-01T21:25,15,15 min,anonymous,2026-08-01T19:34:48+00:00
bajakovo-batrovci,2026-08-01T21:20,15,15 min,anonymous,2026-08-01T19:34:48+00:00
bajakovo-batrovci,2026-08-01T21:20,240,4 h,anonymous,2026-08-01T19:34:48+00:00
bajakovo-batrovci,2026-08-01T21:49,15,15 min,anonymous,2026-08-01T19:49:29+00:00
bajakovo-batrovci,2026-08-01T21:48,210,3.5 h,anonymous,2026-08-01T19:49:29+00:00
bajakovo-batrovci,2026-08-01T21:37,15,15 min,anonymous,2026-08-01T19:49:29+00:00
bajakovo-batrovci,2026-08-01T21:53,240,4 h,anonymous,2026-08-01T20:05:31+00:00
bajakovo-batrovci,2026-08-01T22:10,330,5.5 h,anonymous,2026-08-01T20:20:37+00:00
bajakovo-batrovci,2026-08-01T22:50,120,2 h,anonymous,2026-08-01T20:52:26+00:00
bajakovo-batrovci,2026-08-01T22:42,10,10 min,anonymous,2026-08-01T20:52:26+00:00
bajakovo-batrovci,2026-08-01T22:42,90,1.5 h,anonymous,2026-08-01T20:52:26+00:00
bajakovo-batrovci,2026-08-01T23:06,10,10 min,anonymous,2026-08-01T21:07:31+00:00
bajakovo-batrovci,2026-08-01T23:19,420,7 h,anonymous,2026-08-01T21:22:38+00:00
bajakovo-batrovci,2026-08-01T23:10,180,3 h,anonymous,2026-08-01T21:22:38+00:00
bajakovo-batrovci,2026-08-02T00:28,390,6.5 h,anonymous_,2026-08-01T22:33:48+00:00
bajakovo-batrovci,2026-08-02T00:46,240,4 h,anonymous,2026-08-01T22:48:55+00:00
bajakovo-batrovci,2026-08-02T00:34,150,2.5 h,anonymous,2026-08-01T22:48:55+00:00
bajakovo-batrovci,2026-08-02T01:16,5,5 min,anonymous,2026-08-01T23:19:07+00:00
bajakovo-batrovci,2026-08-02T01:56,10,10 min,anonymous,2026-08-02T00:05:11+00:00
bajakovo-batrovci,2026-08-02T03:05,330,5.5 h,anonymous,2026-08-02T01:05:31+00:00
bajakovo-batrovci,2026-08-02T03:04,300,5 h,anonymous,2026-08-02T01:05:31+00:00
bajakovo-batrovci,2026-08-02T03:01,180,3 h,anonymous,2026-08-02T01:05:31+00:00
bajakovo-batrovci,2026-08-02T02:57,5,5 min,anonymous_,2026-08-02T01:05:31+00:00
bajakovo-batrovci,2026-08-02T03:53,270,4.5 h,anonymous,2026-08-02T01:56:57+00:00
bajakovo-batrovci,2026-08-02T04:59,240,4 h,anonymous_,2026-08-02T03:12:24+00:00
bajakovo-batrovci,2026-08-02T05:34,300,5 h,anonymous,2026-08-02T03:42:35+00:00
bajakovo-batrovci,2026-08-02T06:04,120,2 h,anonymous,2026-08-02T04:12:45+00:00
bajakovo-batrovci,2026-08-02T06:14,270,4.5 h,anonymous,2026-08-02T04:27:51+00:00
bajakovo-batrovci,2026-08-02T06:35,330,5.5 h,anonymous,2026-08-02T04:42:56+00:00
bajakovo-batrovci,2026-08-02T07:56,300,5 h,anonymous_,2026-08-02T06:14:34+00:00
bajakovo-batrovci,2026-08-02T08:56,270,4.5 h,anonymous_,2026-08-02T07:14:59+00:00
bajakovo-batrovci,2026-08-02T09:28,180,3 h,hak_croatia,2026-08-02T07:40:02+00:00
bajakovo-batrovci,2026-08-02T09:49,180,3 h,hak_croatia,2026-08-02T07:55:10+00:00
bajakovo-batrovci,2026-08-02T09:58,300,5 h,anonymous,2026-08-02T08:10:17+00:00
bajakovo-batrovci,2026-08-02T10:57,270,4.5 h,anonymous_,2026-08-02T09:10:45+00:00
bajakovo-batrovci,2026-08-02T11:24,420,7 h,anonymous,2026-08-02T09:25:53+00:00
bajakovo-batrovci,2026-08-02T11:50,240,4 h,anonymous,2026-08-02T09:51:03+00:00
bajakovo-batrovci,2026-08-02T12:28,40,40 min,anonymous,2026-08-02T10:36:21+00:00
bajakovo-batrovci,2026-08-02T12:58,180,3 h,anonymous,2026-08-02T11:05:25+00:00
bajakovo-batrovci,2026-08-02T13:15,120,2 h,anonymous,2026-08-02T11:20:32+00:00
bajakovo-batrovci,2026-08-02T14:04,5,5 min,anonymous,2026-08-02T12:05:53+00:00
bajakovo-batrovci,2026-08-02T13:55,40,40 min,anonymous,2026-08-02T12:05:53+00:00
bajakovo-batrovci,2026-08-02T14:38,240,4 h,anonymous,2026-08-02T12:43:15+00:00
bajakovo-batrovci,2026-08-02T14:43,150,2.5 h,anonymous,2026-08-02T12:58:22+00:00
bajakovo-batrovci,2026-08-02T15:02,120,2 h,anonymous,2026-08-02T13:13:28+00:00
bajakovo-batrovci,2026-08-02T15:00,150,2.5 h,anonymous,2026-08-02T13:13:28+00:00
bajakovo-batrovci,2026-08-02T16:16,5,5 min,anonymous,2026-08-02T14:18:24+00:00
bajakovo-batrovci,2026-08-02T16:09,50,50 min,anonymous,2026-08-02T14:18:24+00:00
bajakovo-batrovci,2026-08-02T16:31,120,2 h,anonymous,2026-08-02T14:33:30+00:00
bajakovo-batrovci,2026-08-02T16:28,50,50 min,anonymous,2026-08-02T14:33:30+00:00
bajakovo-batrovci,2026-08-02T16:43,15,15 min,anonymous,2026-08-02T14:48:37+00:00
bajakovo-batrovci,2026-08-02T17:27,5,5 min,anonymous,2026-08-02T15:29:06+00:00
bajakovo-batrovci,2026-08-02T17:24,20,20 min,anonymous,2026-08-02T15:29:06+00:00
bajakovo-batrovci,2026-08-02T17:38,50,50 min,anonymous,2026-08-02T15:44:13+00:00
bajakovo-batrovci,2026-08-02T17:55,5,5 min,anonymous,2026-08-02T15:59:19+00:00
bajakovo-batrovci,2026-08-02T18:10,25,25 min,anonymous,2026-08-02T16:14:34+00:00
bajakovo-batrovci,2026-08-02T19:24,20,20 min,anonymous_,2026-08-02T17:38:57+00:00
bajakovo-batrovci,2026-08-02T20:08,60,60 min,hak_croatia,2026-08-02T18:09:11+00:00
bajakovo-batrovci,2026-08-02T20:10,10,10 min,anonymous,2026-08-02T18:24:18+00:00
bajakovo-batrovci,2026-08-02T20:44,90,1.5 h,anonymous,2026-08-02T18:45:02+00:00
bajakovo-batrovci,2026-08-02T21:15,90,1.5 h,anonymous,2026-08-02T19:15:44+00:00
bajakovo-batrovci,2026-08-02T21:44,210,3.5 h,anonymous,2026-08-02T19:46:29+00:00
bajakovo-batrovci,2026-08-02T22:23,120,2 h,anonymous,2026-08-02T20:31:20+00:00
bajakovo-batrovci,2026-08-02T23:27,90,1.5 h,anonymous_,2026-08-02T21:37:22+00:00
bajakovo-batrovci,2026-08-02T23:49,120,2 h,hak_croatia,2026-08-02T21:52:29+00:00
bajakovo-batrovci,2026-08-03T00:08,120,2 h,hak_croatia,2026-08-02T22:08:24+00:00
bajakovo-batrovci,2026-08-03T00:27,150,2.5 h,anonymous,2026-08-02T22:38:42+00:00
bajakovo-batrovci,2026-08-03T01:23,120,2 h,anonymous_,2026-08-02T23:31:10+00:00
bajakovo-batrovci,2026-08-03T01:49,120,2 h,hak_croatia,2026-08-03T00:01:22+00:00
bajakovo-batrovci,2026-08-03T02:08,120,2 h,hak_croatia,2026-08-03T00:16:28+00:00
bajakovo-batrovci,2026-08-03T02:28,120,2 h,hak_croatia,2026-08-03T00:31:35+00:00
bajakovo-batrovci,2026-08-03T02:38,120,2 h,hak_croatia,2026-08-03T00:46:41+00:00
bajakovo-batrovci,2026-08-03T02:49,120,2 h,hak_croatia,2026-08-03T00:59:33+00:00
bajakovo-batrovci,2026-08-03T04:08,120,2 h,hak_croatia,2026-08-03T02:14:58+00:00
bajakovo-batrovci,2026-08-03T03:56,90,1.5 h,anonymous_,2026-08-03T02:14:58+00:00
bajakovo-batrovci,2026-08-03T04:38,120,2 h,hak_croatia,2026-08-03T02:45:22+00:00
bajakovo-batrovci,2026-08-03T05:28,120,2 h,hak_croatia,2026-08-03T03:30:37+00:00
bajakovo-batrovci,2026-08-03T05:49,120,2 h,hak_croatia,2026-08-03T04:00:48+00:00
bajakovo-batrovci,2026-08-03T06:08,120,2 h,hak_croatia,2026-08-03T04:15:53+00:00
bajakovo-batrovci,2026-08-03T06:38,120,2 h,hak_croatia,2026-08-03T04:40:13+00:00
bajakovo-batrovci,2026-08-03T06:50,60,60 min,anonymous,2026-08-03T04:55:20+00:00
bajakovo-batrovci,2026-08-03T06:42,5,5 min,anonymous,2026-08-03T04:55:20+00:00
bajakovo-batrovci,2026-08-03T07:14,5,5 min,anonymous,2026-08-03T05:25:34+00:00
bajakovo-batrovci,2026-08-03T08:24,10,10 min,anonymous,2026-08-03T06:26:02+00:00
bajakovo-batrovci,2026-08-03T08:21,180,3 h,anonymous,2026-08-03T06:26:02+00:00
bajakovo-batrovci,2026-08-03T08:47,10,10 min,anonymous,2026-08-03T06:56:17+00:00
bajakovo-batrovci,2026-08-03T09:11,10,10 min,anonymous,2026-08-03T07:11:26+00:00
bajakovo-batrovci,2026-08-03T09:35,10,10 min,anonymous,2026-08-03T07:41:56+00:00
bajakovo-batrovci,2026-08-03T09:45,55,55 min,anonymous,2026-08-03T07:57:11+00:00
bajakovo-batrovci,2026-08-03T10:11,10,10 min,anonymous,2026-08-03T08:12:33+00:00
bajakovo-batrovci,2026-08-03T10:02,40,40 min,anonymous,2026-08-03T08:12:33+00:00
bajakovo-batrovci,2026-08-03T10:01,5,5 min,anonymous,2026-08-03T08:12:33+00:00
bajakovo-batrovci,2026-08-03T10:28,10,10 min,anonymous,2026-08-03T08:30:46+00:00
bajakovo-batrovci,2026-08-03T10:37,40,40 min,anonymous,2026-08-03T08:45:59+00:00
bajakovo-batrovci,2026-08-03T11:06,10,10 min,anonymous,2026-08-03T09:16:15+00:00
bajakovo-batrovci,2026-08-03T11:42,10,10 min,anonymous,2026-08-03T09:46:30+00:00
bajakovo-batrovci,2026-08-03T11:32,10,10 min,anonymous,2026-08-03T09:46:30+00:00
bajakovo-batrovci,2026-08-03T12:14,60,60 min,anonymous,2026-08-03T10:16:44+00:00
bajakovo-batrovci,2026-08-03T12:06,90,1.5 h,anonymous,2026-08-03T10:16:44+00:00
bajakovo-batrovci,2026-08-03T12:30,10,10 min,anonymous,2026-08-03T10:31:52+00:00
bajakovo-batrovci,2026-08-03T12:42,10,10 min,anonymous,2026-08-03T10:46:59+00:00
bajakovo-batrovci,2026-08-03T13:08,10,10 min,anonymous,2026-08-03T11:17:13+00:00
bajakovo-batrovci,2026-08-03T13:32,10,10 min,anonymous,2026-08-03T11:32:21+00:00
bajakovo-batrovci,2026-08-03T13:39,240,4 h,anonymous,2026-08-03T11:47:29+00:00
bajakovo-batrovci,2026-08-03T13:52,10,10 min,anonymous,2026-08-03T12:05:09+00:00
bajakovo-batrovci,2026-08-03T14:20,10,10 min,anonymous,2026-08-03T12:20:16+00:00
bajakovo-batrovci,2026-08-03T14:09,90,1.5 h,anonymous,2026-08-03T12:20:16+00:00
bajakovo-batrovci,2026-08-03T15:23,10,10 min,anonymous,2026-08-03T13:36:39+00:00
bajakovo-batrovci,2026-08-03T16:00,10,10 min,anonymous,2026-08-03T14:07:06+00:00
bajakovo-batrovci,2026-08-03T15:56,50,50 min,anonymous,2026-08-03T14:07:06+00:00
bajakovo-batrovci,2026-08-03T16:47,90,1.5 h,anonymous,2026-08-03T14:52:25+00:00
bajakovo-batrovci,2026-08-03T16:37,10,10 min,anonymous,2026-08-03T14:52:25+00:00
bajakovo-batrovci,2026-08-03T17:16,240,4 h,anonymous,2026-08-03T15:22:38+00:00
bajakovo-batrovci,2026-08-03T17:15,45,45 min,anonymous,2026-08-03T15:22:38+00:00
bajakovo-batrovci,2026-08-03T17:29,10,10 min,anonymous,2026-08-03T15:37:44+00:00
bajakovo-batrovci,2026-08-03T17:28,120,2 h,anonymous,2026-08-03T15:37:44+00:00
bajakovo-batrovci,2026-08-03T17:51,60,60 min,anonymous,2026-08-03T15:52:51+00:00
bajakovo-batrovci,2026-08-03T19:04,240,4 h,anonymous,2026-08-03T17:09:31+00:00
bajakovo-batrovci,2026-08-03T18:53,55,55 min,anonymous_,2026-08-03T17:09:31+00:00
bajakovo-batrovci,2026-08-03T20:38,60,60 min,hak_croatia,2026-08-03T18:44:35+00:00
bajakovo-batrovci,2026-08-03T20:28,210,3.5 h,anonymous_,2026-08-03T18:44:35+00:00
bajakovo-batrovci,2026-08-03T21:04,35,35 min,anonymous,2026-08-03T19:14:47+00:00
bajakovo-batrovci,2026-08-03T22:28,30,30 min,anonymous_,2026-08-03T20:31:36+00:00
bajakovo-batrovci,2026-08-03T22:38,60,60 min,hak_croatia,2026-08-03T20:46:42+00:00
bajakovo-batrovci,2026-08-03T23:04,120,2 h,anonymous,2026-08-03T21:16:55+00:00
bajakovo-batrovci,2026-08-04T00:32,15,15 min,anonymous,2026-08-03T22:34:46+00:00
bajakovo-batrovci,2026-08-04T00:23,90,1.5 h,anonymous_,2026-08-03T22:34:46+00:00
bajakovo-batrovci,2026-08-04T01:37,45,45 min,anonymous,2026-08-03T23:37:44+00:00
bajakovo-batrovci,2026-08-04T02:56,40,40 min,anonymous_,2026-08-04T01:01:48+00:00
bajakovo-batrovci,2026-08-04T03:19,60,60 min,anonymous,2026-08-04T01:25:40+00:00
bajakovo-batrovci,2026-08-04T04:28,55,55 min,anonymous_,2026-08-04T02:41:10+00:00
bajakovo-batrovci,2026-08-04T05:25,50,50 min,anonymous_,2026-08-04T03:41:34+00:00
bajakovo-batrovci,2026-08-04T06:08,10,10 min,hak_croatia,2026-08-04T04:11:46+00:00
bajakovo-batrovci,2026-08-04T06:38,10,10 min,hak_croatia,2026-08-04T04:49:20+00:00
bajakovo-batrovci,2026-08-04T08:04,90,1.5 h,anonymous,2026-08-04T06:04:51+00:00
bajakovo-batrovci,2026-08-04T07:53,5,5 min,anonymous_,2026-08-04T06:04:51+00:00
bajakovo-batrovci,2026-08-04T08:33,10,10 min,anonymous,2026-08-04T06:35:03+00:00
bajakovo-batrovci,2026-08-04T08:47,10,10 min,anonymous,2026-08-04T06:50:14+00:00
bajakovo-batrovci,2026-08-04T08:53,40,40 min,anonymous,2026-08-04T07:05:20+00:00
bajakovo-batrovci,2026-08-04T09:11,10,10 min,anonymous,2026-08-04T07:20:03+00:00
bajakovo-batrovci,2026-08-04T09:31,10,10 min,anonymous,2026-08-04T07:35:10+00:00
bajakovo-batrovci,2026-08-04T10:03,10,10 min,anonymous,2026-08-04T08:05:24+00:00
bajakovo-batrovci,2026-08-04T10:20,25,25 min,anonymous,2026-08-04T08:35:40+00:00
bajakovo-batrovci,2026-08-04T11:29,20,20 min,anonymous_,2026-08-04T09:36:05+00:00
bajakovo-batrovci,2026-08-04T11:49,30,30 min,hak_croatia,2026-08-04T09:51:12+00:00
bajakovo-batrovci,2026-08-04T12:08,30,30 min,hak_croatia,2026-08-04T10:20:31+00:00
bajakovo-batrovci,2026-08-04T12:25,240,4 h,anonymous,2026-08-04T10:35:49+00:00
bajakovo-batrovci,2026-08-04T13:27,210,3.5 h,anonymous_,2026-08-04T11:36:17+00:00
bajakovo-batrovci,2026-08-04T13:41,25,25 min,anonymous,2026-08-04T11:51:24+00:00
bajakovo-batrovci,2026-08-04T14:36,120,2 h,anonymous,2026-08-04T12:46:25+00:00
bajakovo-batrovci,2026-08-04T15:58,90,1.5 h,anonymous_,2026-08-04T14:01:59+00:00
bajakovo-batrovci,2026-08-04T16:53,60,60 min,anonymous_,2026-08-04T15:00:26+00:00
bajakovo-batrovci,2026-08-04T17:01,150,2.5 h,anonymous,2026-08-04T15:15:39+00:00
bajakovo-batrovci,2026-08-04T17:36,15,15 min,anonymous,2026-08-04T15:45:56+00:00
bajakovo-batrovci,2026-08-04T18:55,10,10 min,anonymous_,2026-08-04T17:14:02+00:00
bajakovo-batrovci,2026-08-04T19:28,30,30 min,hak_croatia,2026-08-04T17:29:09+00:00
bajakovo-batrovci,2026-08-04T19:49,30,30 min,hak_croatia,2026-08-04T17:59:23+00:00
bajakovo-batrovci,2026-08-04T20:08,30,30 min,hak_croatia,2026-08-04T18:14:38+00:00
bajakovo-batrovci,2026-08-04T20:28,150,2.5 h,anonymous,2026-08-04T18:34:57+00:00
bajakovo-batrovci,2026-08-04T21:23,50,50 min,anonymous,2026-08-04T19:35:25+00:00
bajakovo-batrovci,2026-08-04T22:02,120,2 h,anonymous,2026-08-04T20:04:08+00:00
bajakovo-batrovci,2026-08-04T23:31,90,1.5 h,anonymous,2026-08-04T21:38:50+00:00
bajakovo-batrovci,2026-08-04T23:28,90,1.5 h,anonymous_,2026-08-04T21:38:50+00:00
bajakovo-batrovci,2026-08-05T00:58,60,60 min,anonymous_,2026-08-04T23:10:02+00:00
bajakovo-batrovci,2026-08-05T01:53,55,55 min,anonymous_,2026-08-05T00:02:17+00:00
bajakovo-batrovci,2026-08-05T02:54,50,50 min,anonymous_,2026-08-05T01:02:44+00:00
bajakovo-batrovci,2026-08-05T03:58,45,45 min,anonymous_,2026-08-05T02:10:18+00:00
bajakovo-batrovci,2026-08-05T04:54,40,40 min,anonymous_,2026-08-05T03:10:40+00:00
bajakovo-batrovci,2026-08-05T05:43,55,55 min,anonymous,2026-08-05T03:55:56+00:00
bajakovo-batrovci,2026-08-05T06:55,50,50 min,anonymous_,2026-08-05T05:02:37+00:00
bajakovo-batrovci,2026-08-05T07:28,60,60 min,hak_croatia,2026-08-05T05:32:50+00:00
bajakovo-batrovci,2026-08-05T08:01,180,3 h,anonymous,2026-08-05T06:03:03+00:00
bajakovo-batrovci,2026-08-05T07:49,60,60 min,hak_croatia,2026-08-05T06:03:03+00:00
bajakovo-batrovci,2026-08-05T08:06,40,40 min,anonymous,2026-08-05T06:18:11+00:00
bajakovo-batrovci,2026-08-05T08:03,15,15 min,anonymous,2026-08-05T06:18:11+00:00
bajakovo-batrovci,2026-08-05T08:38,15,15 min,anonymous,2026-08-05T06:48:24+00:00
bajakovo-batrovci,2026-08-05T08:59,15,15 min,anonymous,2026-08-05T07:03:31+00:00
bajakovo-batrovci,2026-08-05T09:07,240,4 h,anonymous,2026-08-05T07:18:38+00:00
bajakovo-batrovci,2026-08-05T09:39,15,15 min,anonymous,2026-08-05T07:50:37+00:00
bajakovo-batrovci,2026-08-05T10:04,15,15 min,anonymous,2026-08-05T08:05:43+00:00
bajakovo-batrovci,2026-08-05T09:54,10,10 min,anonymous,2026-08-05T08:05:43+00:00
bajakovo-batrovci,2026-08-05T10:23,15,15 min,anonymous,2026-08-05T08:35:55+00:00
bajakovo-batrovci,2026-08-05T10:42,15,15 min,anonymous,2026-08-05T08:51:01+00:00
bajakovo-batrovci,2026-08-05T11:18,15,15 min,anonymous,2026-08-05T09:21:13+00:00
bajakovo-batrovci,2026-08-05T11:35,15,15 min,anonymous,2026-08-05T09:36:19+00:00
bajakovo-batrovci,2026-08-05T11:38,20,20 min,anonymous,2026-08-05T09:51:24+00:00
bajakovo-batrovci,2026-08-05T11:56,300,5 h,anonymous,2026-08-05T10:03:02+00:00
bajakovo-batrovci,2026-08-05T11:55,60,60 min,anonymous,2026-08-05T10:03:02+00:00
bajakovo-batrovci,2026-08-05T12:27,180,3 h,anonymous,2026-08-05T10:33:17+00:00
bajakovo-batrovci,2026-08-05T12:19,10,10 min,anonymous,2026-08-05T10:33:17+00:00
bajakovo-batrovci,2026-08-05T12:18,60,60 min,anonymous,2026-08-05T10:33:17+00:00
bajakovo-batrovci,2026-08-05T12:48,60,60 min,anonymous,2026-08-05T11:03:30+00:00
bajakovo-batrovci,2026-08-05T13:31,10,10 min,anonymous,2026-08-05T11:33:43+00:00
bajakovo-batrovci,2026-08-05T13:44,90,1.5 h,anonymous,2026-08-05T11:48:50+00:00
bajakovo-batrovci,2026-08-05T14:00,10,10 min,anonymous,2026-08-05T12:03:57+00:00
bajakovo-batrovci,2026-08-05T14:04,120,2 h,anonymous,2026-08-05T12:09:22+00:00
bajakovo-batrovci,2026-08-05T14:11,10,10 min,anonymous,2026-08-05T12:24:28+00:00
bajakovo-batrovci,2026-08-05T14:51,15,15 min,anonymous,2026-08-05T12:54:40+00:00
bajakovo-batrovci,2026-08-05T15:30,60,60 min,anonymous,2026-08-05T13:39:58+00:00
bajakovo-batrovci,2026-08-05T16:23,55,55 min,anonymous_,2026-08-05T14:40:07+00:00
bajakovo-batrovci,2026-08-05T17:28,5,5 min,anonymous,2026-08-05T15:40:39+00:00
bajakovo-batrovci,2026-08-05T18:23,10,10 min,anonymous_,2026-08-05T16:39:09+00:00
bajakovo-batrovci,2026-08-05T19:25,5,5 min,anonymous_,2026-08-05T17:39:35+00:00
bajakovo-batrovci,2026-08-05T19:49,30,30 min,hak_croatia,2026-08-05T17:54:42+00:00
bajakovo-batrovci,2026-08-05T20:08,30,30 min,hak_croatia,2026-08-05T18:08:53+00:00
bajakovo-batrovci,2026-08-05T20:38,30,30 min,hak_croatia,2026-08-05T18:39:07+00:00
bajakovo-batrovci,2026-08-05T21:58,25,25 min,anonymous_,2026-08-05T20:14:54+00:00
bajakovo-batrovci,2026-08-05T22:38,30,30 min,hak_croatia,2026-08-05T20:45:33+00:00
bajakovo-batrovci,2026-08-05T22:49,90,1.5 h,anonymous,2026-08-05T21:00:45+00:00
bajakovo-batrovci,2026-08-05T23:32,55,55 min,anonymous,2026-08-05T21:37:05+00:00
bajakovo-batrovci,2026-08-06T00:13,60,60 min,anonymous,2026-08-05T22:22:36+00:00
bajakovo-batrovci,2026-08-06T01:23,55,55 min,anonymous_,2026-08-05T23:33:24+00:00
bajakovo-batrovci,2026-08-06T01:49,60,60 min,hak_croatia,2026-08-06T00:03:54+00:00
bajakovo-batrovci,2026-08-06T02:08,60,60 min,hak_croatia,2026-08-06T00:19:04+00:00
bajakovo-batrovci,2026-08-06T03:23,55,55 min,anonymous_,2026-08-06T01:30:39+00:00
bajakovo-batrovci,2026-08-06T04:24,50,50 min,anonymous_,2026-08-06T02:31:25+00:00
bajakovo-batrovci,2026-08-06T05:08,60,60 min,anonymous,2026-08-06T03:17:02+00:00
bajakovo-batrovci,2026-08-06T05:31,90,1.5 h,anonymous,2026-08-06T03:32:14+00:00
bajakovo-batrovci,2026-08-06T05:27,150,2.5 h,anonymous,2026-08-06T03:32:14+00:00
bajakovo-batrovci,2026-08-06T06:05,210,3.5 h,anonymous,2026-08-06T04:17:51+00:00
bajakovo-batrovci,2026-08-06T07:30,390,6.5 h,anonymous,2026-08-06T05:40:21+00:00
bajakovo-batrovci,2026-08-06T08:38,120,2 h,hak_croatia,2026-08-06T06:41:09+00:00
bajakovo-batrovci,2026-08-06T08:27,360,6 h,anonymous_,2026-08-06T06:41:09+00:00
bajakovo-batrovci,2026-08-06T09:35,240,4 h,anonymous,2026-08-06T07:36:47+00:00
bajakovo-batrovci,2026-08-06T09:48,270,4.5 h,anonymous,2026-08-06T07:51:58+00:00
bajakovo-batrovci,2026-08-06T09:44,90,1.5 h,anonymous,2026-08-06T07:51:58+00:00
bajakovo-batrovci,2026-08-06T10:44,360,6 h,anonymous,2026-08-06T08:52:40+00:00
bajakovo-batrovci,2026-08-06T10:53,300,5 h,anonymous,2026-08-06T09:07:51+00:00
bajakovo-batrovci,2026-08-06T11:27,540,9 h,anonymous,2026-08-06T09:38:14+00:00
bajakovo-batrovci,2026-08-06T11:44,540,9 h,anonymous,2026-08-06T09:53:25+00:00
bajakovo-batrovci,2026-08-06T12:03,540,9 h,anonymous,2026-08-06T10:05:24+00:00
bajakovo-batrovci,2026-08-06T12:31,780,13 h,anonymous,2026-08-06T10:35:45+00:00
bajakovo-batrovci,2026-08-06T13:11,780,13 h,anonymous,2026-08-06T11:21:16+00:00
bajakovo-batrovci,2026-08-06T13:43,540,9 h,anonymous,2026-08-06T11:51:41+00:00
bajakovo-batrovci,2026-08-06T14:02,300,5 h,anonymous,2026-08-06T12:06:51+00:00
bajakovo-batrovci,2026-08-06T14:08,480,8 h,anonymous,2026-08-06T12:15:28+00:00
bajakovo-batrovci,2026-08-06T14:30,360,6 h,anonymous,2026-08-06T12:30:40+00:00
bajakovo-batrovci,2026-08-06T14:27,120,2 h,anonymous,2026-08-06T12:30:40+00:00
bajakovo-batrovci,2026-08-06T14:15,240,4 h,anonymous,2026-08-06T12:30:40+00:00
bajakovo-batrovci,2026-08-06T14:45,360,6 h,anonymous,2026-08-06T12:46:11+00:00
bajakovo-batrovci,2026-08-06T14:44,120,2 h,anonymous,2026-08-06T12:46:11+00:00
bajakovo-batrovci,2026-08-06T14:57,120,2 h,anonymous,2026-08-06T13:01:22+00:00
bajakovo-batrovci,2026-08-06T15:14,120,2 h,anonymous,2026-08-06T13:16:34+00:00
bajakovo-batrovci,2026-08-06T15:04,360,6 h,anonymous,2026-08-06T13:16:34+00:00
bajakovo-batrovci,2026-08-06T15:29,35,35 min,anonymous,2026-08-06T13:31:45+00:00
bajakovo-batrovci,2026-08-06T15:21,45,45 min,anonymous,2026-08-06T13:31:45+00:00
bajakovo-batrovci,2026-08-06T15:37,270,4.5 h,anonymous,2026-08-06T13:46:56+00:00
bajakovo-batrovci,2026-08-06T15:59,180,3 h,anonymous,2026-08-06T14:02:09+00:00
bajakovo-batrovci,2026-08-06T15:55,35,35 min,anonymous,2026-08-06T14:02:09+00:00
bajakovo-batrovci,2026-08-06T16:59,150,2.5 h,anonymous_,2026-08-06T15:10:43+00:00
bajakovo-batrovci,2026-08-06T17:58,120,2 h,anonymous_,2026-08-06T16:11:28+00:00
bajakovo-batrovci,2026-08-06T18:22,30,30 min,anonymous,2026-08-06T16:26:39+00:00
bajakovo-batrovci,2026-08-07T01:53,120,2 h,anonymous_,2026-08-07T00:19:19+00:00
bajakovo-batrovci,2026-08-07T00:54,150,2.5 h,anonymous_,2026-08-07T00:19:19+00:00
bajakovo-batrovci,2026-08-06T23:42,180,3 h,anonymous,2026-08-07T00:19:19+00:00
bajakovo-batrovci,2026-08-06T23:27,420,7 h,anonymous,2026-08-07T00:19:19+00:00
bajakovo-batrovci,2026-08-06T22:58,210,3.5 h,anonymous,2026-08-07T00:19:19+00:00
bajakovo-batrovci,2026-08-06T22:57,360,6 h,anonymous,2026-08-07T00:19:19+00:00
bajakovo-batrovci,2026-08-06T22:44,210,3.5 h,anonymous,2026-08-07T00:19:19+00:00
bajakovo-batrovci,2026-08-07T02:19,270,4.5 h,anonymous,2026-08-07T00:34:32+00:00
bajakovo-batrovci,2026-08-07T02:37,330,5.5 h,anonymous,2026-08-07T00:49:43+00:00
bajakovo-batrovci,2026-08-07T03:53,300,5 h,anonymous_,2026-08-07T02:05:42+00:00
bajakovo-batrovci,2026-08-07T04:08,240,4 h,hak_croatia,2026-08-07T02:20:54+00:00
bajakovo-batrovci,2026-08-07T05:23,210,3.5 h,anonymous_,2026-08-07T03:36:48+00:00
bajakovo-batrovci,2026-08-07T05:49,240,4 h,hak_croatia,2026-08-07T03:52:00+00:00
bajakovo-batrovci,2026-08-07T06:08,240,4 h,hak_croatia,2026-08-07T04:22:23+00:00
bajakovo-batrovci,2026-08-07T06:38,240,4 h,hak_croatia,2026-08-07T04:52:46+00:00
bajakovo-batrovci,2026-08-07T07:52,15,15 min,anonymous,2026-08-07T05:56:14+00:00
bajakovo-batrovci,2026-08-07T08:15,15,15 min,anonymous,2026-08-07T06:26:38+00:00
bajakovo-batrovci,2026-08-07T08:39,15,15 min,anonymous,2026-08-07T06:52:20+00:00
bajakovo-batrovci,2026-08-07T09:07,120,2 h,anonymous,2026-08-07T07:07:32+00:00
bajakovo-batrovci,2026-08-07T08:53,15,15 min,anonymous,2026-08-07T07:07:32+00:00
bajakovo-batrovci,2026-08-07T09:36,180,3 h,anonymous,2026-08-07T07:37:59+00:00
bajakovo-batrovci,2026-08-07T09:30,15,15 min,anonymous,2026-08-07T07:37:59+00:00
bajakovo-batrovci,2026-08-07T10:08,15,15 min,anonymous,2026-08-07T08:12:43+00:00
bajakovo-batrovci,2026-08-07T10:51,240,4 h,anonymous,2026-08-07T08:58:18+00:00
bajakovo-batrovci,2026-08-07T10:51,25,25 min,anonymous,2026-08-07T08:58:18+00:00
bajakovo-batrovci,2026-08-07T10:45,15,15 min,anonymous,2026-08-07T08:58:18+00:00
bajakovo-batrovci,2026-08-07T11:10,420,7 h,anonymous,2026-08-07T09:12:14+00:00
bajakovo-batrovci,2026-08-07T11:06,420,7 h,anonymous,2026-08-07T09:12:14+00:00
bajakovo-batrovci,2026-08-07T11:47,420,7 h,anonymous,2026-08-07T09:57:49+00:00
bajakovo-batrovci,2026-08-07T11:59,420,7 h,anonymous,2026-08-07T10:13:09+00:00
bajakovo-batrovci,2026-08-07T12:55,390,6.5 h,anonymous_,2026-08-07T11:02:08+00:00
bajakovo-batrovci,2026-08-07T13:55,360,6 h,anonymous_,2026-08-07T12:02:09+00:00
bajakovo-batrovci,2026-08-07T14:07,270,4.5 h,anonymous,2026-08-07T12:17:21+00:00
bajakovo-batrovci,2026-08-07T14:41,360,6 h,anonymous,2026-08-07T12:48:03+00:00
bajakovo-batrovci,2026-08-07T14:51,270,4.5 h,anonymous,2026-08-07T13:03:14+00:00
bajakovo-batrovci,2026-08-07T15:14,510,8.5 h,anonymous,2026-08-07T13:18:26+00:00
bajakovo-batrovci,2026-08-07T15:22,630,10.5 h,anonymous,2026-08-07T13:31:59+00:00
bajakovo-batrovci,2026-08-07T15:43,690,11.5 h,anonymous,2026-08-07T13:47:16+00:00
bajakovo-batrovci,2026-08-07T15:37,630,10.5 h,anonymous,2026-08-07T13:47:16+00:00
bajakovo-batrovci,2026-08-07T15:36,420,7 h,anonymous,2026-08-07T13:47:16+00:00
bajakovo-batrovci,2026-08-07T16:24,690,11.5 h,anonymous,2026-08-07T14:32:53+00:00
bajakovo-batrovci,2026-08-07T16:35,780,13 h,anonymous,2026-08-07T14:50:30+00:00
bajakovo-batrovci,2026-08-07T16:57,630,10.5 h,anonymous,2026-08-07T15:05:41+00:00
bajakovo-batrovci,2026-08-07T17:16,690,11.5 h,anonymous,2026-08-07T15:20:52+00:00
bajakovo-batrovci,2026-08-07T18:26,660,11 h,anonymous_,2026-08-07T16:43:26+00:00
bajakovo-batrovci,2026-08-07T19:27,630,10.5 h,anonymous_,2026-08-07T17:43:56+00:00
bajakovo-batrovci,2026-08-07T20:26,600,10 h,anonymous_,2026-08-07T18:41:59+00:00
bajakovo-batrovci,2026-08-07T20:42,780,13 h,anonymous,2026-08-07T18:57:11+00:00
bajakovo-batrovci,2026-08-07T21:53,750,12.5 h,anonymous_,2026-08-07T20:06:15+00:00
bajakovo-batrovci,2026-08-07T22:36,780,13 h,anonymous,2026-08-07T20:50:09+00:00
bajakovo-batrovci,2026-08-07T23:10,600,10 h,anonymous,2026-08-07T21:20:05+00:00
bajakovo-batrovci,2026-08-07T23:05,780,13 h,anonymous,2026-08-07T21:20:05+00:00
bajakovo-batrovci,2026-08-07T23:33,360,6 h,anonymous,2026-08-07T21:35:17+00:00
bajakovo-batrovci,2026-08-08T00:59,210,3.5 h,anonymous,2026-08-07T23:09:09+00:00
bajakovo-batrovci,2026-08-08T01:53,180,3 h,anonymous_,2026-08-08T00:07:02+00:00
bajakovo-batrovci,2026-08-08T02:33,240,4 h,anonymous,2026-08-08T00:37:25+00:00
bajakovo-batrovci,2026-08-08T03:08,240,4 h,anonymous,2026-08-08T01:12:25+00:00
bajakovo-batrovci,2026-08-08T02:58,120,2 h,anonymous,2026-08-08T01:12:25+00:00
bajakovo-batrovci,2026-08-08T03:54,90,1.5 h,anonymous,2026-08-08T01:57:54+00:00
bajakovo-batrovci,2026-08-08T04:12,210,3.5 h,anonymous,2026-08-08T02:13:04+00:00
bajakovo-batrovci,2026-08-08T05:03,240,4 h,anonymous,2026-08-08T03:13:51+00:00
bajakovo-batrovci,2026-08-08T05:32,420,7 h,anonymous,2026-08-08T03:44:12+00:00
bajakovo-batrovci,2026-08-08T05:54,540,9 h,anonymous,2026-08-08T03:59:22+00:00
bajakovo-batrovci,2026-08-08T06:28,540,9 h,anonymous,2026-08-08T04:32:40+00:00
bajakovo-batrovci,2026-08-08T07:40,720,12 h,anonymous,2026-08-08T05:42:44+00:00
bajakovo-batrovci,2026-08-08T07:25,510,8.5 h,anonymous_,2026-08-08T05:42:44+00:00
bajakovo-batrovci,2026-08-08T07:53,540,9 h,anonymous,2026-08-08T05:57:57+00:00
bajakovo-batrovci,2026-08-08T08:53,510,8.5 h,anonymous_,2026-08-08T07:01:31+00:00
bajakovo-batrovci,2026-08-08T10:03,720,12 h,anonymous,2026-08-08T08:03:51+00:00
bajakovo-batrovci,2026-08-08T09:57,480,8 h,anonymous_,2026-08-08T08:03:51+00:00
bajakovo-batrovci,2026-08-08T11:38,240,4 h,anonymous,2026-08-08T09:41:06+00:00
bajakovo-batrovci,2026-08-08T11:37,360,6 h,anonymous,2026-08-08T09:41:06+00:00
bajakovo-batrovci,2026-08-08T11:36,450,7.5 h,anonymous,2026-08-08T09:41:06+00:00
bajakovo-batrovci,2026-08-08T11:29,690,11.5 h,anonymous_,2026-08-08T09:41:06+00:00
bajakovo-batrovci,2026-08-08T12:04,90,1.5 h,anonymous,2026-08-08T10:05:07+00:00
bajakovo-batrovci,2026-08-08T12:01,60,60 min,anonymous,2026-08-08T10:05:07+00:00
bajakovo-batrovci,2026-08-08T12:00,60,60 min,anonymous,2026-08-08T10:05:07+00:00
bajakovo-batrovci,2026-08-08T11:59,180,3 h,anonymous,2026-08-08T10:05:07+00:00
bajakovo-batrovci,2026-08-08T11:54,90,1.5 h,anonymous,2026-08-08T10:05:07+00:00
bajakovo-batrovci,2026-08-08T11:52,120,2 h,anonymous,2026-08-08T10:05:07+00:00
bajakovo-batrovci,2026-08-08T12:09,90,1.5 h,anonymous,2026-08-08T10:17:34+00:00
bajakovo-batrovci,2026-08-08T12:22,90,1.5 h,anonymous,2026-08-08T10:32:46+00:00
bajakovo-batrovci,2026-08-08T13:04,60,60 min,anonymous,2026-08-08T11:10:40+00:00
bajakovo-batrovci,2026-08-08T14:14,270,4.5 h,anonymous,2026-08-08T12:17:00+00:00
bajakovo-batrovci,2026-08-08T14:27,390,6.5 h,anonymous,2026-08-08T12:32:13+00:00
bajakovo-batrovci,2026-08-08T15:13,420,7 h,anonymous,2026-08-08T13:16:49+00:00
bajakovo-batrovci,2026-08-08T16:25,390,6.5 h,anonymous_,2026-08-08T14:31:56+00:00
bajakovo-batrovci,2026-08-08T17:23,360,6 h,anonymous_,2026-08-08T15:44:30+00:00
bajakovo-batrovci,2026-08-08T17:46,300,5 h,anonymous,2026-08-08T15:51:05+00:00
bajakovo-batrovci,2026-08-08T18:54,270,4.5 h,anonymous_,2026-08-08T17:13:00+00:00
bajakovo-batrovci,2026-08-08T19:49,30,30 min,hak_croatia,2026-08-08T17:56:13+00:00
bajakovo-batrovci,2026-08-08T20:08,30,30 min,hak_croatia,2026-08-08T18:11:23+00:00
bajakovo-batrovci,2026-08-08T20:38,60,60 min,hak_croatia,2026-08-08T18:46:00+00:00
bajakovo-batrovci,2026-08-08T21:41,240,4 h,anonymous,2026-08-08T19:54:50+00:00
bajakovo-batrovci,2026-08-08T22:53,210,3.5 h,anonymous_,2026-08-08T21:08:22+00:00
bajakovo-batrovci,2026-08-08T23:54,180,3 h,anonymous_,2026-08-08T22:11:14+00:00
bajakovo-batrovci,2026-08-09T00:56,150,2.5 h,anonymous_,2026-08-08T23:06:36+00:00
bajakovo-batrovci,2026-08-09T01:28,60,60 min,hak_croatia,2026-08-08T23:33:45+00:00
bajakovo-batrovci,2026-08-09T01:49,60,60 min,hak_croatia,2026-08-08T23:49:36+00:00
bajakovo-batrovci,2026-08-09T02:08,60,60 min,hak_croatia,2026-08-09T00:20:02+00:00
bajakovo-batrovci,2026-08-09T02:36,150,2.5 h,anonymous,2026-08-09T00:38:06+00:00
bajakovo-batrovci,2026-08-09T03:04,5,5 min,anonymous,2026-08-09T01:08:46+00:00
bajakovo-batrovci,2026-08-09T03:59,150,2.5 h,anonymous,2026-08-09T02:09:34+00:00
bajakovo-batrovci,2026-08-09T05:03,120,2 h,anonymous,2026-08-09T03:08:37+00:00
bajakovo-batrovci,2026-08-09T04:54,120,2 h,anonymous_,2026-08-09T03:08:37+00:00
bajakovo-batrovci,2026-08-09T05:12,150,2.5 h,anonymous,2026-08-09T03:23:49+00:00
bajakovo-batrovci,2026-08-09T06:29,120,2 h,anonymous_,2026-08-09T04:32:47+00:00
bajakovo-batrovci,2026-08-09T07:28,90,1.5 h,anonymous_,2026-08-09T05:31:20+00:00
bajakovo-batrovci,2026-08-09T08:28,60,60 min,anonymous_,2026-08-09T06:40:06+00:00
bajakovo-batrovci,2026-08-09T09:25,55,55 min,anonymous_,2026-08-09T07:37:49+00:00
bajakovo-batrovci,2026-08-09T10:08,30,30 min,hak_croatia,2026-08-09T08:08:11+00:00
bajakovo-batrovci,2026-08-09T10:38,30,30 min,hak_croatia,2026-08-09T08:40:28+00:00
bajakovo-batrovci,2026-08-09T11:59,45,45 min,anonymous,2026-08-09T10:01:48+00:00
bajakovo-batrovci,2026-08-09T11:58,30,30 min,anonymous,2026-08-09T10:01:48+00:00
bajakovo-batrovci,2026-08-09T12:58,40,40 min,anonymous_,2026-08-09T11:03:05+00:00
bajakovo-batrovci,2026-08-09T13:35,60,60 min,anonymous,2026-08-09T11:45:58+00:00
bajakovo-batrovci,2026-08-09T14:55,55,55 min,anonymous_,2026-08-09T13:07:31+00:00
bajakovo-batrovci,2026-08-09T15:42,10,10 min,anonymous,2026-08-09T13:44:15+00:00
bajakovo-batrovci,2026-08-09T16:52,40,40 min,anonymous,2026-08-09T14:56:21+00:00
bajakovo-batrovci,2026-08-09T17:52,15,15 min,anonymous,2026-08-09T15:56:56+00:00
bajakovo-batrovci,2026-08-09T18:44,20,20 min,anonymous,2026-08-09T16:46:05+00:00
bajakovo-batrovci,2026-08-09T19:28,90,1.5 h,anonymous,2026-08-09T17:31:01+00:00
bajakovo-batrovci,2026-08-09T19:27,20,20 min,anonymous,2026-08-09T17:31:01+00:00
bajakovo-batrovci,2026-08-09T20:15,45,45 min,anonymous,2026-08-09T18:18:04+00:00
bajakovo-batrovci,2026-08-09T21:27,40,40 min,anonymous_,2026-08-09T19:37:39+00:00
bajakovo-batrovci,2026-08-09T21:42,60,60 min,anonymous,2026-08-09T19:46:52+00:00
bajakovo-batrovci,2026-08-09T22:56,55,55 min,anonymous_,2026-08-09T21:11:53+00:00
bajakovo-batrovci,2026-08-09T23:28,30,30 min,hak_croatia,2026-08-09T21:42:16+00:00
bajakovo-batrovci,2026-08-09T23:49,30,30 min,hak_croatia,2026-08-09T21:58:51+00:00
bajakovo-batrovci,2026-08-10T00:58,25,25 min,anonymous_,2026-08-09T23:09:34+00:00
bajakovo-batrovci,2026-08-10T01:47,30,30 min,anonymous,2026-08-09T23:57:06+00:00
bajakovo-batrovci,2026-08-10T02:43,240,4 h,anonymous,2026-08-10T00:54:08+00:00
bajakovo-batrovci,2026-08-10T03:05,40,40 min,anonymous,2026-08-10T01:09:20+00:00
bajakovo-batrovci,2026-08-10T04:38,30,30 min,hak_croatia,2026-08-10T02:40:29+00:00
bajakovo-batrovci,2026-08-10T04:25,35,35 min,anonymous_,2026-08-10T02:40:29+00:00
bajakovo-batrovci,2026-08-10T05:28,30,30 min,hak_croatia,2026-08-10T03:32:25+00:00
bajakovo-batrovci,2026-08-10T05:49,30,30 min,hak_croatia,2026-08-10T04:02:46+00:00
bajakovo-batrovci,2026-08-10T06:08,30,30 min,hak_croatia,2026-08-10T04:17:56+00:00
bajakovo-batrovci,2026-08-10T06:38,30,30 min,hak_croatia,2026-08-10T04:48:30+00:00
bajakovo-batrovci,2026-08-10T07:28,30,30 min,hak_croatia,2026-08-10T05:34:00+00:00
bajakovo-batrovci,2026-08-10T07:49,30,30 min,hak_croatia,2026-08-10T05:49:10+00:00
bajakovo-batrovci,2026-08-10T08:08,30,30 min,hak_croatia,2026-08-10T06:19:21+00:00
bajakovo-batrovci,2026-08-10T08:56,150,2.5 h,anonymous,2026-08-10T07:04:54+00:00
bajakovo-batrovci,2026-08-10T09:58,120,2 h,anonymous_,2026-08-10T08:00:20+00:00
bajakovo-batrovci,2026-08-10T10:08,30,30 min,hak_croatia,2026-08-10T08:15:43+00:00
bajakovo-batrovci,2026-08-10T10:21,90,1.5 h,anonymous,2026-08-10T08:30:56+00:00
bajakovo-batrovci,2026-08-10T11:29,60,60 min,anonymous_,2026-08-10T09:31:55+00:00
bajakovo-batrovci,2026-08-10T12:28,55,55 min,anonymous_,2026-08-10T10:44:23+00:00
bajakovo-batrovci,2026-08-10T13:17,45,45 min,anonymous,2026-08-10T11:22:12+00:00
bajakovo-batrovci,2026-08-10T13:28,45,45 min,anonymous,2026-08-10T11:37:24+00:00
bajakovo-batrovci,2026-08-10T14:28,40,40 min,anonymous_,2026-08-10T12:34:57+00:00
bajakovo-batrovci,2026-08-10T14:38,60,60 min,hak_croatia,2026-08-10T12:50:08+00:00
bajakovo-batrovci,2026-08-10T15:04,60,60 min,anonymous,2026-08-10T13:05:18+00:00
bajakovo-batrovci,2026-08-10T15:32,90,1.5 h,anonymous,2026-08-10T13:35:40+00:00
bajakovo-batrovci,2026-08-10T15:40,90,1.5 h,anonymous,2026-08-10T13:50:50+00:00
bajakovo-batrovci,2026-08-10T16:54,60,60 min,anonymous_,2026-08-10T15:04:07+00:00
bajakovo-batrovci,2026-08-10T17:16,35,35 min,anonymous,2026-08-10T15:27:29+00:00
bajakovo-batrovci,2026-08-10T17:44,25,25 min,anonymous,2026-08-10T15:57:50+00:00
bajakovo-batrovci,2026-08-10T18:58,20,20 min,anonymous_,2026-08-10T17:13:14+00:00
bajakovo-batrovci,2026-08-10T19:28,30,30 min,hak_croatia,2026-08-10T17:29:04+00:00
bajakovo-batrovci,2026-08-10T19:49,30,30 min,hak_croatia,2026-08-10T17:59:32+00:00
bajakovo-batrovci,2026-08-10T20:08,30,30 min,hak_croatia,2026-08-10T18:22:43+00:00
bajakovo-batrovci,2026-08-10T20:38,30,30 min,hak_croatia,2026-08-10T18:53:34+00:00
bajakovo-batrovci,2026-08-10T21:28,30,30 min,hak_croatia,2026-08-10T19:40:29+00:00
bajakovo-batrovci,2026-08-10T21:49,30,30 min,hak_croatia,2026-08-10T19:55:41+00:00
bajakovo-batrovci,2026-08-10T22:59,25,25 min,anonymous_,2026-08-10T21:03:43+00:00
bajakovo-batrovci,2026-08-10T23:04,10,10 min,anonymous,2026-08-10T21:05:57+00:00
bajakovo-batrovci,2026-08-10T23:13,10,10 min,anonymous,2026-08-10T21:21:10+00:00
bajakovo-batrovci,2026-08-11T00:28,5,5 min,anonymous_,2026-08-10T22:40:57+00:00
bajakovo-batrovci,2026-08-11T01:25,10,10 min,anonymous_,2026-08-10T23:41:56+00:00
bajakovo-batrovci,2026-08-11T02:27,5,5 min,anonymous_,2026-08-11T00:34:34+00:00
bajakovo-batrovci,2026-08-11T03:29,15,15 min,anonymous_,2026-08-11T01:35:15+00:00
bajakovo-batrovci,2026-08-11T04:28,10,10 min,anonymous_,2026-08-11T02:38:35+00:00
bajakovo-batrovci,2026-08-11T05:28,10,10 min,hak_croatia,2026-08-11T03:39:17+00:00
bajakovo-batrovci,2026-08-11T05:49,10,10 min,hak_croatia,2026-08-11T03:54:28+00:00
bajakovo-batrovci,2026-08-11T06:08,10,10 min,hak_croatia,2026-08-11T04:19:21+00:00
bajakovo-batrovci,2026-08-11T06:38,10,10 min,hak_croatia,2026-08-11T04:49:45+00:00
bajakovo-batrovci,2026-08-11T07:30,30,30 min,anonymous,2026-08-11T05:34:17+00:00
bajakovo-batrovci,2026-08-11T07:28,10,10 min,hak_croatia,2026-08-11T05:34:17+00:00
bajakovo-batrovci,2026-08-11T08:38,10,10 min,hak_croatia,2026-08-11T06:40:38+00:00
bajakovo-batrovci,2026-08-11T08:27,25,25 min,anonymous_,2026-08-11T06:40:38+00:00
bajakovo-batrovci,2026-08-11T09:28,10,10 min,hak_croatia,2026-08-11T07:41:26+00:00
bajakovo-batrovci,2026-08-11T09:49,10,10 min,hak_croatia,2026-08-11T07:57:22+00:00
bajakovo-batrovci,2026-08-11T10:54,5,5 min,anonymous_,2026-08-11T09:10:13+00:00
bajakovo-batrovci,2026-08-11T11:28,10,10 min,hak_croatia,2026-08-11T09:40:35+00:00
bajakovo-batrovci,2026-08-11T11:49,10,10 min,hak_croatia,2026-08-11T10:00:07+00:00
bajakovo-batrovci,2026-08-11T12:08,10,10 min,hak_croatia,2026-08-11T10:15:31+00:00
bajakovo-batrovci,2026-08-11T12:38,10,10 min,hak_croatia,2026-08-11T10:52:48+00:00
bajakovo-batrovci,2026-08-11T13:54,5,5 min,anonymous_,2026-08-11T12:04:38+00:00
bajakovo-batrovci,2026-08-11T14:38,10,10 min,hak_croatia,2026-08-11T12:42:10+00:00
bajakovo-batrovci,2026-08-11T15:53,5,5 min,anonymous_,2026-08-11T14:02:40+00:00
bajakovo-batrovci,2026-08-11T16:55,10,10 min,anonymous_,2026-08-11T15:03:28+00:00
bajakovo-batrovci,2026-08-11T17:17,30,30 min,anonymous,2026-08-11T15:27:38+00:00
bajakovo-batrovci,2026-08-11T18:25,25,25 min,anonymous_,2026-08-11T16:44:08+00:00
bajakovo-batrovci,2026-08-11T19:27,20,20 min,anonymous_,2026-08-11T17:32:06+00:00
bajakovo-batrovci,2026-08-11T19:36,5,5 min,anonymous,2026-08-11T17:47:18+00:00
bajakovo-batrovci,2026-08-11T19:33,5,5 min,anonymous,2026-08-11T17:47:18+00:00
bajakovo-batrovci,2026-08-11T20:53,10,10 min,anonymous_,2026-08-11T19:11:17+00:00
bajakovo-batrovci,2026-08-11T21:42,50,50 min,anonymous,2026-08-11T19:45:31+00:00
bajakovo-batrovci,2026-08-11T22:53,45,45 min,anonymous_,2026-08-11T21:05:49+00:00
bajakovo-batrovci,2026-08-11T23:28,30,30 min,hak_croatia,2026-08-11T21:40:13+00:00
bajakovo-batrovci,2026-08-11T23:48,10,10 min,anonymous,2026-08-11T21:55:24+00:00
bajakovo-batrovci,2026-08-12T00:55,5,5 min,anonymous_,2026-08-11T23:07:37+00:00
bajakovo-batrovci,2026-08-12T01:49,30,30 min,hak_croatia,2026-08-11T23:53:07+00:00
bajakovo-batrovci,2026-08-12T02:08,30,30 min,hak_croatia,2026-08-12T00:18:23+00:00
bajakovo-batrovci,2026-08-12T02:28,30,30 min,hak_croatia,2026-08-12T00:33:35+00:00
bajakovo-batrovci,2026-08-12T02:38,30,30 min,hak_croatia,2026-08-12T00:48:48+00:00
bajakovo-batrovci,2026-08-12T02:49,30,30 min,hak_croatia,2026-08-12T01:04:00+00:00
bajakovo-batrovci,2026-08-12T03:54,25,25 min,anonymous_,2026-08-12T02:04:49+00:00
bajakovo-batrovci,2026-08-12T04:38,60,60 min,hak_croatia,2026-08-12T02:38:56+00:00
bajakovo-batrovci,2026-08-12T04:58,60,60 min,anonymous,2026-08-12T03:09:17+00:00
bajakovo-batrovci,2026-08-12T06:08,60,60 min,hak_croatia,2026-08-12T04:10:00+00:00
bajakovo-batrovci,2026-08-12T05:57,55,55 min,anonymous_,2026-08-12T04:10:00+00:00
bajakovo-batrovci,2026-08-12T06:38,30,30 min,hak_croatia,2026-08-12T04:44:32+00:00
bajakovo-batrovci,2026-08-12T07:28,30,30 min,hak_croatia,2026-08-12T05:30:05+00:00
bajakovo-batrovci,2026-08-12T07:49,30,30 min,hak_croatia,2026-08-12T06:00:39+00:00
bajakovo-batrovci,2026-08-12T08:08,30,30 min,hak_croatia,2026-08-12T06:17:58+00:00
bajakovo-batrovci,2026-08-12T08:38,30,30 min,hak_croatia,2026-08-12T06:48:23+00:00
bajakovo-batrovci,2026-08-12T09:28,30,30 min,hak_croatia,2026-08-12T07:34:02+00:00
bajakovo-batrovci,2026-08-12T09:49,30,30 min,hak_croatia,2026-08-12T08:02:04+00:00
bajakovo-batrovci,2026-08-12T10:08,30,30 min,hak_croatia,2026-08-12T08:17:17+00:00
bajakovo-batrovci,2026-08-12T10:38,30,30 min,hak_croatia,2026-08-12T08:47:42+00:00
bajakovo-batrovci,2026-08-12T11:28,30,30 min,hak_croatia,2026-08-12T09:40:19+00:00
bajakovo-batrovci,2026-08-12T11:49,30,30 min,hak_croatia,2026-08-12T09:55:31+00:00
bajakovo-batrovci,2026-08-12T12:08,30,30 min,hak_croatia,2026-08-12T10:10:44+00:00
bajakovo-batrovci,2026-08-12T12:38,30,30 min,hak_croatia,2026-08-12T10:47:35+00:00
bajakovo-batrovci,2026-08-12T13:28,30,30 min,hak_croatia,2026-08-12T11:28:18+00:00
bajakovo-batrovci,2026-08-12T13:49,30,30 min,hak_croatia,2026-08-12T11:58:46+00:00
bajakovo-batrovci,2026-08-12T14:10,60,60 min,anonymous,2026-08-12T12:18:38+00:00
bajakovo-batrovci,2026-08-12T14:08,30,30 min,hak_croatia,2026-08-12T12:18:38+00:00
bajakovo-batrovci,2026-08-12T15:33,40,40 min,anonymous,2026-08-12T13:34:41+00:00
bajakovo-batrovci,2026-08-12T15:28,55,55 min,anonymous_,2026-08-12T13:34:41+00:00
bajakovo-batrovci,2026-08-12T16:10,35,35 min,anonymous,2026-08-12T14:24:52+00:00
bajakovo-batrovci,2026-08-12T17:28,30,30 min,anonymous_,2026-08-12T15:32:20+00:00
bajakovo-batrovci,2026-08-12T17:49,30,30 min,hak_croatia,2026-08-12T15:59:04+00:00
bajakovo-batrovci,2026-08-12T18:55,25,25 min,anonymous_,2026-08-12T17:11:31+00:00
bajakovo-batrovci,2026-08-12T19:57,20,20 min,anonymous_,2026-08-12T18:00:49+00:00
bajakovo-batrovci,2026-08-12T20:56,15,15 min,anonymous_,2026-08-12T19:11:34+00:00
bajakovo-batrovci,2026-08-12T21:56,10,10 min,anonymous_,2026-08-12T20:08:36+00:00
bajakovo-batrovci,2026-08-12T23:02,15,15 min,anonymous,2026-08-12T21:13:15+00:00
bajakovo-batrovci,2026-08-12T22:53,5,5 min,anonymous_,2026-08-12T21:13:15+00:00
bajakovo-batrovci,2026-08-13T00:27,10,10 min,anonymous_,2026-08-12T22:42:48+00:00
bajakovo-batrovci,2026-08-13T01:25,5,5 min,anonymous_,2026-08-12T23:40:34+00:00
bajakovo-batrovci,2026-08-13T02:26,10,10 min,anonymous_,2026-08-13T00:39:11+00:00
bajakovo-batrovci,2026-08-13T03:25,5,5 min,anonymous_,2026-08-13T01:40:01+00:00
bajakovo-batrovci,2026-08-13T04:28,15,15 min,anonymous_,2026-08-13T02:40:41+00:00
bajakovo-batrovci,2026-08-13T05:25,10,10 min,anonymous_,2026-08-13T03:41:30+00:00
bajakovo-batrovci,2026-08-13T06:29,5,5 min,anonymous_,2026-08-13T04:41:19+00:00
bajakovo-batrovci,2026-08-13T07:25,10,10 min,anonymous_,2026-08-13T05:42:11+00:00
bajakovo-batrovci,2026-08-13T08:27,5,5 min,anonymous_,2026-08-13T06:38:41+00:00
bajakovo-batrovci,2026-08-13T09:25,10,10 min,anonymous_,2026-08-13T07:39:21+00:00
bajakovo-batrovci,2026-08-13T10:24,5,5 min,anonymous_,2026-08-13T08:43:28+00:00
bajakovo-batrovci,2026-08-13T11:27,10,10 min,anonymous_,2026-08-13T09:36:23+00:00
bajakovo-batrovci,2026-08-13T12:24,5,5 min,anonymous_,2026-08-13T10:33:39+00:00
bajakovo-batrovci,2026-08-13T13:27,10,10 min,anonymous_,2026-08-13T11:40:12+00:00
bajakovo-batrovci,2026-08-13T14:29,120,2 h,anonymous,2026-08-13T12:44:04+00:00
bajakovo-batrovci,2026-08-13T15:27,90,1.5 h,anonymous_,2026-08-13T13:44:51+00:00
bajakovo-batrovci,2026-08-13T16:01,20,20 min,anonymous,2026-08-13T14:04:21+00:00
bajakovo-batrovci,2026-08-13T17:29,15,15 min,anonymous_,2026-08-13T15:41:51+00:00
bajakovo-batrovci,2026-08-13T18:29,10,10 min,anonymous_,2026-08-13T16:43:34+00:00
bajakovo-batrovci,2026-08-13T18:52,55,55 min,anonymous,2026-08-13T16:58:47+00:00
bajakovo-batrovci,2026-08-13T19:55,50,50 min,anonymous_,2026-08-13T18:04:25+00:00
bajakovo-batrovci,2026-08-13T20:38,60,60 min,hak_croatia,2026-08-13T18:42:35+00:00
bajakovo-batrovci,2026-08-13T21:21,55,55 min,anonymous,2026-08-13T19:28:12+00:00
bajakovo-batrovci,2026-08-13T22:28,50,50 min,anonymous_,2026-08-13T20:39:08+00:00
bajakovo-batrovci,2026-08-13T23:26,45,45 min,anonymous_,2026-08-13T21:38:40+00:00
bajakovo-batrovci,2026-08-14T00:25,40,40 min,anonymous_,2026-08-13T22:37:09+00:00
bajakovo-batrovci,2026-08-14T01:26,35,35 min,anonymous_,2026-08-13T23:44:33+00:00
bajakovo-batrovci,2026-08-14T02:28,30,30 min,anonymous_,2026-08-14T00:38:13+00:00
bajakovo-batrovci,2026-08-14T03:25,25,25 min,anonymous_,2026-08-14T01:39:08+00:00
bajakovo-batrovci,2026-08-14T04:08,60,60 min,hak_croatia,2026-08-14T02:09:29+00:00
bajakovo-batrovci,2026-08-14T04:38,60,60 min,hak_croatia,2026-08-14T02:38:43+00:00
bajakovo-batrovci,2026-08-14T05:59,55,55 min,anonymous_,2026-08-14T04:09:45+00:00
bajakovo-batrovci,2026-08-14T06:54,50,50 min,anonymous_,2026-08-14T05:01:11+00:00
bajakovo-batrovci,2026-08-14T07:49,10,10 min,hak_croatia,2026-08-14T06:01:59+00:00
bajakovo-batrovci,2026-08-14T08:59,5,5 min,anonymous_,2026-08-14T07:03:56+00:00
bajakovo-batrovci,2026-08-14T09:20,60,60 min,anonymous,2026-08-14T07:34:19+00:00
bajakovo-batrovci,2026-08-14T10:26,55,55 min,anonymous_,2026-08-14T08:31:38+00:00
bajakovo-batrovci,2026-08-14T11:23,50,50 min,anonymous_,2026-08-14T09:37:38+00:00
bajakovo-batrovci,2026-08-14T11:53,20,20 min,anonymous,2026-08-14T10:07:46+00:00
bajakovo-batrovci,2026-08-14T12:57,15,15 min,anonymous_,2026-08-14T11:05:57+00:00
bajakovo-batrovci,2026-08-14T13:57,60,60 min,anonymous,2026-08-14T12:09:07+00:00
bajakovo-batrovci,2026-08-14T14:58,55,55 min,anonymous_,2026-08-14T13:09:50+00:00
bajakovo-batrovci,2026-08-14T15:55,50,50 min,anonymous_,2026-08-14T14:05:16+00:00
bajakovo-batrovci,2026-08-14T16:55,45,45 min,anonymous_,2026-08-14T15:05:42+00:00
bajakovo-batrovci,2026-08-14T17:54,40,40 min,anonymous_,2026-08-14T16:12:43+00:00
bajakovo-batrovci,2026-08-14T18:57,40,40 min,anonymous,2026-08-14T16:58:17+00:00
bajakovo-batrovci,2026-08-14T19:03,60,60 min,anonymous,2026-08-14T17:13:30+00:00
bajakovo-batrovci,2026-08-14T20:23,55,55 min,anonymous_,2026-08-14T18:44:29+00:00
bajakovo-batrovci,2026-08-14T21:24,50,50 min,anonymous_,2026-08-14T19:30:08+00:00
bajakovo-batrovci,2026-08-14T22:27,45,45 min,anonymous_,2026-08-14T20:37:21+00:00
bajakovo-batrovci,2026-08-14T23:27,40,40 min,anonymous_,2026-08-14T21:42:01+00:00
bajakovo-batrovci,2026-08-14T23:49,10,10 min,hak_croatia,2026-08-14T21:59:55+00:00
bajakovo-batrovci,2026-08-15T00:58,5,5 min,anonymous_,2026-08-14T23:12:28+00:00
bajakovo-batrovci,2026-08-15T01:12,90,1.5 h,anonymous,2026-08-14T23:27:48+00:00
bajakovo-batrovci,2026-08-15T01:31,60,60 min,anonymous,2026-08-14T23:32:05+00:00
bajakovo-batrovci,2026-08-15T02:54,55,55 min,anonymous_,2026-08-15T01:10:56+00:00
bajakovo-batrovci,2026-08-15T03:59,50,50 min,anonymous_,2026-08-15T02:01:07+00:00
bajakovo-batrovci,2026-08-15T04:53,45,45 min,anonymous_,2026-08-15T03:10:42+00:00
bajakovo-batrovci,2026-08-15T05:59,40,40 min,anonymous_,2026-08-15T04:06:47+00:00
bajakovo-batrovci,2026-08-15T06:08,30,30 min,hak_croatia,2026-08-15T04:21:58+00:00
bajakovo-batrovci,2026-08-15T06:38,30,30 min,hak_croatia,2026-08-15T04:44:28+00:00
bajakovo-batrovci,2026-08-15T07:54,25,25 min,anonymous_,2026-08-15T06:00:48+00:00
bajakovo-batrovci,2026-08-15T08:38,30,30 min,hak_croatia,2026-08-15T06:44:28+00:00
bajakovo-batrovci,2026-08-15T09:56,25,25 min,anonymous_,2026-08-15T08:08:55+00:00
bajakovo-batrovci,2026-08-15T10:54,20,20 min,anonymous_,2026-08-15T09:04:28+00:00
bajakovo-batrovci,2026-08-15T11:28,30,30 min,hak_croatia,2026-08-15T09:42:51+00:00
bajakovo-batrovci,2026-08-15T12:23,25,25 min,anonymous_,2026-08-15T10:35:44+00:00
bajakovo-batrovci,2026-08-15T12:39,60,60 min,anonymous,2026-08-15T10:50:56+00:00
bajakovo-batrovci,2026-08-15T13:57,55,55 min,anonymous_,2026-08-15T12:06:38+00:00
bajakovo-batrovci,2026-08-15T14:25,90,1.5 h,anonymous,2026-08-15T12:32:15+00:00
bajakovo-batrovci,2026-08-15T15:23,60,60 min,anonymous_,2026-08-15T13:33:46+00:00
bajakovo-batrovci,2026-08-15T16:06,45,45 min,anonymous,2026-08-15T14:20:06+00:00
bajakovo-batrovci,2026-08-15T17:26,40,40 min,anonymous_,2026-08-15T15:30:55+00:00
bajakovo-batrovci,2026-08-15T17:31,35,35 min,anonymous,2026-08-15T15:46:18+00:00
bajakovo-batrovci,2026-08-15T18:57,30,30 min,anonymous_,2026-08-15T17:12:55+00:00
bajakovo-batrovci,2026-08-15T19:59,25,25 min,anonymous_,2026-08-15T18:07:58+00:00
bajakovo-batrovci,2026-08-15T20:08,60,60 min,anonymous,2026-08-15T18:23:10+00:00
bajakovo-batrovci,2026-08-15T21:20,20,20 min,anonymous,2026-08-15T19:25:32+00:00
bajakovo-batrovci,2026-08-15T21:40,150,2.5 h,anonymous,2026-08-15T19:55:26+00:00
bajakovo-batrovci,2026-08-15T22:24,10,10 min,anonymous,2026-08-15T20:30:51+00:00
bajakovo-batrovci,2026-08-15T23:23,5,5 min,anonymous_,2026-08-15T21:31:10+00:00
bajakovo-batrovci,2026-08-16T00:28,10,10 min,anonymous_,2026-08-15T22:42:06+00:00
bajakovo-batrovci,2026-08-16T01:28,60,60 min,hak_croatia,2026-08-15T23:30:12+00:00
bajakovo-batrovci,2026-08-16T01:49,60,60 min,hak_croatia,2026-08-15T23:52:13+00:00
bajakovo-batrovci,2026-08-16T02:08,60,60 min,hak_croatia,2026-08-16T00:22:33+00:00
bajakovo-batrovci,2026-08-16T02:28,60,60 min,hak_croatia,2026-08-16T00:37:44+00:00
bajakovo-batrovci,2026-08-16T02:49,60,60 min,hak_croatia,2026-08-16T00:49:53+00:00
bajakovo-batrovci,2026-08-16T02:38,60,60 min,hak_croatia,2026-08-16T00:49:53+00:00
bajakovo-batrovci,2026-08-16T03:57,55,55 min,anonymous_,2026-08-16T02:06:04+00:00
bajakovo-batrovci,2026-08-16T04:08,60,60 min,hak_croatia,2026-08-16T02:12:29+00:00
bajakovo-batrovci,2026-08-16T04:38,60,60 min,hak_croatia,2026-08-16T02:42:48+00:00
bajakovo-batrovci,2026-08-16T05:28,60,60 min,hak_croatia,2026-08-16T03:31:16+00:00
bajakovo-batrovci,2026-08-16T05:49,30,30 min,hak_croatia,2026-08-16T04:01:39+00:00
bajakovo-batrovci,2026-08-16T06:08,30,30 min,hak_croatia,2026-08-16T04:19:05+00:00
bajakovo-batrovci,2026-08-16T06:38,30,30 min,hak_croatia,2026-08-16T04:47:00+00:00
bajakovo-batrovci,2026-08-16T07:28,30,30 min,hak_croatia,2026-08-16T05:29:41+00:00
bajakovo-batrovci,2026-08-16T07:49,30,30 min,hak_croatia,2026-08-16T06:03:31+00:00
bajakovo-batrovci,2026-08-16T08:54,25,25 min,anonymous_,2026-08-16T07:01:12+00:00
bajakovo-batrovci,2026-08-16T09:28,30,30 min,hak_croatia,2026-08-16T07:34:45+00:00
bajakovo-batrovci,2026-08-16T09:49,30,30 min,hak_croatia,2026-08-16T07:56:07+00:00
bajakovo-batrovci,2026-08-16T10:08,10,10 min,hak_croatia,2026-08-16T08:11:18+00:00
bajakovo-batrovci,2026-08-16T10:08,10,10 min,hak_croatia,2026-08-16T08:11:43+00:00
bajakovo-batrovci,2026-08-16T10:38,10,10 min,hak_croatia,2026-08-16T08:42:04+00:00
bajakovo-batrovci,2026-08-16T11:57,5,5 min,anonymous_,2026-08-16T10:01:50+00:00
bajakovo-batrovci,2026-08-16T12:38,30,30 min,hak_croatia,2026-08-16T10:39:10+00:00
bajakovo-batrovci,2026-08-16T14:01,5,5 min,anonymous,2026-08-16T12:07:41+00:00
bajakovo-batrovci,2026-08-16T13:58,25,25 min,anonymous_,2026-08-16T12:07:41+00:00
bajakovo-batrovci,2026-08-16T15:19,25,25 min,anonymous,2026-08-16T13:27:15+00:00
bajakovo-batrovci,2026-08-16T15:41,120,2 h,anonymous,2026-08-16T13:54:31+00:00
bajakovo-batrovci,2026-08-16T16:57,35,35 min,anonymous,2026-08-16T14:58:32+00:00
bajakovo-batrovci,2026-08-16T17:40,50,50 min,anonymous,2026-08-16T15:47:56+00:00
bajakovo-batrovci,2026-08-16T18:57,45,45 min,anonymous_,2026-08-16T17:13:39+00:00
bajakovo-batrovci,2026-08-16T19:28,30,30 min,hak_croatia,2026-08-16T17:28:51+00:00
bajakovo-batrovci,2026-08-16T19:49,30,30 min,hak_croatia,2026-08-16T17:51:34+00:00
bajakovo-batrovci,2026-08-16T20:08,30,30 min,hak_croatia,2026-08-16T18:14:30+00:00
bajakovo-batrovci,2026-08-16T20:38,30,30 min,hak_croatia,2026-08-16T18:44:54+00:00
bajakovo-batrovci,2026-08-16T21:54,25,25 min,anonymous_,2026-08-16T20:15:25+00:00
bajakovo-batrovci,2026-08-16T22:38,10,10 min,hak_croatia,2026-08-16T20:49:03+00:00
bajakovo-batrovci,2026-08-16T23:58,5,5 min,anonymous_,2026-08-16T22:06:54+00:00
bajakovo-batrovci,2026-08-17T00:56,15,15 min,anonymous_,2026-08-16T23:01:25+00:00
bajakovo-batrovci,2026-08-17T01:54,10,10 min,anonymous_,2026-08-17T00:06:59+00:00
bajakovo-batrovci,2026-08-17T02:57,5,5 min,anonymous_,2026-08-17T01:13:38+00:00
bajakovo-batrovci,2026-08-17T03:54,15,15 min,anonymous_,2026-08-17T02:10:43+00:00
bajakovo-batrovci,2026-08-17T04:57,10,10 min,anonymous_,2026-08-17T03:11:29+00:00
bajakovo-batrovci,2026-08-17T05:58,5,5 min,anonymous_,2026-08-17T04:01:24+00:00
bajakovo-batrovci,2026-08-17T06:38,10,10 min,hak_croatia,2026-08-17T04:52:43+00:00
bajakovo-batrovci,2026-08-17T07:28,10,10 min,hak_croatia,2026-08-17T05:41:13+00:00
bajakovo-batrovci,2026-08-17T07:49,10,10 min,hak_croatia,2026-08-17T06:00:10+00:00
bajakovo-batrovci,2026-08-17T08:08,10,10 min,hak_croatia,2026-08-17T06:15:35+00:00
bajakovo-batrovci,2026-08-17T08:38,10,10 min,hak_croatia,2026-08-17T06:38:23+00:00
bajakovo-batrovci,2026-08-17T09:28,10,10 min,hak_croatia,2026-08-17T07:36:09+00:00
bajakovo-batrovci,2026-08-17T09:49,10,10 min,hak_croatia,2026-08-17T07:51:19+00:00
bajakovo-batrovci,2026-08-17T10:58,5,5 min,anonymous_,2026-08-17T09:08:09+00:00
bajakovo-batrovci,2026-08-17T11:09,30,30 min,anonymous,2026-08-17T09:21:42+00:00
bajakovo-batrovci,2026-08-17T12:23,25,25 min,anonymous_,2026-08-17T10:33:31+00:00
bajakovo-batrovci,2026-08-17T12:38,10,10 min,hak_croatia,2026-08-17T10:45:00+00:00
bajakovo-batrovci,2026-08-17T13:28,10,10 min,hak_croatia,2026-08-17T11:41:58+00:00
bajakovo-batrovci,2026-08-17T14:23,5,5 min,anonymous_,2026-08-17T12:44:05+00:00
bajakovo-batrovci,2026-08-17T14:45,50,50 min,anonymous,2026-08-17T12:59:18+00:00
bajakovo-batrovci,2026-08-17T15:58,45,45 min,anonymous_,2026-08-17T14:11:05+00:00
bajakovo-batrovci,2026-08-17T16:12,90,1.5 h,anonymous,2026-08-17T14:26:17+00:00
bajakovo-batrovci,2026-08-17T17:15,120,2 h,anonymous,2026-08-17T15:26:25+00:00
bajakovo-batrovci,2026-08-17T18:38,60,60 min,hak_croatia,2026-08-17T16:40:10+00:00
bajakovo-batrovci,2026-08-17T18:26,90,1.5 h,anonymous_,2026-08-17T16:40:10+00:00
bajakovo-batrovci,2026-08-17T19:28,60,60 min,hak_croatia,2026-08-17T17:29:54+00:00
bajakovo-batrovci,2026-08-17T19:49,60,60 min,hak_croatia,2026-08-17T17:49:02+00:00
bajakovo-batrovci,2026-08-17T20:08,60,60 min,hak_croatia,2026-08-17T18:16:37+00:00
bajakovo-batrovci,2026-08-17T20:43,120,2 h,anonymous,2026-08-17T18:47:03+00:00
bajakovo-batrovci,2026-08-17T20:38,60,60 min,hak_croatia,2026-08-17T18:47:03+00:00
bajakovo-batrovci,2026-08-17T21:57,90,1.5 h,anonymous_,2026-08-17T20:12:25+00:00
bajakovo-batrovci,2026-08-17T22:38,30,30 min,hak_croatia,2026-08-17T20:38:18+00:00
bajakovo-batrovci,2026-08-17T23:55,25,25 min,anonymous_,2026-08-17T22:08:28+00:00
bajakovo-batrovci,2026-08-18T00:38,30,30 min,hak_croatia,2026-08-17T22:38:50+00:00
bajakovo-batrovci,2026-08-18T01:28,10,10 min,hak_croatia,2026-08-17T23:38:57+00:00
bajakovo-batrovci,2026-08-18T01:49,10,10 min,hak_croatia,2026-08-17T23:56:40+00:00
bajakovo-batrovci,2026-08-18T02:08,30,30 min,hak_croatia,2026-08-18T00:18:03+00:00
bajakovo-batrovci,2026-08-18T03:25,25,25 min,anonymous_,2026-08-18T01:33:56+00:00
bajakovo-batrovci,2026-08-18T04:23,20,20 min,anonymous_,2026-08-18T02:32:40+00:00
bajakovo-batrovci,2026-08-18T05:27,15,15 min,anonymous_,2026-08-18T03:32:05+00:00
bajakovo-batrovci,2026-08-18T06:25,10,10 min,anonymous_,2026-08-18T04:33:04+00:00
bajakovo-batrovci,2026-08-18T06:38,10,10 min,hak_croatia,2026-08-18T04:48:16+00:00
bajakovo-batrovci,2026-08-18T07:28,10,10 min,hak_croatia,2026-08-18T05:39:14+00:00
bajakovo-batrovci,2026-08-18T07:49,10,10 min,hak_croatia,2026-08-18T05:54:26+00:00
bajakovo-batrovci,2026-08-18T08:08,10,10 min,hak_croatia,2026-08-18T06:09:39+00:00
bajakovo-batrovci,2026-08-18T08:38,10,10 min,hak_croatia,2026-08-18T06:47:58+00:00
bajakovo-batrovci,2026-08-18T09:28,10,10 min,hak_croatia,2026-08-18T07:40:05+00:00
bajakovo-batrovci,2026-08-18T09:49,10,10 min,hak_croatia,2026-08-18T07:55:16+00:00
bajakovo-batrovci,2026-08-18T10:08,10,10 min,hak_croatia,2026-08-18T08:12:40+00:00
bajakovo-batrovci,2026-08-18T10:38,30,30 min,hak_croatia,2026-08-18T08:43:00+00:00
bajakovo-batrovci,2026-08-18T11:28,30,30 min,hak_croatia,2026-08-18T09:33:39+00:00
bajakovo-batrovci,2026-08-18T11:49,30,30 min,hak_croatia,2026-08-18T09:53:41+00:00
bajakovo-batrovci,2026-08-18T12:08,30,30 min,hak_croatia,2026-08-18T10:08:53+00:00
bajakovo-batrovci,2026-08-18T12:38,30,30 min,hak_croatia,2026-08-18T10:39:14+00:00
bajakovo-batrovci,2026-08-18T13:28,30,30 min,hak_croatia,2026-08-18T11:41:39+00:00
bajakovo-batrovci,2026-08-18T13:49,30,30 min,hak_croatia,2026-08-18T12:00:44+00:00
bajakovo-batrovci,2026-08-18T14:08,30,30 min,hak_croatia,2026-08-18T12:15:42+00:00
bajakovo-batrovci,2026-08-18T14:38,30,30 min,hak_croatia,2026-08-18T12:46:07+00:00
bajakovo-batrovci,2026-08-18T15:33,50,50 min,anonymous,2026-08-18T13:43:57+00:00
bajakovo-batrovci,2026-08-18T16:58,45,45 min,anonymous_,2026-08-18T15:02:19+00:00
bajakovo-batrovci,2026-08-18T17:28,30,30 min,hak_croatia,2026-08-18T15:31:52+00:00
bajakovo-batrovci,2026-08-18T17:49,30,30 min,hak_croatia,2026-08-18T15:52:07+00:00
bajakovo-batrovci,2026-08-18T18:08,30,30 min,hak_croatia,2026-08-18T16:20:00+00:00
bajakovo-batrovci,2026-08-18T18:38,30,30 min,hak_croatia,2026-08-18T16:50:22+00:00
bajakovo-batrovci,2026-08-18T19:28,30,30 min,hak_croatia,2026-08-18T17:37:34+00:00
bajakovo-batrovci,2026-08-18T20:24,25,25 min,anonymous_,2026-08-18T18:31:38+00:00
bajakovo-batrovci,2026-08-18T21:25,20,20 min,anonymous_,2026-08-18T19:35:31+00:00
bajakovo-batrovci,2026-08-18T21:49,30,30 min,hak_croatia,2026-08-18T19:50:44+00:00
bajakovo-batrovci,2026-08-18T22:58,25,25 min,anonymous_,2026-08-18T21:11:59+00:00
bajakovo-batrovci,2026-08-18T23:53,20,20 min,anonymous_,2026-08-18T22:10:21+00:00
bajakovo-batrovci,2026-08-19T00:53,15,15 min,anonymous_,2026-08-18T23:13:07+00:00
bajakovo-batrovci,2026-08-19T01:56,10,10 min,anonymous_,2026-08-19T00:08:31+00:00
bajakovo-batrovci,2026-08-19T02:55,5,5 min,anonymous_,2026-08-19T01:09:11+00:00
bajakovo-batrovci,2026-08-19T03:59,15,15 min,anonymous_,2026-08-19T02:03:55+00:00
bajakovo-batrovci,2026-08-19T04:59,10,10 min,anonymous_,2026-08-19T03:00:57+00:00
bajakovo-batrovci,2026-08-19T05:57,5,5 min,anonymous,2026-08-19T04:03:59+00:00
bajakovo-batrovci,2026-08-19T06:53,15,15 min,anonymous_,2026-08-19T05:12:03+00:00
bajakovo-batrovci,2026-08-19T07:55,10,10 min,anonymous_,2026-08-19T06:11:17+00:00
bajakovo-batrovci,2026-08-19T08:54,5,5 min,anonymous_,2026-08-19T07:03:58+00:00
bajakovo-batrovci,2026-08-19T10:08,10,10 min,hak_croatia,2026-08-19T08:12:50+00:00
bajakovo-batrovci,2026-08-19T09:57,10,10 min,anonymous_,2026-08-19T08:12:50+00:00
bajakovo-batrovci,2026-08-19T10:38,10,10 min,hak_croatia,2026-08-19T08:43:12+00:00
bajakovo-batrovci,2026-08-19T11:28,10,10 min,hak_croatia,2026-08-19T09:35:30+00:00
bajakovo-batrovci,2026-08-19T11:49,10,10 min,hak_croatia,2026-08-19T09:50:42+00:00
bajakovo-batrovci,2026-08-19T12:08,10,10 min,hak_croatia,2026-08-19T10:10:09+00:00
bajakovo-batrovci,2026-08-19T12:38,10,10 min,hak_croatia,2026-08-19T10:40:36+00:00
bajakovo-batrovci,2026-08-19T13:28,10,10 min,hak_croatia,2026-08-19T11:42:10+00:00
bajakovo-batrovci,2026-08-19T13:49,10,10 min,hak_croatia,2026-08-19T12:00:09+00:00
bajakovo-batrovci,2026-08-19T14:08,5,5 min,anonymous,2026-08-19T12:15:14+00:00
bajakovo-batrovci,2026-08-19T15:25,10,10 min,anonymous_,2026-08-19T13:30:58+00:00
bajakovo-batrovci,2026-08-19T15:41,60,60 min,anonymous,2026-08-19T13:46:11+00:00
bajakovo-batrovci,2026-08-19T16:49,30,30 min,anonymous,2026-08-19T15:03:36+00:00
bajakovo-batrovci,2026-08-19T17:53,25,25 min,anonymous_,2026-08-19T16:06:01+00:00
bajakovo-batrovci,2026-08-19T18:08,10,10 min,hak_croatia,2026-08-19T16:17:56+00:00
bajakovo-batrovci,2026-08-19T18:38,10,10 min,hak_croatia,2026-08-19T16:48:18+00:00
bajakovo-batrovci,2026-08-19T19:28,10,10 min,hak_croatia,2026-08-19T17:33:55+00:00
bajakovo-batrovci,2026-08-19T19:49,30,30 min,hak_croatia,2026-08-19T18:01:51+00:00
bajakovo-batrovci,2026-08-19T20:08,30,30 min,hak_croatia,2026-08-19T18:12:59+00:00
bajakovo-batrovci,2026-08-19T20:38,30,30 min,hak_croatia,2026-08-19T18:43:23+00:00
bajakovo-batrovci,2026-08-19T21:28,30,30 min,hak_croatia,2026-08-19T19:28:42+00:00
bajakovo-batrovci,2026-08-19T21:49,30,30 min,hak_croatia,2026-08-19T19:49:47+00:00
bajakovo-batrovci,2026-08-19T22:08,30,30 min,hak_croatia,2026-08-19T20:11:03+00:00
bajakovo-batrovci,2026-08-19T22:38,30,30 min,hak_croatia,2026-08-19T20:39:34+00:00
bajakovo-batrovci,2026-08-19T23:28,30,30 min,hak_croatia,2026-08-19T21:42:52+00:00
bajakovo-batrovci,2026-08-19T23:49,30,30 min,hak_croatia,2026-08-19T22:00:36+00:00
bajakovo-batrovci,2026-08-20T00:08,10,10 min,hak_croatia,2026-08-19T22:10:00+00:00
bajakovo-batrovci,2026-08-20T00:38,10,10 min,hak_croatia,2026-08-19T22:40:25+00:00
bajakovo-batrovci,2026-08-20T01:58,5,5 min,anonymous_,2026-08-20T00:12:28+00:00
bajakovo-batrovci,2026-08-20T02:38,10,10 min,hak_croatia,2026-08-20T00:39:06+00:00
bajakovo-batrovci,2026-08-20T02:49,10,10 min,hak_croatia,2026-08-20T00:54:18+00:00
bajakovo-batrovci,2026-08-20T03:54,5,5 min,anonymous_,2026-08-20T02:04:37+00:00
bajakovo-batrovci,2026-08-20T04:08,30,30 min,hak_croatia,2026-08-20T02:19:48+00:00
bajakovo-batrovci,2026-08-20T04:38,30,30 min,hak_croatia,2026-08-20T02:50:09+00:00
bajakovo-batrovci,2026-08-20T05:24,120,2 h,anonymous,2026-08-20T03:37:35+00:00
bajakovo-batrovci,2026-08-20T06:25,90,1.5 h,anonymous_,2026-08-20T04:42:21+00:00
bajakovo-batrovci,2026-08-20T07:26,60,60 min,anonymous_,2026-08-20T05:33:14+00:00
bajakovo-batrovci,2026-08-20T08:08,30,30 min,hak_croatia,2026-08-20T06:21:49+00:00
bajakovo-batrovci,2026-08-20T09:23,25,25 min,anonymous_,2026-08-20T07:40:50+00:00
bajakovo-batrovci,2026-08-20T10:24,20,20 min,anonymous_,2026-08-20T08:38:46+00:00
bajakovo-batrovci,2026-08-20T11:24,15,15 min,anonymous_,2026-08-20T09:30:42+00:00
bajakovo-batrovci,2026-08-20T11:58,35,35 min,anonymous,2026-08-20T10:01:33+00:00
bajakovo-batrovci,2026-08-20T12:59,30,30 min,anonymous_,2026-08-20T11:07:21+00:00
bajakovo-batrovci,2026-08-20T13:27,25,25 min,anonymous,2026-08-20T11:34:15+00:00
bajakovo-batrovci,2026-08-20T14:28,20,20 min,anonymous_,2026-08-20T12:32:09+00:00
bajakovo-batrovci,2026-08-20T14:43,120,2 h,anonymous,2026-08-20T12:47:20+00:00
bajakovo-batrovci,2026-08-20T14:38,60,60 min,hak_croatia,2026-08-20T12:47:20+00:00
bajakovo-batrovci,2026-08-20T15:57,90,1.5 h,anonymous_,2026-08-20T14:02:39+00:00
bajakovo-batrovci,2026-08-20T16:58,60,60 min,anonymous_,2026-08-20T15:06:42+00:00
bajakovo-batrovci,2026-08-20T17:53,55,55 min,anonymous_,2026-08-20T16:03:11+00:00
bajakovo-batrovci,2026-08-20T18:38,30,30 min,hak_croatia,2026-08-20T16:47:44+00:00
bajakovo-batrovci,2026-08-20T19:56,25,25 min,anonymous_,2026-08-20T18:06:14+00:00
bajakovo-batrovci,2026-08-20T20:38,60,60 min,hak_croatia,2026-08-20T18:51:55+00:00
bajakovo-batrovci,2026-08-20T21:58,55,55 min,anonymous_,2026-08-20T20:05:40+00:00
bajakovo-batrovci,2026-08-20T22:38,60,60 min,hak_croatia,2026-08-20T20:44:50+00:00
bajakovo-batrovci,2026-08-20T23:57,55,55 min,anonymous_,2026-08-20T22:03:39+00:00
bajakovo-batrovci,2026-08-21T00:08,60,60 min,hak_croatia,2026-08-20T22:12:12+00:00
bajakovo-batrovci,2026-08-21T00:35,35,35 min,anonymous,2026-08-20T22:42:37+00:00
bajakovo-batrovci,2026-08-21T01:13,120,2 h,anonymous,2026-08-20T23:27:42+00:00
bajakovo-batrovci,2026-08-21T02:27,90,1.5 h,anonymous_,2026-08-21T00:41:14+00:00
bajakovo-batrovci,2026-08-21T03:26,60,60 min,anonymous_,2026-08-21T01:41:55+00:00
bajakovo-batrovci,2026-08-21T04:25,55,55 min,anonymous_,2026-08-21T02:40:44+00:00
bajakovo-batrovci,2026-08-21T05:27,50,50 min,anonymous_,2026-08-21T03:40:58+00:00
bajakovo-batrovci,2026-08-21T05:49,10,10 min,hak_croatia,2026-08-21T03:56:10+00:00
bajakovo-batrovci,2026-08-21T06:08,10,10 min,hak_croatia,2026-08-21T04:11:21+00:00
bajakovo-batrovci,2026-08-21T06:38,10,10 min,hak_croatia,2026-08-21T04:50:04+00:00
bajakovo-batrovci,2026-08-21T07:28,10,10 min,hak_croatia,2026-08-21T05:29:53+00:00
bajakovo-batrovci,2026-08-21T07:49,10,10 min,hak_croatia,2026-08-21T05:58:23+00:00
bajakovo-batrovci,2026-08-21T08:08,10,10 min,hak_croatia,2026-08-21T06:13:33+00:00
bajakovo-batrovci,2026-08-21T08:38,10,10 min,hak_croatia,2026-08-21T06:50:13+00:00
bajakovo-batrovci,2026-08-21T09:57,5,5 min,anonymous_,2026-08-21T08:01:11+00:00
bajakovo-batrovci,2026-08-21T10:53,10,10 min,anonymous_,2026-08-21T09:08:54+00:00
bajakovo-batrovci,2026-08-21T11:53,5,5 min,anonymous_,2026-08-21T10:03:38+00:00
bajakovo-batrovci,2026-08-21T12:38,10,10 min,hak_croatia,2026-08-21T10:45:55+00:00
bajakovo-batrovci,2026-08-21T13:28,10,10 min,hak_croatia,2026-08-21T11:35:47+00:00
bajakovo-batrovci,2026-08-21T13:49,10,10 min,hak_croatia,2026-08-21T11:51:00+00:00
bajakovo-batrovci,2026-08-21T14:16,60,60 min,anonymous,2026-08-21T12:29:44+00:00
bajakovo-batrovci,2026-08-21T14:36,5,5 min,anonymous,2026-08-21T12:44:58+00:00
bajakovo-batrovci,2026-08-21T15:19,45,45 min,anonymous,2026-08-21T13:20:57+00:00
bajakovo-batrovci,2026-08-21T15:07,60,60 min,anonymous,2026-08-21T13:20:57+00:00
bajakovo-batrovci,2026-08-21T16:24,90,1.5 h,anonymous,2026-08-21T14:26:00+00:00
bajakovo-batrovci,2026-08-21T17:25,60,60 min,anonymous_,2026-08-21T15:33:49+00:00
bajakovo-batrovci,2026-08-21T18:17,150,2.5 h,anonymous,2026-08-21T16:23:58+00:00
bajakovo-batrovci,2026-08-21T18:51,90,1.5 h,anonymous,2026-08-21T17:02:25+00:00
bajakovo-batrovci,2026-08-21T19:54,60,60 min,anonymous_,2026-08-21T18:05:34+00:00
bajakovo-batrovci,2026-08-21T20:55,55,55 min,anonymous_,2026-08-21T19:02:33+00:00
bajakovo-batrovci,2026-08-21T21:38,55,55 min,anonymous,2026-08-21T19:48:02+00:00
bajakovo-batrovci,2026-08-21T23:08,90,1.5 h,anonymous,2026-08-21T21:09:59+00:00
bajakovo-batrovci,2026-08-21T22:55,50,50 min,anonymous_,2026-08-21T21:09:59+00:00
bajakovo-batrovci,2026-08-21T23:39,150,2.5 h,anonymous,2026-08-21T21:40:22+00:00
bajakovo-batrovci,2026-08-22T00:55,120,2 h,anonymous_,2026-08-21T23:08:56+00:00
bajakovo-batrovci,2026-08-22T00:55,120,2 h,anonymous_,2026-08-21T23:09:30+00:00
bajakovo-batrovci,2026-08-22T02:08,90,1.5 h,hak_croatia,2026-08-22T00:13:36+00:00
bajakovo-batrovci,2026-08-22T01:59,90,1.5 h,anonymous_,2026-08-22T00:13:36+00:00
bajakovo-batrovci,2026-08-22T02:38,90,1.5 h,hak_croatia,2026-08-22T00:38:50+00:00
bajakovo-batrovci,2026-08-22T02:28,90,1.5 h,hak_croatia,2026-08-22T00:38:50+00:00
bajakovo-batrovci,2026-08-22T02:49,90,1.5 h,hak_croatia,2026-08-22T00:54:03+00:00
bajakovo-batrovci,2026-08-22T03:54,60,60 min,anonymous_,2026-08-22T02:02:52+00:00
bajakovo-batrovci,2026-08-22T04:57,55,55 min,anonymous_,2026-08-22T03:03:37+00:00
bajakovo-batrovci,2026-08-22T05:58,50,50 min,anonymous_,2026-08-22T04:07:32+00:00
bajakovo-batrovci,2026-08-22T06:38,30,30 min,hak_croatia,2026-08-22T04:39:52+00:00
bajakovo-batrovci,2026-08-22T07:28,30,30 min,hak_croatia,2026-08-22T05:32:44+00:00
bajakovo-batrovci,2026-08-22T07:49,30,30 min,hak_croatia,2026-08-22T05:52:40+00:00
bajakovo-batrovci,2026-08-22T08:12,60,60 min,anonymous,2026-08-22T06:14:53+00:00
bajakovo-batrovci,2026-08-22T09:23,55,55 min,anonymous_,2026-08-22T07:35:15+00:00
bajakovo-batrovci,2026-08-22T10:29,50,50 min,anonymous_,2026-08-22T08:42:38+00:00
bajakovo-batrovci,2026-08-22T11:29,45,45 min,anonymous_,2026-08-22T09:34:22+00:00
bajakovo-batrovci,2026-08-22T12:28,40,40 min,anonymous_,2026-08-22T10:38:06+00:00
bajakovo-batrovci,2026-08-22T13:27,35,35 min,anonymous_,2026-08-22T11:32:25+00:00
bajakovo-batrovci,2026-08-22T13:49,30,30 min,hak_croatia,2026-08-22T11:53:11+00:00
bajakovo-batrovci,2026-08-22T15:07,50,50 min,anonymous,2026-08-22T13:11:30+00:00
bajakovo-batrovci,2026-08-22T14:53,25,25 min,anonymous_,2026-08-22T13:11:30+00:00
bajakovo-batrovci,2026-08-22T16:23,45,45 min,anonymous_,2026-08-22T14:33:52+00:00
bajakovo-batrovci,2026-08-22T16:38,30,30 min,hak_croatia,2026-08-22T14:49:04+00:00
bajakovo-batrovci,2026-08-22T17:57,60,60 min,anonymous,2026-08-22T16:07:56+00:00
bajakovo-batrovci,2026-08-22T18:55,55,55 min,anonymous_,2026-08-22T17:13:08+00:00
bajakovo-batrovci,2026-08-22T20:04,120,2 h,anonymous,2026-08-22T18:08:38+00:00
bajakovo-batrovci,2026-08-22T19:58,50,50 min,anonymous_,2026-08-22T18:08:38+00:00
bajakovo-batrovci,2026-08-22T21:26,90,1.5 h,anonymous_,2026-08-22T19:41:06+00:00
bajakovo-batrovci,2026-08-22T22:25,30,30 min,anonymous,2026-08-22T20:31:45+00:00
bajakovo-batrovci,2026-08-22T23:07,20,20 min,anonymous,2026-08-22T21:11:34+00:00
bajakovo-batrovci,2026-08-22T23:19,5,5 min,anonymous,2026-08-22T21:26:46+00:00
bajakovo-batrovci,2026-08-23T00:28,15,15 min,anonymous_,2026-08-22T22:33:34+00:00
bajakovo-batrovci,2026-08-23T01:29,10,10 min,anonymous_,2026-08-22T23:30:48+00:00
bajakovo-batrovci,2026-08-23T01:38,30,30 min,anonymous,2026-08-22T23:45:59+00:00
bajakovo-batrovci,2026-08-23T02:53,25,25 min,anonymous_,2026-08-23T01:08:54+00:00
bajakovo-batrovci,2026-08-23T03:53,20,20 min,anonymous_,2026-08-23T02:11:39+00:00
bajakovo-batrovci,2026-08-23T04:59,15,15 min,anonymous_,2026-08-23T03:12:01+00:00
bajakovo-batrovci,2026-08-23T05:28,10,10 min,hak_croatia,2026-08-23T03:42:24+00:00
bajakovo-batrovci,2026-08-23T05:49,10,10 min,hak_croatia,2026-08-23T03:57:35+00:00
bajakovo-batrovci,2026-08-23T06:08,10,10 min,hak_croatia,2026-08-23T04:20:57+00:00
bajakovo-batrovci,2026-08-23T06:38,10,10 min,hak_croatia,2026-08-23T04:49:28+00:00
bajakovo-batrovci,2026-08-23T07:01,10,10 min,anonymous,2026-08-23T05:04:39+00:00
bajakovo-batrovci,2026-08-23T08:22,40,40 min,anonymous,2026-08-23T06:33:37+00:00
bajakovo-batrovci,2026-08-23T09:35,10,10 min,anonymous,2026-08-23T07:37:33+00:00
bajakovo-batrovci,2026-08-23T09:25,35,35 min,anonymous_,2026-08-23T07:37:33+00:00
bajakovo-batrovci,2026-08-23T10:18,5,5 min,anonymous,2026-08-23T08:28:13+00:00
bajakovo-batrovci,2026-08-23T11:25,15,15 min,anonymous_,2026-08-23T09:37:40+00:00
bajakovo-batrovci,2026-08-23T12:14,40,40 min,anonymous,2026-08-23T10:23:47+00:00
bajakovo-batrovci,2026-08-23T13:26,35,35 min,anonymous_,2026-08-23T11:38:17+00:00
bajakovo-batrovci,2026-08-23T14:27,30,30 min,anonymous_,2026-08-23T12:32:06+00:00
bajakovo-batrovci,2026-08-23T15:01,30,30 min,anonymous,2026-08-23T13:13:09+00:00
bajakovo-batrovci,2026-08-23T16:29,20,20 min,anonymous,2026-08-23T14:39:48+00:00
bajakovo-batrovci,2026-08-23T16:25,30,30 min,anonymous,2026-08-23T14:39:48+00:00
bajakovo-batrovci,2026-08-23T17:22,40,40 min,anonymous,2026-08-23T15:38:02+00:00
bajakovo-batrovci,2026-08-23T18:25,35,35 min,anonymous_,2026-08-23T16:32:27+00:00
bajakovo-batrovci,2026-08-23T19:28,10,10 min,hak_croatia,2026-08-23T17:39:51+00:00
bajakovo-batrovci,2026-08-23T19:49,10,10 min,hak_croatia,2026-08-23T17:55:03+00:00
bajakovo-batrovci,2026-08-23T20:58,5,5 min,anonymous_,2026-08-23T19:11:17+00:00
bajakovo-batrovci,2026-08-23T21:49,10,10 min,hak_croatia,2026-08-23T19:56:19+00:00
bajakovo-batrovci,2026-08-23T22:08,10,10 min,hak_croatia,2026-08-23T20:16:08+00:00
bajakovo-batrovci,2026-08-23T22:38,10,10 min,hak_croatia,2026-08-23T20:50:13+00:00
bajakovo-batrovci,2026-08-23T23:28,30,30 min,hak_croatia,2026-08-23T21:31:30+00:00
bajakovo-batrovci,2026-08-23T23:49,30,30 min,hak_croatia,2026-08-23T21:52:47+00:00
bajakovo-batrovci,2026-08-24T00:08,30,30 min,hak_croatia,2026-08-23T22:07:59+00:00
bajakovo-batrovci,2026-08-24T01:25,25,25 min,anonymous_,2026-08-23T23:31:02+00:00
bajakovo-batrovci,2026-08-24T02:26,20,20 min,anonymous_,2026-08-24T00:38:13+00:00
bajakovo-batrovci,2026-08-24T03:26,15,15 min,anonymous_,2026-08-24T01:39:07+00:00
bajakovo-batrovci,2026-08-24T04:08,10,10 min,hak_croatia,2026-08-24T02:08:56+00:00
bajakovo-batrovci,2026-08-24T04:38,10,10 min,hak_croatia,2026-08-24T02:39:17+00:00
bajakovo-batrovci,2026-08-24T04:43,90,1.5 h,anonymous,2026-08-24T02:54:28+00:00
bajakovo-batrovci,2026-08-24T05:54,60,60 min,anonymous_,2026-08-24T04:10:37+00:00
bajakovo-batrovci,2026-08-24T06:38,10,10 min,hak_croatia,2026-08-24T04:41:00+00:00
bajakovo-batrovci,2026-08-24T07:28,10,10 min,hak_croatia,2026-08-24T05:36:16+00:00
bajakovo-batrovci,2026-08-24T07:49,10,10 min,hak_croatia,2026-08-24T05:50:28+00:00
bajakovo-batrovci,2026-08-24T08:08,30,30 min,hak_croatia,2026-08-24T06:20:49+00:00
bajakovo-batrovci,2026-08-24T08:38,30,30 min,hak_croatia,2026-08-24T06:46:45+00:00
bajakovo-batrovci,2026-08-24T09:28,30,30 min,hak_croatia,2026-08-24T07:32:21+00:00
bajakovo-batrovci,2026-08-24T09:49,30,30 min,hak_croatia,2026-08-24T07:57:04+00:00
bajakovo-batrovci,2026-08-24T10:08,30,30 min,hak_croatia,2026-08-24T08:12:16+00:00
bajakovo-batrovci,2026-08-24T10:38,30,30 min,hak_croatia,2026-08-24T08:46:07+00:00
bajakovo-batrovci,2026-08-24T11:59,25,25 min,anonymous_,2026-08-24T10:13:12+00:00
bajakovo-batrovci,2026-08-24T12:19,15,15 min,anonymous,2026-08-24T10:20:05+00:00
bajakovo-batrovci,2026-08-24T13:28,10,10 min,anonymous_,2026-08-24T11:38:42+00:00
bajakovo-batrovci,2026-08-24T14:15,40,40 min,anonymous,2026-08-24T12:17:17+00:00
bajakovo-batrovci,2026-08-24T15:26,35,35 min,anonymous_,2026-08-24T13:40:11+00:00
bajakovo-batrovci,2026-08-24T16:29,30,30 min,anonymous_,2026-08-24T14:37:14+00:00
bajakovo-batrovci,2026-08-24T16:38,90,1.5 h,hak_croatia,2026-08-24T14:52:24+00:00
bajakovo-batrovci,2026-08-24T17:28,90,1.5 h,hak_croatia,2026-08-24T15:37:53+00:00
bajakovo-batrovci,2026-08-24T17:49,60,60 min,hak_croatia,2026-08-24T15:53:06+00:00
bajakovo-batrovci,2026-08-24T17:49,60,60 min,hak_croatia,2026-08-24T15:53:53+00:00
bajakovo-batrovci,2026-08-24T18:08,60,60 min,hak_croatia,2026-08-24T16:09:09+00:00
bajakovo-batrovci,2026-08-24T18:38,60,60 min,hak_croatia,2026-08-24T16:39:32+00:00
bajakovo-batrovci,2026-08-24T19:28,60,60 min,hak_croatia,2026-08-24T17:38:17+00:00
bajakovo-batrovci,2026-08-24T19:49,60,60 min,hak_croatia,2026-08-24T17:53:28+00:00
bajakovo-batrovci,2026-08-24T20:55,55,55 min,anonymous_,2026-08-24T19:10:04+00:00
bajakovo-batrovci,2026-08-24T22:08,10,10 min,hak_croatia,2026-08-24T20:08:43+00:00
bajakovo-batrovci,2026-08-24T21:58,50,50 min,anonymous_,2026-08-24T20:08:43+00:00
bajakovo-batrovci,2026-08-24T22:38,10,10 min,hak_croatia,2026-08-24T20:43:56+00:00
bajakovo-batrovci,2026-08-24T23:28,10,10 min,hak_croatia,2026-08-24T21:39:06+00:00
bajakovo-batrovci,2026-08-24T23:49,10,10 min,hak_croatia,2026-08-24T21:54:19+00:00
bajakovo-batrovci,2026-08-25T00:08,10,10 min,hak_croatia,2026-08-24T22:09:31+00:00
bajakovo-batrovci,2026-08-25T00:38,10,10 min,hak_croatia,2026-08-24T22:40:54+00:00
bajakovo-batrovci,2026-08-25T01:58,5,5 min,anonymous_,2026-08-25T00:11:21+00:00
bajakovo-batrovci,2026-08-25T02:38,10,10 min,hak_croatia,2026-08-25T00:39:10+00:00
bajakovo-batrovci,2026-08-25T02:28,10,10 min,hak_croatia,2026-08-25T00:39:10+00:00
bajakovo-batrovci,2026-08-25T02:49,10,10 min,hak_croatia,2026-08-25T00:54:21+00:00
bajakovo-batrovci,2026-08-25T03:58,5,5 min,anonymous_,2026-08-25T02:05:50+00:00
bajakovo-batrovci,2026-08-25T04:08,10,10 min,hak_croatia,2026-08-25T02:21:02+00:00
bajakovo-batrovci,2026-08-25T04:38,10,10 min,hak_croatia,2026-08-25T02:51:25+00:00
bajakovo-batrovci,2026-08-25T05:28,10,10 min,hak_croatia,2026-08-25T03:40:45+00:00
bajakovo-batrovci,2026-08-25T05:49,10,10 min,hak_croatia,2026-08-25T03:55:57+00:00
bajakovo-batrovci,2026-08-25T06:08,10,10 min,hak_croatia,2026-08-25T04:19:32+00:00
bajakovo-batrovci,2026-08-25T06:38,10,10 min,hak_croatia,2026-08-25T04:49:56+00:00
bajakovo-batrovci,2026-08-25T07:28,10,10 min,hak_croatia,2026-08-25T05:35:42+00:00
bajakovo-batrovci,2026-08-25T07:49,10,10 min,hak_croatia,2026-08-25T05:50:53+00:00
bajakovo-batrovci,2026-08-25T08:08,10,10 min,hak_croatia,2026-08-25T06:08:52+00:00
bajakovo-batrovci,2026-08-25T08:38,10,10 min,hak_croatia,2026-08-25T06:39:15+00:00
bajakovo-batrovci,2026-08-25T09:58,5,5 min,anonymous_,2026-08-25T08:09:34+00:00
bajakovo-batrovci,2026-08-25T10:54,10,10 min,anonymous_,2026-08-25T09:09:40+00:00
bajakovo-batrovci,2026-08-25T11:54,5,5 min,anonymous_,2026-08-25T10:02:39+00:00
bajakovo-batrovci,2026-08-25T12:55,10,10 min,anonymous_,2026-08-25T11:09:59+00:00
bajakovo-batrovci,2026-08-25T13:55,5,5 min,anonymous_,2026-08-25T12:07:52+00:00
bajakovo-batrovci,2026-08-25T14:59,15,15 min,anonymous_,2026-08-25T13:03:15+00:00
bajakovo-batrovci,2026-08-25T15:25,40,40 min,anonymous,2026-08-25T13:31:43+00:00
bajakovo-batrovci,2026-08-25T15:33,60,60 min,anonymous,2026-08-25T13:46:53+00:00
bajakovo-batrovci,2026-08-25T16:56,55,55 min,anonymous_,2026-08-25T15:09:58+00:00
bajakovo-batrovci,2026-08-25T17:53,50,50 min,anonymous_,2026-08-25T16:04:38+00:00
bajakovo-batrovci,2026-08-25T18:38,10,10 min,hak_croatia,2026-08-25T16:50:12+00:00
bajakovo-batrovci,2026-08-25T19:47,55,55 min,anonymous,2026-08-25T17:53:27+00:00
bajakovo-batrovci,2026-08-25T20:58,50,50 min,anonymous_,2026-08-25T19:08:19+00:00
bajakovo-batrovci,2026-08-25T21:58,45,45 min,anonymous_,2026-08-25T20:11:25+00:00
bajakovo-batrovci,2026-08-25T21:58,45,45 min,anonymous_,2026-08-25T20:11:53+00:00
bajakovo-batrovci,2026-08-25T22:59,40,40 min,anonymous_,2026-08-25T21:05:40+00:00
bajakovo-batrovci,2026-08-25T23:57,35,35 min,anonymous_,2026-08-25T22:03:18+00:00
bajakovo-batrovci,2026-08-26T00:38,30,30 min,hak_croatia,2026-08-25T22:41:05+00:00
bajakovo-batrovci,2026-08-26T02:08,10,10 min,hak_croatia,2026-08-26T00:14:04+00:00
bajakovo-batrovci,2026-08-26T01:57,25,25 min,anonymous_,2026-08-26T00:14:04+00:00
bajakovo-batrovci,2026-08-26T02:38,10,10 min,hak_croatia,2026-08-26T00:40:44+00:00
bajakovo-batrovci,2026-08-26T02:28,10,10 min,hak_croatia,2026-08-26T00:40:44+00:00
bajakovo-batrovci,2026-08-26T02:49,10,10 min,hak_croatia,2026-08-26T00:55:56+00:00
bajakovo-batrovci,2026-08-26T04:08,30,30 min,hak_croatia,2026-08-26T02:11:30+00:00
bajakovo-batrovci,2026-08-26T03:59,5,5 min,anonymous_,2026-08-26T02:11:30+00:00
bajakovo-batrovci,2026-08-26T04:38,30,30 min,hak_croatia,2026-08-26T02:41:50+00:00
bajakovo-batrovci,2026-08-26T05:28,30,30 min,hak_croatia,2026-08-26T03:28:32+00:00
bajakovo-batrovci,2026-08-26T05:49,30,30 min,hak_croatia,2026-08-26T03:58:55+00:00
bajakovo-batrovci,2026-08-26T06:08,30,30 min,hak_croatia,2026-08-26T04:14:07+00:00
bajakovo-batrovci,2026-08-26T06:38,30,30 min,hak_croatia,2026-08-26T04:50:28+00:00
bajakovo-batrovci,2026-08-26T07:28,30,30 min,hak_croatia,2026-08-26T05:31:25+00:00
bajakovo-batrovci,2026-08-26T07:49,30,30 min,hak_croatia,2026-08-26T06:00:32+00:00
bajakovo-batrovci,2026-08-26T08:08,10,10 min,hak_croatia,2026-08-26T06:15:42+00:00
bajakovo-batrovci,2026-08-26T09:23,5,5 min,anonymous_,2026-08-26T07:37:57+00:00
bajakovo-batrovci,2026-08-26T09:49,10,10 min,hak_croatia,2026-08-26T07:53:08+00:00
bajakovo-batrovci,2026-08-26T10:08,10,10 min,hak_croatia,2026-08-26T08:08:20+00:00
bajakovo-batrovci,2026-08-26T10:38,10,10 min,hak_croatia,2026-08-26T08:51:19+00:00
bajakovo-batrovci,2026-08-26T11:28,10,10 min,hak_croatia,2026-08-26T09:38:28+00:00
bajakovo-batrovci,2026-08-26T11:49,10,10 min,hak_croatia,2026-08-26T09:53:40+00:00
bajakovo-batrovci,2026-08-26T12:08,10,10 min,hak_croatia,2026-08-26T10:16:42+00:00
bajakovo-batrovci,2026-08-26T12:38,10,10 min,hak_croatia,2026-08-26T10:47:11+00:00
bajakovo-batrovci,2026-08-26T13:23,90,1.5 h,anonymous,2026-08-26T11:30:48+00:00
bajakovo-batrovci,2026-08-26T14:22,10,10 min,anonymous,2026-08-26T12:25:12+00:00
bajakovo-batrovci,2026-08-26T14:44,20,20 min,anonymous,2026-08-26T12:55:37+00:00
bajakovo-batrovci,2026-08-26T15:36,90,1.5 h,anonymous,2026-08-26T13:38:00+00:00
bajakovo-batrovci,2026-08-26T16:58,60,60 min,anonymous_,2026-08-26T15:01:15+00:00
bajakovo-batrovci,2026-08-26T17:28,90,1.5 h,hak_croatia,2026-08-26T15:31:39+00:00
bajakovo-batrovci,2026-08-26T17:49,90,1.5 h,hak_croatia,2026-08-26T16:01:59+00:00
bajakovo-batrovci,2026-08-26T18:08,90,1.5 h,hak_croatia,2026-08-26T16:18:31+00:00
bajakovo-batrovci,2026-08-26T18:38,90,1.5 h,hak_croatia,2026-08-26T16:48:53+00:00
bajakovo-batrovci,2026-08-26T19:28,90,1.5 h,hak_croatia,2026-08-26T17:41:13+00:00
bajakovo-batrovci,2026-08-26T19:45,35,35 min,anonymous,2026-08-26T17:56:23+00:00
bajakovo-batrovci,2026-08-26T20:57,30,30 min,anonymous_,2026-08-26T19:12:18+00:00
bajakovo-batrovci,2026-08-26T21:28,90,1.5 h,hak_croatia,2026-08-26T19:30:36+00:00
bajakovo-batrovci,2026-08-26T21:49,90,1.5 h,hak_croatia,2026-08-26T20:00:57+00:00
bajakovo-batrovci,2026-08-26T22:16,90,1.5 h,anonymous,2026-08-26T20:31:21+00:00
bajakovo-batrovci,2026-08-26T22:50,90,1.5 h,anonymous,2026-08-26T21:01:45+00:00
bajakovo-batrovci,2026-08-26T23:54,60,60 min,anonymous_,2026-08-26T22:02:31+00:00
bajakovo-batrovci,2026-08-27T00:54,55,55 min,anonymous_,2026-08-26T23:05:48+00:00
bajakovo-batrovci,2026-08-27T01:13,270,4.5 h,anonymous,2026-08-26T23:21:00+00:00
bajakovo-batrovci,2026-08-27T02:29,240,4 h,anonymous_,2026-08-27T00:37:23+00:00
bajakovo-batrovci,2026-08-27T03:26,210,3.5 h,anonymous_,2026-08-27T01:38:13+00:00
bajakovo-batrovci,2026-08-27T04:28,180,3 h,anonymous_,2026-08-27T02:39:00+00:00
bajakovo-batrovci,2026-08-27T05:24,150,2.5 h,anonymous_,2026-08-27T03:39:00+00:00
bajakovo-batrovci,2026-08-27T06:08,10,10 min,hak_croatia,2026-08-27T04:09:23+00:00
bajakovo-batrovci,2026-08-27T07:28,5,5 min,anonymous_,2026-08-27T05:40:36+00:00
bajakovo-batrovci,2026-08-27T08:28,10,10 min,anonymous_,2026-08-27T06:41:25+00:00
bajakovo-batrovci,2026-08-27T09:28,10,10 min,hak_croatia,2026-08-27T07:42:14+00:00
bajakovo-batrovci,2026-08-27T09:49,10,10 min,hak_croatia,2026-08-27T07:57:27+00:00
bajakovo-batrovci,2026-08-27T10:08,10,10 min,hak_croatia,2026-08-27T08:12:39+00:00
bajakovo-batrovci,2026-08-27T10:38,10,10 min,hak_croatia,2026-08-27T08:43:04+00:00
bajakovo-batrovci,2026-08-27T16:08,10,10 min,hak_croatia,2026-08-27T14:35:56+00:00
bajakovo-batrovci,2026-08-27T15:54,5,5 min,anonymous_,2026-08-27T14:35:56+00:00
bajakovo-batrovci,2026-08-27T14:38,10,10 min,hak_croatia,2026-08-27T14:35:56+00:00
bajakovo-batrovci,2026-08-27T14:08,10,10 min,hak_croatia,2026-08-27T14:35:56+00:00
bajakovo-batrovci,2026-08-27T13:49,10,10 min,hak_croatia,2026-08-27T14:35:56+00:00
bajakovo-batrovci,2026-08-27T13:25,5,5 min,anonymous_,2026-08-27T14:35:56+00:00
bajakovo-batrovci,2026-08-27T12:08,10,10 min,hak_croatia,2026-08-27T14:35:56+00:00
bajakovo-batrovci,2026-08-27T11:49,10,10 min,hak_croatia,2026-08-27T14:35:56+00:00
bajakovo-batrovci,2026-08-27T17:24,5,5 min,anonymous_,2026-08-27T15:36:38+00:00
bajakovo-batrovci,2026-08-27T18:33,40,40 min,anonymous,2026-08-27T16:37:21+00:00
bajakovo-batrovci,2026-08-27T18:25,15,15 min,anonymous_,2026-08-27T16:37:21+00:00
bajakovo-batrovci,2026-08-27T20:08,30,30 min,hak_croatia,2026-08-27T18:08:27+00:00
bajakovo-batrovci,2026-08-27T19:56,35,35 min,anonymous_,2026-08-27T18:08:27+00:00
bajakovo-batrovci,2026-08-27T20:38,30,30 min,hak_croatia,2026-08-27T18:38:48+00:00
bajakovo-batrovci,2026-08-27T21:36,55,55 min,anonymous,2026-08-27T19:39:31+00:00
bajakovo-batrovci,2026-08-27T21:28,30,30 min,hak_croatia,2026-08-27T19:39:31+00:00
bajakovo-batrovci,2026-08-28T00:38,30,30 min,hak_croatia,2026-08-27T23:58:10+00:00
bajakovo-batrovci,2026-08-28T00:26,10,10 min,anonymous_,2026-08-27T23:58:10+00:00
bajakovo-batrovci,2026-08-27T23:03,15,15 min,anonymous,2026-08-27T23:58:10+00:00
bajakovo-batrovci,2026-08-27T22:55,50,50 min,anonymous_,2026-08-27T23:58:10+00:00
bajakovo-batrovci,2026-08-28T02:08,30,30 min,hak_croatia,2026-08-28T00:13:22+00:00
bajakovo-batrovci,2026-08-28T01:59,25,25 min,anonymous_,2026-08-28T00:13:22+00:00
bajakovo-batrovci,2026-08-28T02:28,30,30 min,hak_croatia,2026-08-28T00:28:34+00:00
bajakovo-batrovci,2026-08-28T02:38,30,30 min,hak_croatia,2026-08-28T00:43:46+00:00
bajakovo-batrovci,2026-08-28T02:49,30,30 min,hak_croatia,2026-08-28T00:58:58+00:00
bajakovo-batrovci,2026-08-28T04:08,30,30 min,hak_croatia,2026-08-28T02:14:55+00:00
bajakovo-batrovci,2026-08-28T03:59,25,25 min,anonymous_,2026-08-28T02:14:55+00:00
bajakovo-batrovci,2026-08-28T04:38,30,30 min,hak_croatia,2026-08-28T02:45:29+00:00
bajakovo-batrovci,2026-08-28T05:28,30,30 min,hak_croatia,2026-08-28T03:31:02+00:00
bajakovo-batrovci,2026-08-28T05:49,30,30 min,hak_croatia,2026-08-28T04:01:24+00:00
bajakovo-batrovci,2026-08-28T06:08,30,30 min,hak_croatia,2026-08-28T04:16:36+00:00
bajakovo-batrovci,2026-08-28T06:38,30,30 min,hak_croatia,2026-08-28T04:47:00+00:00
bajakovo-batrovci,2026-08-28T12:38,30,30 min,hak_croatia,2026-08-28T11:16:09+00:00
bajakovo-batrovci,2026-08-28T11:55,5,5 min,anonymous_,2026-08-28T11:16:09+00:00
bajakovo-batrovci,2026-08-28T10:38,10,10 min,hak_croatia,2026-08-28T11:16:09+00:00
bajakovo-batrovci,2026-08-28T10:08,10,10 min,hak_croatia,2026-08-28T11:16:09+00:00
bajakovo-batrovci,2026-08-28T09:49,10,10 min,hak_croatia,2026-08-28T11:16:09+00:00
bajakovo-batrovci,2026-08-28T09:28,10,10 min,hak_croatia,2026-08-28T11:16:09+00:00
bajakovo-batrovci,2026-08-28T08:38,10,10 min,hak_croatia,2026-08-28T11:16:09+00:00
bajakovo-batrovci,2026-08-28T08:08,10,10 min,hak_croatia,2026-08-28T11:16:09+00:00
bajakovo-batrovci,2026-08-28T13:28,30,30 min,hak_croatia,2026-08-28T11:31:20+00:00
bajakovo-batrovci,2026-08-28T14:29,25,25 min,anonymous_,2026-08-28T12:32:02+00:00
bajakovo-batrovci,2026-08-28T15:25,20,20 min,anonymous_,2026-08-28T13:32:46+00:00
bajakovo-batrovci,2026-08-28T15:48,90,1.5 h,anonymous,2026-08-28T14:03:07+00:00
bajakovo-batrovci,2026-08-28T16:55,60,60 min,anonymous_,2026-08-28T15:03:53+00:00
bajakovo-batrovci,2026-08-28T17:28,30,30 min,hak_croatia,2026-08-28T15:34:14+00:00
bajakovo-batrovci,2026-08-28T17:49,30,30 min,hak_croatia,2026-08-28T15:49:25+00:00
bajakovo-batrovci,2026-08-28T22:38,60,60 min,hak_croatia,2026-08-28T21:27:09+00:00
bajakovo-batrovci,2026-08-28T22:29,210,3.5 h,anonymous_,2026-08-28T21:27:09+00:00
bajakovo-batrovci,2026-08-28T21:20,240,4 h,anonymous,2026-08-28T21:27:09+00:00
bajakovo-batrovci,2026-08-28T20:53,55,55 min,anonymous_,2026-08-28T21:27:09+00:00
bajakovo-batrovci,2026-08-28T19:56,60,60 min,anonymous_,2026-08-28T21:27:09+00:00
bajakovo-batrovci,2026-08-28T18:51,90,1.5 h,anonymous,2026-08-28T21:27:09+00:00
bajakovo-batrovci,2026-08-28T23:28,60,60 min,hak_croatia,2026-08-28T21:42:21+00:00
bajakovo-batrovci,2026-08-28T23:49,60,60 min,hak_croatia,2026-08-28T21:57:33+00:00
bajakovo-batrovci,2026-08-29T00:08,60,60 min,hak_croatia,2026-08-28T22:12:46+00:00
bajakovo-batrovci,2026-08-29T00:38,60,60 min,hak_croatia,2026-08-28T22:43:08+00:00
bajakovo-batrovci,2026-08-29T01:54,55,55 min,anonymous_,2026-08-29T00:14:17+00:00
bajakovo-batrovci,2026-08-29T02:55,50,50 min,anonymous_,2026-08-29T01:15:01+00:00
bajakovo-batrovci,2026-08-29T03:56,45,45 min,anonymous_,2026-08-29T02:00:40+00:00
bajakovo-batrovci,2026-08-29T04:55,40,40 min,anonymous_,2026-08-29T03:21:06+00:00
bajakovo-batrovci,2026-08-29T05:58,35,35 min,anonymous_,2026-08-29T04:06:37+00:00
bajakovo-batrovci,2026-08-29T06:38,10,10 min,hak_croatia,2026-08-29T04:52:06+00:00
bajakovo-batrovci,2026-08-29T07:53,5,5 min,anonymous_,2026-08-29T06:07:57+00:00
bajakovo-batrovci,2026-08-29T08:08,10,10 min,hak_croatia,2026-08-29T06:23:40+00:00
bajakovo-batrovci,2026-08-29T08:38,10,10 min,hak_croatia,2026-08-29T06:38:50+00:00
bajakovo-batrovci,2026-08-29T09:28,10,10 min,hak_croatia,2026-08-29T07:39:30+00:00
bajakovo-batrovci,2026-08-29T10:29,5,5 min,anonymous_,2026-08-29T08:40:11+00:00
bajakovo-batrovci,2026-08-29T11:57,90,1.5 h,anonymous_,2026-08-29T10:15:51+00:00
bajakovo-batrovci,2026-08-29T10:40,120,2 h,anonymous,2026-08-29T10:15:51+00:00
bajakovo-batrovci,2026-08-29T12:53,60,60 min,anonymous_,2026-08-29T11:01:26+00:00
bajakovo-batrovci,2026-08-29T13:55,55,55 min,anonymous_,2026-08-29T12:02:11+00:00
bajakovo-batrovci,2026-08-29T14:08,10,10 min,hak_croatia,2026-08-29T12:17:22+00:00
bajakovo-batrovci,2026-08-29T14:38,10,10 min,hak_croatia,2026-08-29T12:47:45+00:00
bajakovo-batrovci,2026-08-29T15:28,10,10 min,hak_croatia,2026-08-29T13:33:21+00:00
bajakovo-batrovci,2026-08-29T15:49,10,10 min,hak_croatia,2026-08-29T14:03:44+00:00
bajakovo-batrovci,2026-08-29T16:08,10,10 min,hak_croatia,2026-08-29T14:18:55+00:00
bajakovo-batrovci,2026-08-29T16:38,10,10 min,hak_croatia,2026-08-29T14:49:18+00:00
bajakovo-batrovci,2026-08-29T17:28,10,10 min,hak_croatia,2026-08-29T15:37:50+00:00
bajakovo-batrovci,2026-08-29T17:49,10,10 min,hak_croatia,2026-08-29T15:53:01+00:00
bajakovo-batrovci,2026-08-29T18:08,10,10 min,hak_croatia,2026-08-29T16:08:12+00:00
bajakovo-batrovci,2026-08-29T18:38,10,10 min,hak_croatia,2026-08-29T16:38:51+00:00
bajakovo-batrovci,2026-08-29T19:28,90,1.5 h,anonymous,2026-08-29T17:39:39+00:00
bajakovo-batrovci,2026-08-29T19:28,10,10 min,hak_croatia,2026-08-29T17:39:39+00:00
bajakovo-batrovci,2026-08-29T19:49,60,60 min,anonymous,2026-08-29T17:54:50+00:00
bajakovo-batrovci,2026-08-29T20:11,90,1.5 h,anonymous,2026-08-29T18:25:11+00:00
bajakovo-batrovci,2026-08-29T21:09,300,5 h,anonymous,2026-08-29T19:25:08+00:00
bajakovo-batrovci,2026-08-29T22:16,360,6 h,anonymous,2026-08-29T20:25:58+00:00
bajakovo-batrovci,2026-08-29T23:27,330,5.5 h,anonymous_,2026-08-29T21:35:12+00:00
bajakovo-batrovci,2026-08-30T00:28,300,5 h,anonymous_,2026-08-29T22:35:53+00:00
bajakovo-batrovci,2026-08-30T01:27,270,4.5 h,anonymous_,2026-08-29T23:41:47+00:00
bajakovo-batrovci,2026-08-30T01:51,15,15 min,anonymous,2026-08-29T23:56:59+00:00
bajakovo-batrovci,2026-08-30T01:49,10,10 min,hak_croatia,2026-08-29T23:56:59+00:00
bajakovo-batrovci,2026-08-30T02:55,10,10 min,anonymous_,2026-08-30T01:13:03+00:00
bajakovo-batrovci,2026-08-30T03:59,5,5 min,anonymous_,2026-08-30T02:07:03+00:00
bajakovo-batrovci,2026-08-30T04:08,10,10 min,hak_croatia,2026-08-30T02:22:14+00:00
bajakovo-batrovci,2026-08-30T04:38,10,10 min,hak_croatia,2026-08-30T02:52:34+00:00
bajakovo-batrovci,2026-08-30T05:28,10,10 min,hak_croatia,2026-08-30T03:38:04+00:00
bajakovo-batrovci,2026-08-30T05:49,10,10 min,hak_croatia,2026-08-30T03:53:14+00:00
bajakovo-batrovci,2026-08-30T06:08,10,10 min,hak_croatia,2026-08-30T04:08:24+00:00
bajakovo-batrovci,2026-08-30T06:38,10,10 min,hak_croatia,2026-08-30T04:38:47+00:00
bajakovo-batrovci,2026-08-30T07:28,10,10 min,hak_croatia,2026-08-30T05:39:27+00:00
bajakovo-batrovci,2026-08-30T08:23,5,5 min,anonymous_,2026-08-30T06:40:07+00:00
bajakovo-batrovci,2026-08-30T09:29,10,10 min,anonymous_,2026-08-30T07:37:41+00:00
bajakovo-batrovci,2026-08-30T10:25,5,5 min,anonymous_,2026-08-30T08:38:55+00:00
bajakovo-batrovci,2026-08-30T11:34,35,35 min,anonymous,2026-08-30T09:39:44+00:00
bajakovo-batrovci,2026-08-30T11:23,10,10 min,anonymous_,2026-08-30T09:39:44+00:00
bajakovo-batrovci,2026-08-30T12:56,30,30 min,anonymous_,2026-08-30T11:10:55+00:00
bajakovo-batrovci,2026-08-30T13:43,60,60 min,anonymous,2026-08-30T11:56:30+00:00
bajakovo-batrovci,2026-08-30T14:55,55,55 min,anonymous_,2026-08-30T13:15:01+00:00
bajakovo-batrovci,2026-08-30T15:27,90,1.5 h,anonymous,2026-08-30T13:30:12+00:00
bajakovo-batrovci,2026-08-30T16:27,60,60 min,anonymous_,2026-08-30T14:31:41+00:00
bajakovo-batrovci,2026-08-30T16:36,90,1.5 h,anonymous,2026-08-30T14:46:52+00:00
bajakovo-batrovci,2026-08-30T17:55,60,60 min,anonymous_,2026-08-30T16:02:52+00:00
bajakovo-batrovci,2026-08-30T18:08,30,30 min,hak_croatia,2026-08-30T16:18:04+00:00
bajakovo-batrovci,2026-08-30T18:38,30,30 min,hak_croatia,2026-08-30T16:48:28+00:00
bajakovo-batrovci,2026-08-30T19:28,30,30 min,hak_croatia,2026-08-30T17:34:02+00:00
bajakovo-batrovci,2026-08-30T19:49,30,30 min,hak_croatia,2026-08-30T17:51:46+00:00
bajakovo-batrovci,2026-08-30T20:08,30,30 min,hak_croatia,2026-08-30T18:22:10+00:00
bajakovo-batrovci,2026-08-30T20:37,40,40 min,anonymous,2026-08-30T18:52:34+00:00
bajakovo-batrovci,2026-08-30T21:12,20,20 min,anonymous,2026-08-30T19:23:07+00:00
bajakovo-batrovci,2026-08-30T22:28,15,15 min,anonymous_,2026-08-30T20:31:34+00:00
bajakovo-batrovci,2026-08-30T23:28,10,10 min,anonymous_,2026-08-30T21:32:22+00:00
bajakovo-batrovci,2026-08-30T23:57,25,25 min,anonymous,2026-08-30T22:02:44+00:00
bajakovo-batrovci,2026-08-31T00:07,60,60 min,anonymous,2026-08-30T22:17:56+00:00
bajakovo-batrovci,2026-08-31T01:26,55,55 min,anonymous_,2026-08-30T23:42:17+00:00
bajakovo-batrovci,2026-08-31T02:29,50,50 min,anonymous_,2026-08-31T00:42:57+00:00
bajakovo-batrovci,2026-08-31T03:27,45,45 min,anonymous_,2026-08-31T01:41:12+00:00
bajakovo-batrovci,2026-08-31T04:28,40,40 min,anonymous_,2026-08-31T02:41:53+00:00
bajakovo-batrovci,2026-08-31T05:25,35,35 min,anonymous_,2026-08-31T03:42:31+00:00
bajakovo-batrovci,2026-08-31T06:26,30,30 min,anonymous_,2026-08-31T04:43:12+00:00
