crossing,reported_at,value_min,value_raw,reporter,scraped_at_utc
batrovci-bajakovo,2026-06-16T22:38,30,30 min,hak_croatia,2026-06-16T20:59:42+00:00
batrovci-bajakovo,2026-06-16T22:08,30,30 min,hak_croatia,2026-06-16T20:59:42+00:00
batrovci-bajakovo,2026-06-16T21:49,30,30 min,hak_croatia,2026-06-16T20:59:42+00:00
batrovci-bajakovo,2026-06-16T21:28,30,30 min,hak_croatia,2026-06-16T20:59:42+00:00
batrovci-bajakovo,2026-06-16T20:38,30,30 min,hak_croatia,2026-06-16T20:59:42+00:00
batrovci-bajakovo,2026-06-16T20:08,30,30 min,hak_croatia,2026-06-16T20:59:42+00:00
batrovci-bajakovo,2026-06-16T19:49,30,30 min,hak_croatia,2026-06-16T20:59:42+00:00
batrovci-bajakovo,2026-06-16T19:28,30,30 min,hak_croatia,2026-06-16T20:59:42+00:00
batrovci-bajakovo,2026-06-16T23:28,30,30 min,hak_croatia,2026-06-16T21:45:34+00:00
batrovci-bajakovo,2026-06-16T23:49,30,30 min,hak_croatia,2026-06-16T21:49:34+00:00
batrovci-bajakovo,2026-06-17T00:08,10,10 min,hak_croatia,2026-06-16T22:08:00+00:00
batrovci-bajakovo,2026-06-17T00:38,10,10 min,hak_croatia,2026-06-16T23:00:30+00:00
batrovci-bajakovo,2026-06-17T02:49,30,30 min,hak_croatia,2026-06-17T01:40:44+00:00
batrovci-bajakovo,2026-06-17T02:38,30,30 min,hak_croatia,2026-06-17T01:40:44+00:00
batrovci-bajakovo,2026-06-17T02:28,30,30 min,hak_croatia,2026-06-17T01:40:44+00:00
batrovci-bajakovo,2026-06-17T02:08,30,30 min,hak_croatia,2026-06-17T01:40:44+00:00
batrovci-bajakovo,2026-06-17T01:49,30,30 min,hak_croatia,2026-06-17T01:40:44+00:00
batrovci-bajakovo,2026-06-17T01:28,30,30 min,hak_croatia,2026-06-17T01:40:44+00:00
batrovci-bajakovo,2026-06-17T06:38,30,30 min,hak_croatia,2026-06-17T05:27:43+00:00
batrovci-bajakovo,2026-06-17T05:49,30,30 min,hak_croatia,2026-06-17T05:27:43+00:00
batrovci-bajakovo,2026-06-17T05:28,30,30 min,hak_croatia,2026-06-17T05:27:43+00:00
batrovci-bajakovo,2026-06-17T04:38,30,30 min,hak_croatia,2026-06-17T05:27:43+00:00
batrovci-bajakovo,2026-06-17T04:08,30,30 min,hak_croatia,2026-06-17T05:27:43+00:00
batrovci-bajakovo,2026-06-17T03:58,25,25 min,anonymous_,2026-06-17T05:27:43+00:00
batrovci-bajakovo,2026-06-17T08:08,30,30 min,hak_croatia,2026-06-17T06:13:33+00:00
batrovci-bajakovo,2026-06-17T07:49,30,30 min,hak_croatia,2026-06-17T06:13:33+00:00
batrovci-bajakovo,2026-06-17T07:28,30,30 min,hak_croatia,2026-06-17T06:13:33+00:00
batrovci-bajakovo,2026-06-17T08:38,30,30 min,hak_croatia,2026-06-17T06:43:46+00:00
batrovci-bajakovo,2026-06-17T09:28,30,30 min,hak_croatia,2026-06-17T07:29:05+00:00
batrovci-bajakovo,2026-06-17T09:49,30,30 min,hak_croatia,2026-06-17T07:59:17+00:00
batrovci-bajakovo,2026-06-17T10:08,30,30 min,hak_croatia,2026-06-17T08:14:24+00:00
batrovci-bajakovo,2026-06-17T10:38,30,30 min,hak_croatia,2026-06-17T08:44:37+00:00
batrovci-bajakovo,2026-06-17T11:28,30,30 min,hak_croatia,2026-06-17T09:29:57+00:00
batrovci-bajakovo,2026-06-17T11:49,30,30 min,hak_croatia,2026-06-17T10:00:11+00:00
batrovci-bajakovo,2026-06-17T12:08,30,30 min,hak_croatia,2026-06-17T10:15:23+00:00
batrovci-bajakovo,2026-06-17T12:38,30,30 min,hak_croatia,2026-06-17T10:48:17+00:00
batrovci-bajakovo,2026-06-17T13:28,30,30 min,hak_croatia,2026-06-17T11:33:35+00:00
batrovci-bajakovo,2026-06-17T13:49,30,30 min,hak_croatia,2026-06-17T12:03:46+00:00
batrovci-bajakovo,2026-06-17T14:08,30,30 min,hak_croatia,2026-06-17T12:18:53+00:00
batrovci-bajakovo,2026-06-17T14:38,30,30 min,hak_croatia,2026-06-17T12:49:06+00:00
batrovci-bajakovo,2026-06-17T15:28,30,30 min,hak_croatia,2026-06-17T13:34:23+00:00
batrovci-bajakovo,2026-06-17T15:49,30,30 min,hak_croatia,2026-06-17T13:49:29+00:00
batrovci-bajakovo,2026-06-17T16:08,30,30 min,hak_croatia,2026-06-17T14:12:32+00:00
batrovci-bajakovo,2026-06-17T16:38,30,30 min,hak_croatia,2026-06-17T14:42:45+00:00
batrovci-bajakovo,2026-06-17T17:28,30,30 min,hak_croatia,2026-06-17T15:28:03+00:00
batrovci-bajakovo,2026-06-17T17:49,30,30 min,hak_croatia,2026-06-17T15:58:40+00:00
batrovci-bajakovo,2026-06-17T18:08,30,30 min,hak_croatia,2026-06-17T16:13:47+00:00
batrovci-bajakovo,2026-06-17T18:38,30,30 min,hak_croatia,2026-06-17T16:43:59+00:00
batrovci-bajakovo,2026-06-17T19:28,10,10 min,hak_croatia,2026-06-17T17:42:36+00:00
batrovci-bajakovo,2026-06-17T19:49,10,10 min,hak_croatia,2026-06-17T17:57:43+00:00
batrovci-bajakovo,2026-06-17T20:08,10,10 min,hak_croatia,2026-06-17T18:12:50+00:00
batrovci-bajakovo,2026-06-17T20:38,10,10 min,hak_croatia,2026-06-17T18:43:02+00:00
batrovci-bajakovo,2026-06-17T21:28,10,10 min,hak_croatia,2026-06-17T19:28:20+00:00
batrovci-bajakovo,2026-06-17T21:49,10,10 min,hak_croatia,2026-06-17T19:55:15+00:00
batrovci-bajakovo,2026-06-17T22:53,5,5 min,anonymous_,2026-06-17T21:10:43+00:00
batrovci-bajakovo,2026-06-17T23:49,30,30 min,hak_croatia,2026-06-17T22:03:21+00:00
batrovci-bajakovo,2026-06-18T00:08,30,30 min,hak_croatia,2026-06-17T22:18:27+00:00
batrovci-bajakovo,2026-06-18T00:38,30,30 min,hak_croatia,2026-06-17T22:48:41+00:00
batrovci-bajakovo,2026-06-18T01:28,30,30 min,hak_croatia,2026-06-17T23:42:25+00:00
batrovci-bajakovo,2026-06-18T01:49,30,30 min,hak_croatia,2026-06-17T23:57:31+00:00
batrovci-bajakovo,2026-06-18T02:08,30,30 min,hak_croatia,2026-06-18T00:17:04+00:00
batrovci-bajakovo,2026-06-18T02:28,30,30 min,hak_croatia,2026-06-18T00:32:10+00:00
batrovci-bajakovo,2026-06-18T02:38,30,30 min,hak_croatia,2026-06-18T00:47:16+00:00
batrovci-bajakovo,2026-06-18T02:49,30,30 min,hak_croatia,2026-06-18T01:02:22+00:00
batrovci-bajakovo,2026-06-18T03:58,25,25 min,anonymous_,2026-06-18T02:00:58+00:00
batrovci-bajakovo,2026-06-18T04:08,10,10 min,hak_croatia,2026-06-18T02:16:04+00:00
batrovci-bajakovo,2026-06-18T04:38,10,10 min,hak_croatia,2026-06-18T02:46:16+00:00
batrovci-bajakovo,2026-06-18T05:28,30,30 min,hak_croatia,2026-06-18T03:31:33+00:00
batrovci-bajakovo,2026-06-18T05:49,30,30 min,hak_croatia,2026-06-18T04:01:44+00:00
batrovci-bajakovo,2026-06-18T06:08,30,30 min,hak_croatia,2026-06-18T04:16:50+00:00
batrovci-bajakovo,2026-06-18T06:38,60,60 min,hak_croatia,2026-06-18T04:47:02+00:00
batrovci-bajakovo,2026-06-18T07:28,60,60 min,hak_croatia,2026-06-18T05:32:19+00:00
batrovci-bajakovo,2026-06-18T07:49,60,60 min,hak_croatia,2026-06-18T06:02:31+00:00
batrovci-bajakovo,2026-06-18T08:08,60,60 min,hak_croatia,2026-06-18T06:17:36+00:00
batrovci-bajakovo,2026-06-18T08:38,60,60 min,hak_croatia,2026-06-18T06:40:01+00:00
batrovci-bajakovo,2026-06-18T09:28,60,60 min,hak_croatia,2026-06-18T07:40:21+00:00
batrovci-bajakovo,2026-06-18T09:49,60,60 min,hak_croatia,2026-06-18T07:55:27+00:00
batrovci-bajakovo,2026-06-18T10:08,60,60 min,hak_croatia,2026-06-18T08:10:33+00:00
batrovci-bajakovo,2026-06-18T10:38,60,60 min,hak_croatia,2026-06-18T08:40:43+00:00
batrovci-bajakovo,2026-06-18T11:28,60,60 min,hak_croatia,2026-06-18T09:41:03+00:00
batrovci-bajakovo,2026-06-18T11:49,60,60 min,hak_croatia,2026-06-18T09:56:09+00:00
batrovci-bajakovo,2026-06-18T12:08,60,60 min,hak_croatia,2026-06-18T10:11:14+00:00
batrovci-bajakovo,2026-06-18T12:17,120,2 h,anonymous,2026-06-18T10:26:20+00:00
batrovci-bajakovo,2026-06-18T13:23,90,1.5 h,anonymous_,2026-06-18T11:33:17+00:00
batrovci-bajakovo,2026-06-18T13:49,60,60 min,hak_croatia,2026-06-18T12:03:29+00:00
batrovci-bajakovo,2026-06-18T14:08,60,60 min,hak_croatia,2026-06-18T12:18:36+00:00
batrovci-bajakovo,2026-06-18T14:38,60,60 min,hak_croatia,2026-06-18T12:48:50+00:00
batrovci-bajakovo,2026-06-18T15:28,60,60 min,hak_croatia,2026-06-18T13:34:09+00:00
batrovci-bajakovo,2026-06-18T15:46,300,5 h,anonymous,2026-06-18T13:49:16+00:00
batrovci-bajakovo,2026-06-18T16:54,270,4.5 h,anonymous_,2026-06-18T15:04:50+00:00
batrovci-bajakovo,2026-06-18T17:57,240,4 h,anonymous_,2026-06-18T16:05:12+00:00
batrovci-bajakovo,2026-06-18T18:25,120,2 h,anonymous,2026-06-18T16:35:22+00:00
batrovci-bajakovo,2026-06-18T19:26,90,1.5 h,anonymous_,2026-06-18T17:35:44+00:00
batrovci-bajakovo,2026-06-18T19:49,60,60 min,hak_croatia,2026-06-18T17:53:10+00:00
batrovci-bajakovo,2026-06-18T20:08,60,60 min,hak_croatia,2026-06-18T18:08:17+00:00
batrovci-bajakovo,2026-06-18T20:38,60,60 min,hak_croatia,2026-06-18T18:38:39+00:00
batrovci-bajakovo,2026-06-18T21:28,60,60 min,hak_croatia,2026-06-18T19:39:04+00:00
batrovci-bajakovo,2026-06-18T21:49,60,60 min,hak_croatia,2026-06-18T19:54:11+00:00
batrovci-bajakovo,2026-06-18T22:08,60,60 min,hak_croatia,2026-06-18T20:16:47+00:00
batrovci-bajakovo,2026-06-18T22:38,60,60 min,hak_croatia,2026-06-18T20:47:01+00:00
batrovci-bajakovo,2026-06-18T23:55,55,55 min,anonymous_,2026-06-18T22:02:29+00:00
batrovci-bajakovo,2026-06-19T00:57,50,50 min,anonymous_,2026-06-18T23:09:03+00:00
batrovci-bajakovo,2026-06-19T01:28,10,10 min,hak_croatia,2026-06-18T23:39:16+00:00
batrovci-bajakovo,2026-06-19T01:49,10,10 min,hak_croatia,2026-06-18T23:54:22+00:00
batrovci-bajakovo,2026-06-19T02:08,10,10 min,hak_croatia,2026-06-19T00:09:29+00:00
batrovci-bajakovo,2026-06-19T02:28,10,10 min,hak_croatia,2026-06-19T00:28:41+00:00
batrovci-bajakovo,2026-06-19T02:38,10,10 min,hak_croatia,2026-06-19T00:43:50+00:00
batrovci-bajakovo,2026-06-19T02:49,10,10 min,hak_croatia,2026-06-19T00:58:55+00:00
batrovci-bajakovo,2026-06-19T04:08,10,10 min,hak_croatia,2026-06-19T02:14:20+00:00
batrovci-bajakovo,2026-06-19T03:55,5,5 min,anonymous_,2026-06-19T02:14:20+00:00
batrovci-bajakovo,2026-06-19T04:21,35,35 min,anonymous,2026-06-19T02:29:26+00:00
batrovci-bajakovo,2026-06-19T05:25,30,30 min,anonymous_,2026-06-19T03:44:50+00:00
batrovci-bajakovo,2026-06-19T05:49,30,30 min,hak_croatia,2026-06-19T03:59:55+00:00
batrovci-bajakovo,2026-06-19T06:08,30,30 min,hak_croatia,2026-06-19T04:15:01+00:00
batrovci-bajakovo,2026-06-19T06:38,30,30 min,hak_croatia,2026-06-19T04:45:19+00:00
batrovci-bajakovo,2026-06-19T07:28,30,30 min,hak_croatia,2026-06-19T05:29:54+00:00
batrovci-bajakovo,2026-06-19T07:49,30,30 min,hak_croatia,2026-06-19T06:00:07+00:00
batrovci-bajakovo,2026-06-19T08:08,30,30 min,hak_croatia,2026-06-19T06:15:22+00:00
batrovci-bajakovo,2026-06-19T08:38,30,30 min,hak_croatia,2026-06-19T06:45:34+00:00
batrovci-bajakovo,2026-06-19T09:28,90,1.5 h,hak_croatia,2026-06-19T07:30:54+00:00
batrovci-bajakovo,2026-06-19T09:49,90,1.5 h,hak_croatia,2026-06-19T08:01:08+00:00
batrovci-bajakovo,2026-06-19T10:08,90,1.5 h,hak_croatia,2026-06-19T08:16:15+00:00
batrovci-bajakovo,2026-06-19T10:38,90,1.5 h,hak_croatia,2026-06-19T08:46:28+00:00
batrovci-bajakovo,2026-06-19T11:28,120,2 h,hak_croatia,2026-06-19T09:31:48+00:00
batrovci-bajakovo,2026-06-19T11:49,120,2 h,hak_croatia,2026-06-19T10:02:01+00:00
batrovci-bajakovo,2026-06-19T12:08,120,2 h,hak_croatia,2026-06-19T10:19:48+00:00
batrovci-bajakovo,2026-06-19T12:38,120,2 h,hak_croatia,2026-06-19T10:49:59+00:00
batrovci-bajakovo,2026-06-19T13:28,120,2 h,hak_croatia,2026-06-19T11:35:15+00:00
batrovci-bajakovo,2026-06-19T13:49,120,2 h,hak_croatia,2026-06-19T11:50:21+00:00
batrovci-bajakovo,2026-06-19T14:08,120,2 h,hak_croatia,2026-06-19T12:20:31+00:00
batrovci-bajakovo,2026-06-19T14:38,120,2 h,hak_croatia,2026-06-19T12:50:42+00:00
batrovci-bajakovo,2026-06-19T15:18,120,2 h,anonymous,2026-06-19T13:20:54+00:00
batrovci-bajakovo,2026-06-19T16:26,90,1.5 h,anonymous_,2026-06-19T14:33:33+00:00
batrovci-bajakovo,2026-06-19T16:38,120,2 h,hak_croatia,2026-06-19T14:48:38+00:00
batrovci-bajakovo,2026-06-19T17:08,120,2 h,anonymous,2026-06-19T15:18:50+00:00
batrovci-bajakovo,2026-06-19T18:00,300,5 h,anonymous,2026-06-19T16:04:29+00:00
batrovci-bajakovo,2026-06-19T18:58,270,4.5 h,anonymous_,2026-06-19T17:10:55+00:00
batrovci-bajakovo,2026-06-19T19:28,120,2 h,hak_croatia,2026-06-19T17:41:06+00:00
batrovci-bajakovo,2026-06-19T19:49,120,2 h,hak_croatia,2026-06-19T17:56:12+00:00
batrovci-bajakovo,2026-06-19T20:08,120,2 h,hak_croatia,2026-06-19T18:11:19+00:00
batrovci-bajakovo,2026-06-19T20:38,120,2 h,hak_croatia,2026-06-19T18:50:39+00:00
batrovci-bajakovo,2026-06-19T21:28,120,2 h,hak_croatia,2026-06-19T19:35:59+00:00
batrovci-bajakovo,2026-06-19T21:49,120,2 h,hak_croatia,2026-06-19T19:51:06+00:00
batrovci-bajakovo,2026-06-19T22:08,120,2 h,hak_croatia,2026-06-19T20:10:27+00:00
batrovci-bajakovo,2026-06-19T22:38,120,2 h,hak_croatia,2026-06-19T20:40:39+00:00
batrovci-bajakovo,2026-06-19T23:24,120,2 h,anonymous,2026-06-19T21:25:58+00:00
batrovci-bajakovo,2026-06-20T00:27,90,1.5 h,anonymous_,2026-06-19T22:39:11+00:00
batrovci-bajakovo,2026-06-20T01:23,60,60 min,anonymous_,2026-06-19T23:41:25+00:00
batrovci-bajakovo,2026-06-20T02:29,55,55 min,anonymous_,2026-06-20T00:40:07+00:00
batrovci-bajakovo,2026-06-20T03:24,50,50 min,anonymous_,2026-06-20T01:40:28+00:00
batrovci-bajakovo,2026-06-20T04:26,45,45 min,anonymous_,2026-06-20T02:40:50+00:00
batrovci-bajakovo,2026-06-20T05:24,150,2.5 h,anonymous,2026-06-20T03:26:09+00:00
batrovci-bajakovo,2026-06-20T06:24,120,2 h,anonymous_,2026-06-20T04:37:38+00:00
batrovci-bajakovo,2026-06-20T06:38,60,60 min,hak_croatia,2026-06-20T04:52:43+00:00
batrovci-bajakovo,2026-06-20T07:18,240,4 h,anonymous,2026-06-20T05:22:53+00:00
batrovci-bajakovo,2026-06-20T08:10,180,3 h,anonymous,2026-06-20T06:23:31+00:00
batrovci-bajakovo,2026-06-20T09:27,150,2.5 h,anonymous_,2026-06-20T07:38:56+00:00
batrovci-bajakovo,2026-06-20T09:49,60,60 min,hak_croatia,2026-06-20T07:54:02+00:00
batrovci-bajakovo,2026-06-20T10:08,60,60 min,hak_croatia,2026-06-20T08:09:08+00:00
batrovci-bajakovo,2026-06-20T10:27,150,2.5 h,anonymous,2026-06-20T08:30:50+00:00
batrovci-bajakovo,2026-06-20T11:27,120,2 h,anonymous_,2026-06-20T09:31:15+00:00
batrovci-bajakovo,2026-06-20T11:49,60,60 min,hak_croatia,2026-06-20T10:01:28+00:00
batrovci-bajakovo,2026-06-20T12:08,10,10 min,hak_croatia,2026-06-20T10:16:34+00:00
batrovci-bajakovo,2026-06-20T12:32,120,2 h,Bordertime,2026-06-20T10:43:41+00:00
batrovci-bajakovo,2026-06-20T13:57,180,3 h,anonymous,2026-06-20T11:59:21+00:00
batrovci-bajakovo,2026-06-20T14:59,150,2.5 h,anonymous_,2026-06-20T13:06:52+00:00
batrovci-bajakovo,2026-06-20T15:21,240,4 h,anonymous,2026-06-20T13:21:57+00:00
batrovci-bajakovo,2026-06-20T15:12,60,60 min,anonymous,2026-06-20T13:21:57+00:00
batrovci-bajakovo,2026-06-20T16:27,210,3.5 h,anonymous_,2026-06-20T14:37:29+00:00
batrovci-bajakovo,2026-06-20T16:38,90,1.5 h,hak_croatia,2026-06-20T14:38:19+00:00
batrovci-bajakovo,2026-06-20T17:28,60,60 min,hak_croatia,2026-06-20T15:38:48+00:00
batrovci-bajakovo,2026-06-20T17:49,60,60 min,hak_croatia,2026-06-20T15:53:55+00:00
batrovci-bajakovo,2026-06-20T18:08,60,60 min,hak_croatia,2026-06-20T16:09:14+00:00
batrovci-bajakovo,2026-06-20T18:38,60,60 min,hak_croatia,2026-06-20T16:39:25+00:00
batrovci-bajakovo,2026-06-20T19:27,120,2 h,anonymous,2026-06-20T17:39:49+00:00
batrovci-bajakovo,2026-06-20T20:23,90,1.5 h,anonymous_,2026-06-20T18:36:52+00:00
batrovci-bajakovo,2026-06-20T20:38,120,2 h,hak_croatia,2026-06-20T18:51:58+00:00
batrovci-bajakovo,2026-06-20T21:28,60,60 min,hak_croatia,2026-06-20T19:40:03+00:00
batrovci-bajakovo,2026-06-20T21:49,60,60 min,hak_croatia,2026-06-20T19:55:08+00:00
batrovci-bajakovo,2026-06-20T22:08,60,60 min,hak_croatia,2026-06-20T20:10:14+00:00
batrovci-bajakovo,2026-06-20T22:21,210,3.5 h,anonymous,2026-06-20T20:25:20+00:00
batrovci-bajakovo,2026-06-20T23:26,180,3 h,anonymous_,2026-06-20T21:30:40+00:00
batrovci-bajakovo,2026-06-20T23:49,60,60 min,hak_croatia,2026-06-20T21:57:08+00:00
batrovci-bajakovo,2026-06-21T00:08,60,60 min,hak_croatia,2026-06-20T22:12:14+00:00
batrovci-bajakovo,2026-06-21T00:38,60,60 min,hak_croatia,2026-06-20T22:42:26+00:00
batrovci-bajakovo,2026-06-21T01:28,60,60 min,hak_croatia,2026-06-20T23:37:08+00:00
batrovci-bajakovo,2026-06-21T01:49,60,60 min,hak_croatia,2026-06-20T23:52:34+00:00
batrovci-bajakovo,2026-06-21T02:08,60,60 min,hak_croatia,2026-06-21T00:22:45+00:00
batrovci-bajakovo,2026-06-21T02:28,60,60 min,hak_croatia,2026-06-21T00:37:51+00:00
batrovci-bajakovo,2026-06-21T02:49,90,1.5 h,hak_croatia,2026-06-21T00:52:57+00:00
batrovci-bajakovo,2026-06-21T02:38,60,60 min,hak_croatia,2026-06-21T00:52:57+00:00
batrovci-bajakovo,2026-06-21T04:08,90,1.5 h,hak_croatia,2026-06-21T02:12:31+00:00
batrovci-bajakovo,2026-06-21T03:53,60,60 min,anonymous_,2026-06-21T02:12:31+00:00
batrovci-bajakovo,2026-06-21T04:38,90,1.5 h,hak_croatia,2026-06-21T02:42:41+00:00
batrovci-bajakovo,2026-06-21T05:28,90,1.5 h,hak_croatia,2026-06-21T03:43:08+00:00
batrovci-bajakovo,2026-06-21T05:49,180,3 h,hak_croatia,2026-06-21T03:58:14+00:00
batrovci-bajakovo,2026-06-21T06:08,180,3 h,hak_croatia,2026-06-21T04:13:20+00:00
batrovci-bajakovo,2026-06-21T06:38,180,3 h,hak_croatia,2026-06-21T04:43:38+00:00
batrovci-bajakovo,2026-06-21T07:28,60,60 min,hak_croatia,2026-06-21T05:28:53+00:00
batrovci-bajakovo,2026-06-21T07:49,60,60 min,hak_croatia,2026-06-21T05:59:05+00:00
batrovci-bajakovo,2026-06-21T08:08,60,60 min,hak_croatia,2026-06-21T06:14:11+00:00
batrovci-bajakovo,2026-06-21T08:38,60,60 min,hak_croatia,2026-06-21T06:44:23+00:00
batrovci-bajakovo,2026-06-21T09:28,60,60 min,hak_croatia,2026-06-21T07:33:06+00:00
batrovci-bajakovo,2026-06-21T09:49,60,60 min,hak_croatia,2026-06-21T08:03:19+00:00
batrovci-bajakovo,2026-06-21T10:08,60,60 min,hak_croatia,2026-06-21T08:18:26+00:00
batrovci-bajakovo,2026-06-21T10:38,60,60 min,hak_croatia,2026-06-21T08:48:40+00:00
batrovci-bajakovo,2026-06-21T11:28,60,60 min,hak_croatia,2026-06-21T09:34:05+00:00
batrovci-bajakovo,2026-06-21T11:49,60,60 min,hak_croatia,2026-06-21T09:49:11+00:00
batrovci-bajakovo,2026-06-21T12:08,90,1.5 h,hak_croatia,2026-06-21T10:19:47+00:00
batrovci-bajakovo,2026-06-21T12:36,120,2 h,anonymous,2026-06-21T10:41:05+00:00
batrovci-bajakovo,2026-06-21T14:08,120,2 h,hak_croatia,2026-06-21T12:11:40+00:00
batrovci-bajakovo,2026-06-21T13:57,90,1.5 h,anonymous_,2026-06-21T12:11:40+00:00
batrovci-bajakovo,2026-06-21T14:38,120,2 h,hak_croatia,2026-06-21T12:47:27+00:00
batrovci-bajakovo,2026-06-21T15:28,120,2 h,hak_croatia,2026-06-21T13:32:52+00:00
batrovci-bajakovo,2026-06-21T15:49,120,2 h,hak_croatia,2026-06-21T14:03:05+00:00
batrovci-bajakovo,2026-06-21T16:08,120,2 h,hak_croatia,2026-06-21T14:18:12+00:00
batrovci-bajakovo,2026-06-21T16:38,60,60 min,hak_croatia,2026-06-21T14:48:25+00:00
batrovci-bajakovo,2026-06-21T17:28,60,60 min,hak_croatia,2026-06-21T15:30:07+00:00
batrovci-bajakovo,2026-06-21T17:49,30,30 min,hak_croatia,2026-06-21T16:00:31+00:00
batrovci-bajakovo,2026-06-21T18:08,30,30 min,hak_croatia,2026-06-21T16:15:36+00:00
batrovci-bajakovo,2026-06-21T18:38,30,30 min,hak_croatia,2026-06-21T16:45:47+00:00
batrovci-bajakovo,2026-06-21T19:28,30,30 min,hak_croatia,2026-06-21T17:38:39+00:00
batrovci-bajakovo,2026-06-21T19:49,30,30 min,hak_croatia,2026-06-21T17:53:44+00:00
batrovci-bajakovo,2026-06-21T20:00,10,10 min,anonymous,2026-06-21T18:08:50+00:00
batrovci-bajakovo,2026-06-21T20:56,5,5 min,anonymous_,2026-06-21T19:00:42+00:00
batrovci-bajakovo,2026-06-21T21:28,30,30 min,hak_croatia,2026-06-21T19:30:53+00:00
batrovci-bajakovo,2026-06-21T21:49,30,30 min,hak_croatia,2026-06-21T20:01:05+00:00
batrovci-bajakovo,2026-06-21T22:08,10,10 min,hak_croatia,2026-06-21T20:16:11+00:00
batrovci-bajakovo,2026-06-21T22:38,10,10 min,hak_croatia,2026-06-21T20:48:38+00:00
batrovci-bajakovo,2026-06-21T23:28,10,10 min,hak_croatia,2026-06-21T21:33:58+00:00
batrovci-bajakovo,2026-06-21T23:49,10,10 min,hak_croatia,2026-06-21T22:02:54+00:00
batrovci-bajakovo,2026-06-22T00:08,10,10 min,hak_croatia,2026-06-21T22:18:00+00:00
batrovci-bajakovo,2026-06-22T00:38,10,10 min,hak_croatia,2026-06-21T22:48:11+00:00
batrovci-bajakovo,2026-06-22T01:28,10,10 min,hak_croatia,2026-06-21T23:39:49+00:00
batrovci-bajakovo,2026-06-22T01:49,10,10 min,hak_croatia,2026-06-21T23:54:54+00:00
batrovci-bajakovo,2026-06-22T02:08,10,10 min,hak_croatia,2026-06-22T00:10:01+00:00
batrovci-bajakovo,2026-06-22T02:28,10,10 min,hak_croatia,2026-06-22T00:35:15+00:00
batrovci-bajakovo,2026-06-22T02:49,10,10 min,hak_croatia,2026-06-22T00:50:21+00:00
batrovci-bajakovo,2026-06-22T02:38,10,10 min,hak_croatia,2026-06-22T00:50:21+00:00
batrovci-bajakovo,2026-06-22T03:58,5,5 min,anonymous_,2026-06-22T02:05:50+00:00
batrovci-bajakovo,2026-06-22T04:55,15,15 min,anonymous_,2026-06-22T03:06:12+00:00
batrovci-bajakovo,2026-06-22T05:49,10,10 min,hak_croatia,2026-06-22T03:51:30+00:00
batrovci-bajakovo,2026-06-22T06:08,10,10 min,hak_croatia,2026-06-22T04:21:42+00:00
batrovci-bajakovo,2026-06-22T06:38,10,10 min,hak_croatia,2026-06-22T04:51:55+00:00
batrovci-bajakovo,2026-06-22T07:28,10,10 min,hak_croatia,2026-06-22T05:37:17+00:00
batrovci-bajakovo,2026-06-22T07:49,10,10 min,hak_croatia,2026-06-22T05:52:24+00:00
batrovci-bajakovo,2026-06-22T08:05,60,60 min,anonymous,2026-06-22T06:07:31+00:00
batrovci-bajakovo,2026-06-22T09:29,55,55 min,anonymous_,2026-06-22T07:38:12+00:00
batrovci-bajakovo,2026-06-22T09:49,10,10 min,hak_croatia,2026-06-22T07:53:19+00:00
batrovci-bajakovo,2026-06-22T10:58,5,5 min,anonymous_,2026-06-22T09:08:51+00:00
batrovci-bajakovo,2026-06-22T11:55,15,15 min,anonymous_,2026-06-22T10:09:18+00:00
batrovci-bajakovo,2026-06-22T12:55,10,10 min,anonymous_,2026-06-22T11:20:33+00:00
batrovci-bajakovo,2026-06-22T13:55,5,5 min,anonymous_,2026-06-22T12:05:52+00:00
batrovci-bajakovo,2026-06-22T14:14,60,60 min,anonymous,2026-06-22T12:20:58+00:00
batrovci-bajakovo,2026-06-22T15:26,55,55 min,anonymous_,2026-06-22T13:36:28+00:00
batrovci-bajakovo,2026-06-22T16:23,50,50 min,anonymous_,2026-06-22T14:36:53+00:00
batrovci-bajakovo,2026-06-22T17:27,45,45 min,anonymous_,2026-06-22T15:37:20+00:00
batrovci-bajakovo,2026-06-22T18:29,40,40 min,anonymous_,2026-06-22T16:38:33+00:00
batrovci-bajakovo,2026-06-22T19:28,10,10 min,hak_croatia,2026-06-22T17:38:57+00:00
batrovci-bajakovo,2026-06-22T19:49,10,10 min,hak_croatia,2026-06-22T17:54:04+00:00
batrovci-bajakovo,2026-06-22T20:08,10,10 min,hak_croatia,2026-06-22T18:09:10+00:00
batrovci-bajakovo,2026-06-22T20:38,10,10 min,hak_croatia,2026-06-22T18:39:24+00:00
batrovci-bajakovo,2026-06-22T21:28,10,10 min,hak_croatia,2026-06-22T19:39:49+00:00
batrovci-bajakovo,2026-06-22T21:49,10,10 min,hak_croatia,2026-06-22T19:51:05+00:00
batrovci-bajakovo,2026-06-22T22:08,10,10 min,hak_croatia,2026-06-22T20:21:19+00:00
batrovci-bajakovo,2026-06-22T22:38,10,10 min,hak_croatia,2026-06-22T20:51:37+00:00
batrovci-bajakovo,2026-06-22T23:28,10,10 min,hak_croatia,2026-06-22T21:36:57+00:00
batrovci-bajakovo,2026-06-22T23:49,10,10 min,hak_croatia,2026-06-22T21:52:04+00:00
batrovci-bajakovo,2026-06-23T00:08,10,10 min,hak_croatia,2026-06-22T22:09:57+00:00
batrovci-bajakovo,2026-06-23T00:38,10,10 min,hak_croatia,2026-06-22T22:40:07+00:00
batrovci-bajakovo,2026-06-23T01:28,10,10 min,hak_croatia,2026-06-22T23:40:29+00:00
batrovci-bajakovo,2026-06-23T01:49,10,10 min,hak_croatia,2026-06-22T23:56:05+00:00
batrovci-bajakovo,2026-06-23T02:08,10,10 min,hak_croatia,2026-06-23T00:11:10+00:00
batrovci-bajakovo,2026-06-23T02:38,10,10 min,hak_croatia,2026-06-23T00:41:21+00:00
batrovci-bajakovo,2026-06-23T02:28,10,10 min,hak_croatia,2026-06-23T00:41:21+00:00
batrovci-bajakovo,2026-06-23T02:49,10,10 min,hak_croatia,2026-06-23T00:56:27+00:00
batrovci-bajakovo,2026-06-23T03:53,5,5 min,anonymous_,2026-06-23T02:05:50+00:00
batrovci-bajakovo,2026-06-23T04:54,15,15 min,anonymous_,2026-06-23T03:06:12+00:00
batrovci-bajakovo,2026-06-23T05:28,10,10 min,hak_croatia,2026-06-23T03:36:23+00:00
batrovci-bajakovo,2026-06-23T05:49,10,10 min,hak_croatia,2026-06-23T03:51:29+00:00
batrovci-bajakovo,2026-06-23T06:08,10,10 min,hak_croatia,2026-06-23T04:21:40+00:00
batrovci-bajakovo,2026-06-23T06:38,10,10 min,hak_croatia,2026-06-23T04:51:51+00:00
batrovci-bajakovo,2026-06-23T07:28,10,10 min,hak_croatia,2026-06-23T05:37:09+00:00
batrovci-bajakovo,2026-06-23T07:49,60,60 min,hak_croatia,2026-06-23T05:52:14+00:00
batrovci-bajakovo,2026-06-23T08:08,60,60 min,hak_croatia,2026-06-23T06:13:04+00:00
batrovci-bajakovo,2026-06-23T08:19,60,60 min,anonymous,2026-06-23T06:28:09+00:00
batrovci-bajakovo,2026-06-23T09:25,55,55 min,anonymous_,2026-06-23T07:43:35+00:00
batrovci-bajakovo,2026-06-23T09:49,90,1.5 h,hak_croatia,2026-06-23T07:58:41+00:00
batrovci-bajakovo,2026-06-23T10:08,90,1.5 h,hak_croatia,2026-06-23T08:13:46+00:00
batrovci-bajakovo,2026-06-23T10:38,120,2 h,hak_croatia,2026-06-23T08:43:57+00:00
batrovci-bajakovo,2026-06-23T10:46,120,2 h,anonymous,2026-06-23T08:59:03+00:00
batrovci-bajakovo,2026-06-23T11:58,90,1.5 h,anonymous_,2026-06-23T10:00:15+00:00
batrovci-bajakovo,2026-06-23T12:08,120,2 h,hak_croatia,2026-06-23T10:15:25+00:00
batrovci-bajakovo,2026-06-23T12:20,30,30 min,anonymous,2026-06-23T10:30:31+00:00
batrovci-bajakovo,2026-06-23T13:25,25,25 min,anonymous_,2026-06-23T11:30:53+00:00
batrovci-bajakovo,2026-06-23T13:49,120,2 h,hak_croatia,2026-06-23T12:01:03+00:00
batrovci-bajakovo,2026-06-23T14:08,120,2 h,hak_croatia,2026-06-23T12:16:09+00:00
batrovci-bajakovo,2026-06-23T14:38,120,2 h,hak_croatia,2026-06-23T12:44:30+00:00
batrovci-bajakovo,2026-06-23T15:28,120,2 h,hak_croatia,2026-06-23T13:29:47+00:00
batrovci-bajakovo,2026-06-23T15:49,30,30 min,hak_croatia,2026-06-23T13:59:59+00:00
batrovci-bajakovo,2026-06-23T16:08,30,30 min,hak_croatia,2026-06-23T14:15:18+00:00
batrovci-bajakovo,2026-06-23T16:38,30,30 min,hak_croatia,2026-06-23T14:45:29+00:00
batrovci-bajakovo,2026-06-23T17:28,30,30 min,hak_croatia,2026-06-23T15:30:45+00:00
batrovci-bajakovo,2026-06-23T17:49,30,30 min,hak_croatia,2026-06-23T15:57:04+00:00
batrovci-bajakovo,2026-06-23T18:00,40,40 min,anonymous,2026-06-23T16:12:10+00:00
batrovci-bajakovo,2026-06-23T18:57,35,35 min,anonymous_,2026-06-23T17:12:32+00:00
batrovci-bajakovo,2026-06-23T19:28,30,30 min,hak_croatia,2026-06-23T17:32:34+00:00
batrovci-bajakovo,2026-06-23T19:49,30,30 min,hak_croatia,2026-06-23T18:02:46+00:00
batrovci-bajakovo,2026-06-23T20:58,25,25 min,anonymous_,2026-06-23T19:03:10+00:00
batrovci-bajakovo,2026-06-23T21:57,20,20 min,anonymous_,2026-06-23T20:01:02+00:00
batrovci-bajakovo,2026-06-23T22:53,15,15 min,anonymous_,2026-06-23T21:01:26+00:00
batrovci-bajakovo,2026-06-23T23:58,10,10 min,anonymous_,2026-06-23T22:03:37+00:00
batrovci-bajakovo,2026-06-24T00:59,5,5 min,anonymous_,2026-06-23T23:12:35+00:00
batrovci-bajakovo,2026-06-24T01:53,10,10 min,anonymous_,2026-06-24T00:14:16+00:00
batrovci-bajakovo,2026-06-24T02:56,5,5 min,anonymous_,2026-06-24T01:14:41+00:00
batrovci-bajakovo,2026-06-24T03:54,10,10 min,anonymous_,2026-06-24T02:04:22+00:00
batrovci-bajakovo,2026-06-24T04:54,5,5 min,anonymous_,2026-06-24T03:05:26+00:00
batrovci-bajakovo,2026-06-24T05:56,15,15 min,anonymous_,2026-06-24T04:05:56+00:00
batrovci-bajakovo,2026-06-24T06:56,10,10 min,anonymous_,2026-06-24T05:06:22+00:00
batrovci-bajakovo,2026-06-24T07:53,5,5 min,anonymous,2026-06-24T05:53:58+00:00
batrovci-bajakovo,2026-06-24T08:21,5,5 min,anonymous,2026-06-24T06:24:11+00:00
batrovci-bajakovo,2026-06-24T08:37,10,10 min,anonymous,2026-06-24T06:39:18+00:00
batrovci-bajakovo,2026-06-24T10:08,10,10 min,hak_croatia,2026-06-24T08:09:58+00:00
batrovci-bajakovo,2026-06-24T09:57,5,5 min,anonymous_,2026-06-24T08:09:58+00:00
batrovci-bajakovo,2026-06-24T10:38,10,10 min,hak_croatia,2026-06-24T08:40:11+00:00
batrovci-bajakovo,2026-06-24T10:43,90,1.5 h,anonymous,2026-06-24T08:55:18+00:00
batrovci-bajakovo,2026-06-24T11:53,60,60 min,anonymous_,2026-06-24T10:04:20+00:00
batrovci-bajakovo,2026-06-24T12:08,10,10 min,hak_croatia,2026-06-24T10:19:29+00:00
batrovci-bajakovo,2026-06-24T12:38,10,10 min,hak_croatia,2026-06-24T10:49:42+00:00
batrovci-bajakovo,2026-06-24T12:55,25,25 min,anonymous,2026-06-24T11:04:48+00:00
batrovci-bajakovo,2026-06-24T13:58,20,20 min,anonymous_,2026-06-24T12:05:19+00:00
batrovci-bajakovo,2026-06-24T14:08,10,10 min,hak_croatia,2026-06-24T12:11:45+00:00
batrovci-bajakovo,2026-06-24T14:38,10,10 min,hak_croatia,2026-06-24T12:41:56+00:00
batrovci-bajakovo,2026-06-24T15:28,10,10 min,hak_croatia,2026-06-24T13:42:18+00:00
batrovci-bajakovo,2026-06-24T15:49,10,10 min,hak_croatia,2026-06-24T13:57:24+00:00
batrovci-bajakovo,2026-06-24T16:08,10,10 min,hak_croatia,2026-06-24T14:12:30+00:00
batrovci-bajakovo,2026-06-24T16:38,10,10 min,hak_croatia,2026-06-24T14:42:40+00:00
batrovci-bajakovo,2026-06-24T17:28,10,10 min,hak_croatia,2026-06-24T15:28:05+00:00
batrovci-bajakovo,2026-06-24T17:55,15,15 min,anonymous,2026-06-24T15:58:34+00:00
batrovci-bajakovo,2026-06-24T17:49,10,10 min,hak_croatia,2026-06-24T15:58:34+00:00
batrovci-bajakovo,2026-06-24T18:56,10,10 min,anonymous_,2026-06-24T17:14:05+00:00
batrovci-bajakovo,2026-06-24T19:28,30,30 min,hak_croatia,2026-06-24T17:38:00+00:00
batrovci-bajakovo,2026-06-24T19:49,30,30 min,hak_croatia,2026-06-24T17:53:06+00:00
batrovci-bajakovo,2026-06-24T20:08,30,30 min,hak_croatia,2026-06-24T18:08:12+00:00
batrovci-bajakovo,2026-06-24T20:38,30,30 min,hak_croatia,2026-06-24T18:38:53+00:00
batrovci-bajakovo,2026-06-24T21:28,30,30 min,hak_croatia,2026-06-24T19:31:24+00:00
batrovci-bajakovo,2026-06-24T21:49,30,30 min,hak_croatia,2026-06-24T20:01:37+00:00
batrovci-bajakovo,2026-06-24T22:08,30,30 min,hak_croatia,2026-06-24T20:16:44+00:00
batrovci-bajakovo,2026-06-24T22:38,30,30 min,hak_croatia,2026-06-24T20:46:56+00:00
batrovci-bajakovo,2026-06-24T23:28,60,60 min,hak_croatia,2026-06-24T21:31:28+00:00
batrovci-bajakovo,2026-06-24T23:49,60,60 min,hak_croatia,2026-06-24T22:01:38+00:00
batrovci-bajakovo,2026-06-25T00:08,60,60 min,hak_croatia,2026-06-24T22:16:44+00:00
batrovci-bajakovo,2026-06-25T00:38,60,60 min,hak_croatia,2026-06-24T22:52:19+00:00
batrovci-bajakovo,2026-06-25T01:28,60,60 min,hak_croatia,2026-06-24T23:37:38+00:00
batrovci-bajakovo,2026-06-25T01:49,60,60 min,hak_croatia,2026-06-25T00:03:36+00:00
batrovci-bajakovo,2026-06-25T02:08,60,60 min,hak_croatia,2026-06-25T00:18:41+00:00
batrovci-bajakovo,2026-06-25T02:28,60,60 min,hak_croatia,2026-06-25T00:33:47+00:00
batrovci-bajakovo,2026-06-25T02:38,60,60 min,hak_croatia,2026-06-25T00:48:52+00:00
batrovci-bajakovo,2026-06-25T03:00,90,1.5 h,anonymous,2026-06-25T01:03:58+00:00
batrovci-bajakovo,2026-06-25T02:49,60,60 min,hak_croatia,2026-06-25T01:03:58+00:00
batrovci-bajakovo,2026-06-25T04:08,60,60 min,hak_croatia,2026-06-25T02:08:18+00:00
batrovci-bajakovo,2026-06-25T03:58,60,60 min,anonymous_,2026-06-25T02:08:18+00:00
batrovci-bajakovo,2026-06-25T04:38,60,60 min,hak_croatia,2026-06-25T02:38:37+00:00
batrovci-bajakovo,2026-06-25T05:28,60,60 min,hak_croatia,2026-06-25T03:38:57+00:00
batrovci-bajakovo,2026-06-25T05:49,60,60 min,hak_croatia,2026-06-25T03:54:03+00:00
batrovci-bajakovo,2026-06-25T06:08,60,60 min,hak_croatia,2026-06-25T04:09:09+00:00
batrovci-bajakovo,2026-06-25T06:38,120,2 h,hak_croatia,2026-06-25T04:39:19+00:00
batrovci-bajakovo,2026-06-25T07:28,120,2 h,hak_croatia,2026-06-25T05:39:38+00:00
batrovci-bajakovo,2026-06-25T07:49,120,2 h,hak_croatia,2026-06-25T05:54:44+00:00
batrovci-bajakovo,2026-06-25T08:05,180,3 h,anonymous,2026-06-25T06:09:49+00:00
batrovci-bajakovo,2026-06-25T09:27,150,2.5 h,anonymous_,2026-06-25T07:32:56+00:00
batrovci-bajakovo,2026-06-25T09:49,120,2 h,hak_croatia,2026-06-25T08:03:09+00:00
batrovci-bajakovo,2026-06-25T10:08,120,2 h,hak_croatia,2026-06-25T08:18:16+00:00
batrovci-bajakovo,2026-06-25T10:38,120,2 h,hak_croatia,2026-06-25T08:48:29+00:00
batrovci-bajakovo,2026-06-25T11:16,10,10 min,anonymous,2026-06-25T09:18:42+00:00
batrovci-bajakovo,2026-06-25T11:27,150,2.5 h,anonymous,2026-06-25T09:33:48+00:00
batrovci-bajakovo,2026-06-25T12:27,120,2 h,anonymous_,2026-06-25T10:33:30+00:00
batrovci-bajakovo,2026-06-25T12:38,180,3 h,hak_croatia,2026-06-25T10:48:37+00:00
batrovci-bajakovo,2026-06-25T13:28,180,3 h,hak_croatia,2026-06-25T11:33:55+00:00
batrovci-bajakovo,2026-06-25T13:49,180,3 h,hak_croatia,2026-06-25T11:49:01+00:00
batrovci-bajakovo,2026-06-25T14:08,120,2 h,hak_croatia,2026-06-25T12:09:26+00:00
batrovci-bajakovo,2026-06-25T14:38,90,1.5 h,hak_croatia,2026-06-25T12:39:38+00:00
batrovci-bajakovo,2026-06-25T15:28,30,30 min,hak_croatia,2026-06-25T13:40:01+00:00
batrovci-bajakovo,2026-06-25T15:49,30,30 min,hak_croatia,2026-06-25T13:55:07+00:00
batrovci-bajakovo,2026-06-25T16:08,30,30 min,hak_croatia,2026-06-25T14:10:19+00:00
batrovci-bajakovo,2026-06-25T16:38,30,30 min,hak_croatia,2026-06-25T14:40:31+00:00
batrovci-bajakovo,2026-06-25T17:16,20,20 min,anonymous,2026-06-25T15:20:44+00:00
batrovci-bajakovo,2026-06-25T18:29,15,15 min,anonymous_,2026-06-25T16:36:10+00:00
batrovci-bajakovo,2026-06-25T18:38,30,30 min,hak_croatia,2026-06-25T16:51:16+00:00
batrovci-bajakovo,2026-06-25T19:28,10,10 min,hak_croatia,2026-06-25T17:28:07+00:00
batrovci-bajakovo,2026-06-25T19:49,10,10 min,hak_croatia,2026-06-25T17:58:52+00:00
batrovci-bajakovo,2026-06-25T20:08,10,10 min,hak_croatia,2026-06-25T18:13:57+00:00
batrovci-bajakovo,2026-06-25T20:38,10,10 min,hak_croatia,2026-06-25T18:44:08+00:00
batrovci-bajakovo,2026-06-25T21:28,10,10 min,hak_croatia,2026-06-25T19:28:43+00:00
batrovci-bajakovo,2026-06-25T21:49,10,10 min,hak_croatia,2026-06-25T19:58:56+00:00
batrovci-bajakovo,2026-06-25T22:08,10,10 min,hak_croatia,2026-06-25T20:14:03+00:00
batrovci-bajakovo,2026-06-25T22:38,10,10 min,hak_croatia,2026-06-25T20:44:15+00:00
batrovci-bajakovo,2026-06-25T23:28,10,10 min,hak_croatia,2026-06-25T21:31:39+00:00
batrovci-bajakovo,2026-06-25T23:49,10,10 min,hak_croatia,2026-06-25T22:01:53+00:00
batrovci-bajakovo,2026-06-26T00:08,10,10 min,hak_croatia,2026-06-25T22:17:01+00:00
batrovci-bajakovo,2026-06-26T00:38,10,10 min,hak_croatia,2026-06-25T22:47:13+00:00
batrovci-bajakovo,2026-06-26T01:28,10,10 min,hak_croatia,2026-06-25T23:37:50+00:00
batrovci-bajakovo,2026-06-26T01:49,10,10 min,hak_croatia,2026-06-25T23:52:56+00:00
batrovci-bajakovo,2026-06-26T02:08,10,10 min,hak_croatia,2026-06-26T00:08:03+00:00
batrovci-bajakovo,2026-06-26T02:28,10,10 min,hak_croatia,2026-06-26T00:36:14+00:00
batrovci-bajakovo,2026-06-26T02:49,10,10 min,hak_croatia,2026-06-26T00:51:21+00:00
batrovci-bajakovo,2026-06-26T02:38,10,10 min,hak_croatia,2026-06-26T00:51:21+00:00
batrovci-bajakovo,2026-06-26T03:54,5,5 min,anonymous_,2026-06-26T02:06:53+00:00
batrovci-bajakovo,2026-06-26T04:59,10,10 min,anonymous_,2026-06-26T03:07:18+00:00
batrovci-bajakovo,2026-06-26T05:28,10,10 min,hak_croatia,2026-06-26T03:37:31+00:00
batrovci-bajakovo,2026-06-26T05:49,10,10 min,hak_croatia,2026-06-26T03:52:37+00:00
batrovci-bajakovo,2026-06-26T06:08,10,10 min,hak_croatia,2026-06-26T04:22:51+00:00
batrovci-bajakovo,2026-06-26T06:38,10,10 min,hak_croatia,2026-06-26T04:47:45+00:00
batrovci-bajakovo,2026-06-26T07:28,10,10 min,hak_croatia,2026-06-26T05:33:01+00:00
batrovci-bajakovo,2026-06-26T07:36,45,45 min,anonymous,2026-06-26T05:48:07+00:00
batrovci-bajakovo,2026-06-26T08:56,40,40 min,anonymous_,2026-06-26T07:03:33+00:00
batrovci-bajakovo,2026-06-26T09:28,10,10 min,hak_croatia,2026-06-26T07:33:44+00:00
batrovci-bajakovo,2026-06-26T09:49,10,10 min,hak_croatia,2026-06-26T08:03:55+00:00
batrovci-bajakovo,2026-06-26T10:54,5,5 min,anonymous_,2026-06-26T09:08:56+00:00
batrovci-bajakovo,2026-06-26T11:58,15,15 min,anonymous_,2026-06-26T10:09:21+00:00
batrovci-bajakovo,2026-06-26T12:57,10,10 min,anonymous_,2026-06-26T11:09:47+00:00
batrovci-bajakovo,2026-06-26T13:56,5,5 min,anonymous_,2026-06-26T12:13:42+00:00
batrovci-bajakovo,2026-06-26T14:54,15,15 min,anonymous_,2026-06-26T13:14:02+00:00
batrovci-bajakovo,2026-06-26T15:53,10,10 min,anonymous_,2026-06-26T14:04:54+00:00
batrovci-bajakovo,2026-06-26T16:57,5,5 min,anonymous_,2026-06-26T15:05:17+00:00
batrovci-bajakovo,2026-06-26T17:55,10,10 min,anonymous_,2026-06-26T16:13:16+00:00
batrovci-bajakovo,2026-06-26T18:38,10,10 min,hak_croatia,2026-06-26T16:43:28+00:00
batrovci-bajakovo,2026-06-26T18:45,30,30 min,anonymous,2026-06-26T16:58:35+00:00
batrovci-bajakovo,2026-06-26T19:19,20,20 min,anonymous,2026-06-26T17:28:47+00:00
batrovci-bajakovo,2026-06-26T20:28,15,15 min,anonymous_,2026-06-26T18:31:59+00:00
batrovci-bajakovo,2026-06-26T20:38,10,10 min,hak_croatia,2026-06-26T18:47:06+00:00
batrovci-bajakovo,2026-06-26T21:28,10,10 min,hak_croatia,2026-06-26T19:32:27+00:00
batrovci-bajakovo,2026-06-26T21:49,10,10 min,hak_croatia,2026-06-26T20:02:39+00:00
batrovci-bajakovo,2026-06-26T22:08,10,10 min,hak_croatia,2026-06-26T20:20:19+00:00
batrovci-bajakovo,2026-06-26T22:38,10,10 min,hak_croatia,2026-06-26T20:50:30+00:00
batrovci-bajakovo,2026-06-26T23:56,5,5 min,anonymous_,2026-06-26T22:08:47+00:00
batrovci-bajakovo,2026-06-27T00:53,10,10 min,anonymous_,2026-06-26T23:11:03+00:00
batrovci-bajakovo,2026-06-27T01:28,30,30 min,hak_croatia,2026-06-26T23:41:15+00:00
batrovci-bajakovo,2026-06-27T01:49,30,30 min,hak_croatia,2026-06-26T23:56:22+00:00
batrovci-bajakovo,2026-06-27T02:08,30,30 min,hak_croatia,2026-06-27T00:11:29+00:00
batrovci-bajakovo,2026-06-27T02:28,30,30 min,hak_croatia,2026-06-27T00:33:28+00:00
batrovci-bajakovo,2026-06-27T02:38,30,30 min,hak_croatia,2026-06-27T00:48:33+00:00
batrovci-bajakovo,2026-06-27T02:49,30,30 min,hak_croatia,2026-06-27T01:03:38+00:00
batrovci-bajakovo,2026-06-27T03:56,25,25 min,anonymous_,2026-06-27T02:03:59+00:00
batrovci-bajakovo,2026-06-27T04:08,30,30 min,hak_croatia,2026-06-27T02:19:05+00:00
batrovci-bajakovo,2026-06-27T04:38,30,30 min,hak_croatia,2026-06-27T02:49:16+00:00
batrovci-bajakovo,2026-06-27T04:52,20,20 min,anonymous,2026-06-27T03:04:21+00:00
batrovci-bajakovo,2026-06-27T05:59,15,15 min,anonymous_,2026-06-27T04:04:42+00:00
batrovci-bajakovo,2026-06-27T06:05,60,60 min,anonymous,2026-06-27T04:19:48+00:00
batrovci-bajakovo,2026-06-27T07:24,55,55 min,anonymous_,2026-06-27T05:30:50+00:00
batrovci-bajakovo,2026-06-27T07:49,60,60 min,hak_croatia,2026-06-27T06:01:03+00:00
batrovci-bajakovo,2026-06-27T08:08,90,1.5 h,hak_croatia,2026-06-27T06:16:10+00:00
batrovci-bajakovo,2026-06-27T08:38,90,1.5 h,hak_croatia,2026-06-27T06:46:23+00:00
batrovci-bajakovo,2026-06-27T09:28,90,1.5 h,hak_croatia,2026-06-27T07:31:42+00:00
batrovci-bajakovo,2026-06-27T09:49,90,1.5 h,hak_croatia,2026-06-27T07:53:21+00:00
batrovci-bajakovo,2026-06-27T10:08,90,1.5 h,hak_croatia,2026-06-27T08:08:27+00:00
batrovci-bajakovo,2026-06-27T10:38,90,1.5 h,hak_croatia,2026-06-27T08:38:38+00:00
batrovci-bajakovo,2026-06-27T11:28,90,1.5 h,hak_croatia,2026-06-27T09:38:59+00:00
batrovci-bajakovo,2026-06-27T11:49,90,1.5 h,hak_croatia,2026-06-27T09:53:02+00:00
batrovci-bajakovo,2026-06-27T12:08,90,1.5 h,hak_croatia,2026-06-27T10:08:08+00:00
batrovci-bajakovo,2026-06-27T12:38,90,1.5 h,hak_croatia,2026-06-27T10:38:36+00:00
batrovci-bajakovo,2026-06-27T12:56,30,30 min,anonymous,2026-06-27T11:08:48+00:00
batrovci-bajakovo,2026-06-27T14:08,60,60 min,hak_croatia,2026-06-27T12:14:20+00:00
batrovci-bajakovo,2026-06-27T13:59,25,25 min,anonymous_,2026-06-27T12:14:20+00:00
batrovci-bajakovo,2026-06-27T14:38,60,60 min,hak_croatia,2026-06-27T12:44:31+00:00
batrovci-bajakovo,2026-06-27T15:28,30,30 min,hak_croatia,2026-06-27T13:30:09+00:00
batrovci-bajakovo,2026-06-27T15:49,30,30 min,hak_croatia,2026-06-27T14:00:29+00:00
batrovci-bajakovo,2026-06-27T16:08,30,30 min,hak_croatia,2026-06-27T14:15:35+00:00
batrovci-bajakovo,2026-06-27T16:38,30,30 min,hak_croatia,2026-06-27T14:45:47+00:00
batrovci-bajakovo,2026-06-27T17:28,30,30 min,hak_croatia,2026-06-27T15:38:07+00:00
batrovci-bajakovo,2026-06-27T17:49,30,30 min,hak_croatia,2026-06-27T15:53:13+00:00
batrovci-bajakovo,2026-06-27T18:08,30,30 min,hak_croatia,2026-06-27T16:08:19+00:00
batrovci-bajakovo,2026-06-27T18:38,30,30 min,hak_croatia,2026-06-27T16:47:12+00:00
batrovci-bajakovo,2026-06-27T19:28,10,10 min,hak_croatia,2026-06-27T17:32:31+00:00
batrovci-bajakovo,2026-06-27T19:49,10,10 min,hak_croatia,2026-06-27T17:49:16+00:00
batrovci-bajakovo,2026-06-27T20:08,10,10 min,hak_croatia,2026-06-27T18:19:37+00:00
batrovci-bajakovo,2026-06-27T20:38,10,10 min,hak_croatia,2026-06-27T18:48:42+00:00
batrovci-bajakovo,2026-06-27T21:56,5,5 min,anonymous_,2026-06-27T20:01:18+00:00
batrovci-bajakovo,2026-06-27T22:54,10,10 min,anonymous_,2026-06-27T21:01:43+00:00
batrovci-bajakovo,2026-06-27T23:57,5,5 min,anonymous_,2026-06-27T22:02:30+00:00
batrovci-bajakovo,2026-06-28T00:53,10,10 min,anonymous_,2026-06-27T23:03:06+00:00
batrovci-bajakovo,2026-06-28T01:57,5,5 min,anonymous_,2026-06-28T00:08:15+00:00
batrovci-bajakovo,2026-06-28T02:53,10,10 min,anonymous_,2026-06-28T01:08:44+00:00
batrovci-bajakovo,2026-06-28T03:55,5,5 min,anonymous_,2026-06-28T02:12:33+00:00
batrovci-bajakovo,2026-06-28T04:18,5,5 min,anonymous,2026-06-28T02:27:39+00:00
batrovci-bajakovo,2026-06-28T05:36,20,20 min,anonymous,2026-06-28T03:43:29+00:00
batrovci-bajakovo,2026-06-28T05:23,10,10 min,anonymous_,2026-06-28T03:43:29+00:00
batrovci-bajakovo,2026-06-28T06:57,15,15 min,anonymous_,2026-06-28T05:14:07+00:00
batrovci-bajakovo,2026-06-28T07:18,20,20 min,anonymous,2026-06-28T05:29:13+00:00
batrovci-bajakovo,2026-06-28T08:23,15,15 min,anonymous_,2026-06-28T06:35:56+00:00
batrovci-bajakovo,2026-06-28T09:24,10,10 min,anonymous_,2026-06-28T07:36:19+00:00
batrovci-bajakovo,2026-06-28T10:28,5,5 min,anonymous_,2026-06-28T08:36:43+00:00
batrovci-bajakovo,2026-06-28T11:20,15,15 min,anonymous,2026-06-28T09:21:59+00:00
batrovci-bajakovo,2026-06-28T11:48,30,30 min,anonymous,2026-06-28T10:01:06+00:00
batrovci-bajakovo,2026-06-28T12:28,60,60 min,anonymous,2026-06-28T10:31:18+00:00
batrovci-bajakovo,2026-06-28T13:29,55,55 min,anonymous_,2026-06-28T11:42:43+00:00
batrovci-bajakovo,2026-06-28T13:49,30,30 min,hak_croatia,2026-06-28T11:57:48+00:00
batrovci-bajakovo,2026-06-28T14:11,60,60 min,anonymous,2026-06-28T12:12:54+00:00
batrovci-bajakovo,2026-06-28T14:08,30,30 min,hak_croatia,2026-06-28T12:12:54+00:00
batrovci-bajakovo,2026-06-28T15:26,55,55 min,anonymous_,2026-06-28T13:33:43+00:00
batrovci-bajakovo,2026-06-28T15:49,30,30 min,hak_croatia,2026-06-28T14:03:54+00:00
batrovci-bajakovo,2026-06-28T16:54,25,25 min,anonymous_,2026-06-28T15:10:21+00:00
batrovci-bajakovo,2026-06-28T17:28,10,10 min,hak_croatia,2026-06-28T15:40:33+00:00
batrovci-bajakovo,2026-06-28T17:49,10,10 min,hak_croatia,2026-06-28T15:55:46+00:00
batrovci-bajakovo,2026-06-28T18:08,10,10 min,hak_croatia,2026-06-28T16:10:52+00:00
batrovci-bajakovo,2026-06-28T18:38,10,10 min,hak_croatia,2026-06-28T16:52:13+00:00
batrovci-bajakovo,2026-06-28T19:28,10,10 min,hak_croatia,2026-06-28T17:37:29+00:00
batrovci-bajakovo,2026-06-28T19:49,10,10 min,hak_croatia,2026-06-28T17:57:47+00:00
batrovci-bajakovo,2026-06-28T20:08,10,10 min,hak_croatia,2026-06-28T18:12:52+00:00
batrovci-bajakovo,2026-06-28T20:38,10,10 min,hak_croatia,2026-06-28T18:43:03+00:00
batrovci-bajakovo,2026-06-28T21:28,10,10 min,hak_croatia,2026-06-28T19:41:20+00:00
batrovci-bajakovo,2026-06-28T21:49,10,10 min,hak_croatia,2026-06-28T19:56:30+00:00
batrovci-bajakovo,2026-06-28T22:08,10,10 min,hak_croatia,2026-06-28T20:11:36+00:00
batrovci-bajakovo,2026-06-28T22:38,10,10 min,hak_croatia,2026-06-28T20:51:25+00:00
batrovci-bajakovo,2026-06-28T23:28,10,10 min,hak_croatia,2026-06-28T21:35:10+00:00
batrovci-bajakovo,2026-06-28T23:49,10,10 min,hak_croatia,2026-06-28T21:50:17+00:00
batrovci-bajakovo,2026-06-29T00:38,30,30 min,hak_croatia,2026-06-28T22:41:13+00:00
batrovci-bajakovo,2026-06-29T01:28,30,30 min,hak_croatia,2026-06-28T23:41:36+00:00
batrovci-bajakovo,2026-06-29T01:49,30,30 min,hak_croatia,2026-06-28T23:55:21+00:00
batrovci-bajakovo,2026-06-29T02:08,30,30 min,hak_croatia,2026-06-29T00:10:32+00:00
batrovci-bajakovo,2026-06-29T02:38,30,30 min,hak_croatia,2026-06-29T00:40:47+00:00
batrovci-bajakovo,2026-06-29T02:28,30,30 min,hak_croatia,2026-06-29T00:40:47+00:00
batrovci-bajakovo,2026-06-29T02:49,30,30 min,hak_croatia,2026-06-29T00:55:53+00:00
batrovci-bajakovo,2026-06-29T04:08,30,30 min,hak_croatia,2026-06-29T02:11:25+00:00
batrovci-bajakovo,2026-06-29T03:59,25,25 min,anonymous_,2026-06-29T02:11:25+00:00
batrovci-bajakovo,2026-06-29T04:38,30,30 min,hak_croatia,2026-06-29T02:41:37+00:00
batrovci-bajakovo,2026-06-29T05:28,10,10 min,hak_croatia,2026-06-29T03:42:02+00:00
batrovci-bajakovo,2026-06-29T05:49,10,10 min,hak_croatia,2026-06-29T03:57:09+00:00
batrovci-bajakovo,2026-06-29T06:08,10,10 min,hak_croatia,2026-06-29T04:12:16+00:00
batrovci-bajakovo,2026-06-29T06:38,10,10 min,hak_croatia,2026-06-29T04:42:30+00:00
batrovci-bajakovo,2026-06-29T07:28,30,30 min,hak_croatia,2026-06-29T05:41:27+00:00
batrovci-bajakovo,2026-06-29T07:49,30,30 min,hak_croatia,2026-06-29T05:56:32+00:00
batrovci-bajakovo,2026-06-29T08:08,30,30 min,hak_croatia,2026-06-29T06:11:39+00:00
batrovci-bajakovo,2026-06-29T08:38,30,30 min,hak_croatia,2026-06-29T06:41:49+00:00
batrovci-bajakovo,2026-06-29T09:39,60,60 min,anonymous,2026-06-29T07:42:10+00:00
batrovci-bajakovo,2026-06-29T09:28,30,30 min,hak_croatia,2026-06-29T07:42:10+00:00
batrovci-bajakovo,2026-06-29T10:55,55,55 min,anonymous_,2026-06-29T09:12:42+00:00
batrovci-bajakovo,2026-06-29T11:28,30,30 min,hak_croatia,2026-06-29T09:42:52+00:00
batrovci-bajakovo,2026-06-29T11:49,30,30 min,hak_croatia,2026-06-29T09:56:35+00:00
batrovci-bajakovo,2026-06-29T12:08,30,30 min,hak_croatia,2026-06-29T10:11:41+00:00
batrovci-bajakovo,2026-06-29T12:25,15,15 min,anonymous,2026-06-29T10:26:46+00:00
batrovci-bajakovo,2026-06-29T12:53,10,10 min,anonymous,2026-06-29T10:56:57+00:00
batrovci-bajakovo,2026-06-29T13:38,25,25 min,anonymous,2026-06-29T11:42:13+00:00
batrovci-bajakovo,2026-06-29T13:52,25,25 min,anonymous,2026-06-29T11:57:19+00:00
batrovci-bajakovo,2026-06-29T14:53,20,20 min,anonymous_,2026-06-29T13:12:55+00:00
batrovci-bajakovo,2026-06-29T15:28,10,10 min,hak_croatia,2026-06-29T13:28:01+00:00
batrovci-bajakovo,2026-06-29T15:49,10,10 min,hak_croatia,2026-06-29T13:58:35+00:00
batrovci-bajakovo,2026-06-29T16:08,10,10 min,hak_croatia,2026-06-29T14:13:40+00:00
batrovci-bajakovo,2026-06-29T16:38,10,10 min,hak_croatia,2026-06-29T14:47:20+00:00
batrovci-bajakovo,2026-06-29T17:28,10,10 min,hak_croatia,2026-06-29T15:32:46+00:00
batrovci-bajakovo,2026-06-29T17:49,10,10 min,hak_croatia,2026-06-29T16:03:03+00:00
batrovci-bajakovo,2026-06-29T18:11,5,5 min,anonymous,2026-06-29T16:18:10+00:00
batrovci-bajakovo,2026-06-29T18:08,10,10 min,hak_croatia,2026-06-29T16:18:10+00:00
batrovci-bajakovo,2026-06-29T19:29,10,10 min,anonymous_,2026-06-29T17:44:59+00:00
batrovci-bajakovo,2026-06-29T19:49,10,10 min,hak_croatia,2026-06-29T18:00:05+00:00
batrovci-bajakovo,2026-06-29T20:08,10,10 min,hak_croatia,2026-06-29T18:15:23+00:00
batrovci-bajakovo,2026-06-29T20:38,10,10 min,hak_croatia,2026-06-29T18:45:34+00:00
batrovci-bajakovo,2026-06-29T21:28,10,10 min,hak_croatia,2026-06-29T19:32:49+00:00
batrovci-bajakovo,2026-06-29T21:49,10,10 min,hak_croatia,2026-06-29T20:03:01+00:00
batrovci-bajakovo,2026-06-29T22:56,5,5 min,anonymous_,2026-06-29T21:14:58+00:00
batrovci-bajakovo,2026-06-29T23:55,10,10 min,anonymous_,2026-06-29T22:00:27+00:00
batrovci-bajakovo,2026-06-30T00:58,5,5 min,anonymous_,2026-06-29T23:03:04+00:00
batrovci-bajakovo,2026-06-30T01:57,15,15 min,anonymous_,2026-06-30T00:00:29+00:00
batrovci-bajakovo,2026-06-30T02:54,10,10 min,anonymous_,2026-06-30T01:00:50+00:00
batrovci-bajakovo,2026-06-30T03:54,5,5 min,anonymous_,2026-06-30T02:04:25+00:00
batrovci-bajakovo,2026-06-30T04:53,10,10 min,anonymous_,2026-06-30T03:04:45+00:00
batrovci-bajakovo,2026-06-30T05:28,10,10 min,hak_croatia,2026-06-30T03:34:56+00:00
batrovci-bajakovo,2026-06-30T05:49,10,10 min,hak_croatia,2026-06-30T03:50:03+00:00
batrovci-bajakovo,2026-06-30T06:08,10,10 min,hak_croatia,2026-06-30T04:20:14+00:00
batrovci-bajakovo,2026-06-30T06:38,10,10 min,hak_croatia,2026-06-30T04:50:25+00:00
batrovci-bajakovo,2026-06-30T07:28,10,10 min,hak_croatia,2026-06-30T05:35:39+00:00
batrovci-bajakovo,2026-06-30T07:49,10,10 min,hak_croatia,2026-06-30T05:50:45+00:00
batrovci-bajakovo,2026-06-30T08:08,10,10 min,hak_croatia,2026-06-30T06:22:56+00:00
batrovci-bajakovo,2026-06-30T08:38,10,10 min,hak_croatia,2026-06-30T06:38:02+00:00
batrovci-bajakovo,2026-06-30T09:53,5,5 min,anonymous_,2026-06-30T08:09:03+00:00
batrovci-bajakovo,2026-06-30T10:38,10,10 min,hak_croatia,2026-06-30T08:39:14+00:00
batrovci-bajakovo,2026-06-30T11:28,10,10 min,hak_croatia,2026-06-30T09:39:45+00:00
batrovci-bajakovo,2026-06-30T11:49,10,10 min,hak_croatia,2026-06-30T09:54:50+00:00
batrovci-bajakovo,2026-06-30T12:08,10,10 min,hak_croatia,2026-06-30T10:12:43+00:00
batrovci-bajakovo,2026-06-30T12:38,10,10 min,hak_croatia,2026-06-30T10:42:54+00:00
batrovci-bajakovo,2026-06-30T12:51,25,25 min,anonymous,2026-06-30T10:58:00+00:00
batrovci-bajakovo,2026-06-30T14:08,10,10 min,hak_croatia,2026-06-30T12:13:36+00:00
batrovci-bajakovo,2026-06-30T13:54,20,20 min,anonymous_,2026-06-30T12:13:36+00:00
batrovci-bajakovo,2026-06-30T14:38,10,10 min,hak_croatia,2026-06-30T12:51:37+00:00
batrovci-bajakovo,2026-06-30T15:28,10,10 min,hak_croatia,2026-06-30T13:36:53+00:00
batrovci-bajakovo,2026-06-30T15:49,10,10 min,hak_croatia,2026-06-30T13:51:59+00:00
batrovci-bajakovo,2026-06-30T16:08,10,10 min,hak_croatia,2026-06-30T14:22:12+00:00
batrovci-bajakovo,2026-06-30T16:38,10,10 min,hak_croatia,2026-06-30T14:52:23+00:00
batrovci-bajakovo,2026-06-30T17:28,10,10 min,hak_croatia,2026-06-30T15:37:01+00:00
batrovci-bajakovo,2026-06-30T17:49,10,10 min,hak_croatia,2026-06-30T15:52:06+00:00
batrovci-bajakovo,2026-06-30T18:54,5,5 min,anonymous_,2026-06-30T17:07:34+00:00
batrovci-bajakovo,2026-06-30T19:55,15,15 min,anonymous_,2026-06-30T18:14:28+00:00
batrovci-bajakovo,2026-06-30T20:54,10,10 min,anonymous_,2026-06-30T19:12:47+00:00
batrovci-bajakovo,2026-06-30T21:28,30,30 min,hak_croatia,2026-06-30T19:42:59+00:00
batrovci-bajakovo,2026-06-30T21:49,30,30 min,hak_croatia,2026-06-30T19:58:05+00:00
batrovci-bajakovo,2026-06-30T22:08,30,30 min,hak_croatia,2026-06-30T20:13:11+00:00
batrovci-bajakovo,2026-06-30T22:38,30,30 min,hak_croatia,2026-06-30T20:43:22+00:00
batrovci-bajakovo,2026-06-30T23:28,30,30 min,hak_croatia,2026-06-30T21:40:07+00:00
batrovci-bajakovo,2026-06-30T23:49,30,30 min,hak_croatia,2026-06-30T21:55:13+00:00
batrovci-bajakovo,2026-07-01T00:08,30,30 min,hak_croatia,2026-06-30T22:10:19+00:00
batrovci-bajakovo,2026-07-01T00:38,30,30 min,hak_croatia,2026-06-30T22:40:29+00:00
batrovci-bajakovo,2026-07-01T01:28,30,30 min,hak_croatia,2026-06-30T23:30:05+00:00
batrovci-bajakovo,2026-07-01T01:49,30,30 min,hak_croatia,2026-06-30T23:54:33+00:00
batrovci-bajakovo,2026-07-01T02:59,25,25 min,anonymous_,2026-07-01T01:10:01+00:00
batrovci-bajakovo,2026-07-01T04:08,10,10 min,hak_croatia,2026-07-01T02:10:21+00:00
batrovci-bajakovo,2026-07-01T03:53,20,20 min,anonymous_,2026-07-01T02:10:21+00:00
batrovci-bajakovo,2026-07-01T04:38,10,10 min,hak_croatia,2026-07-01T02:40:31+00:00
batrovci-bajakovo,2026-07-01T05:28,10,10 min,hak_croatia,2026-07-01T03:40:52+00:00
batrovci-bajakovo,2026-07-01T05:49,10,10 min,hak_croatia,2026-07-01T03:55:57+00:00
batrovci-bajakovo,2026-07-01T06:08,30,30 min,hak_croatia,2026-07-01T04:11:03+00:00
batrovci-bajakovo,2026-07-01T06:38,30,30 min,hak_croatia,2026-07-01T04:41:13+00:00
batrovci-bajakovo,2026-07-01T07:28,30,30 min,hak_croatia,2026-07-01T05:34:54+00:00
batrovci-bajakovo,2026-07-01T07:49,30,30 min,hak_croatia,2026-07-01T05:50:01+00:00
batrovci-bajakovo,2026-07-01T08:08,30,30 min,hak_croatia,2026-07-01T06:20:14+00:00
batrovci-bajakovo,2026-07-01T08:38,30,30 min,hak_croatia,2026-07-01T06:50:25+00:00
batrovci-bajakovo,2026-07-01T09:28,30,30 min,hak_croatia,2026-07-01T07:35:49+00:00
batrovci-bajakovo,2026-07-01T09:49,30,30 min,hak_croatia,2026-07-01T07:50:56+00:00
batrovci-bajakovo,2026-07-01T10:08,10,10 min,hak_croatia,2026-07-01T08:21:12+00:00
batrovci-bajakovo,2026-07-01T10:38,10,10 min,hak_croatia,2026-07-01T08:42:39+00:00
batrovci-bajakovo,2026-07-01T11:28,10,10 min,hak_croatia,2026-07-01T09:43:03+00:00
batrovci-bajakovo,2026-07-01T11:49,10,10 min,hak_croatia,2026-07-01T09:58:09+00:00
batrovci-bajakovo,2026-07-01T12:08,10,10 min,hak_croatia,2026-07-01T10:13:19+00:00
batrovci-bajakovo,2026-07-01T12:38,10,10 min,hak_croatia,2026-07-01T10:43:32+00:00
batrovci-bajakovo,2026-07-01T13:28,10,10 min,hak_croatia,2026-07-01T11:28:52+00:00
batrovci-bajakovo,2026-07-01T13:49,10,10 min,hak_croatia,2026-07-01T12:02:17+00:00
batrovci-bajakovo,2026-07-01T14:08,10,10 min,hak_croatia,2026-07-01T12:17:24+00:00
batrovci-bajakovo,2026-07-01T14:38,10,10 min,hak_croatia,2026-07-01T12:47:38+00:00
batrovci-bajakovo,2026-07-01T15:57,5,5 min,anonymous_,2026-07-01T14:00:56+00:00
batrovci-bajakovo,2026-07-01T16:58,10,10 min,anonymous_,2026-07-01T15:01:19+00:00
batrovci-bajakovo,2026-07-01T17:28,10,10 min,hak_croatia,2026-07-01T15:31:30+00:00
batrovci-bajakovo,2026-07-01T17:49,10,10 min,hak_croatia,2026-07-01T16:01:42+00:00
batrovci-bajakovo,2026-07-01T18:08,10,10 min,hak_croatia,2026-07-01T16:16:48+00:00
batrovci-bajakovo,2026-07-01T18:38,10,10 min,hak_croatia,2026-07-01T16:51:39+00:00
batrovci-bajakovo,2026-07-01T19:28,10,10 min,hak_croatia,2026-07-01T17:36:57+00:00
batrovci-bajakovo,2026-07-01T19:49,10,10 min,hak_croatia,2026-07-01T17:52:04+00:00
batrovci-bajakovo,2026-07-01T20:08,10,10 min,hak_croatia,2026-07-01T18:22:15+00:00
batrovci-bajakovo,2026-07-01T20:38,10,10 min,hak_croatia,2026-07-01T18:45:28+00:00
batrovci-bajakovo,2026-07-01T21:59,5,5 min,anonymous_,2026-07-01T20:00:54+00:00
batrovci-bajakovo,2026-07-01T22:56,15,15 min,anonymous_,2026-07-01T21:13:14+00:00
batrovci-bajakovo,2026-07-01T23:53,10,10 min,anonymous_,2026-07-01T22:06:59+00:00
batrovci-bajakovo,2026-07-02T00:58,5,5 min,anonymous_,2026-07-01T23:07:21+00:00
batrovci-bajakovo,2026-07-02T01:57,10,10 min,anonymous_,2026-07-02T00:11:23+00:00
batrovci-bajakovo,2026-07-02T02:58,5,5 min,anonymous_,2026-07-02T01:11:46+00:00
batrovci-bajakovo,2026-07-02T03:54,15,15 min,anonymous_,2026-07-02T02:08:00+00:00
batrovci-bajakovo,2026-07-02T04:56,10,10 min,anonymous_,2026-07-02T03:08:31+00:00
batrovci-bajakovo,2026-07-02T05:28,10,10 min,hak_croatia,2026-07-02T03:38:41+00:00
batrovci-bajakovo,2026-07-02T05:49,10,10 min,hak_croatia,2026-07-02T03:53:47+00:00
batrovci-bajakovo,2026-07-02T06:08,10,10 min,hak_croatia,2026-07-02T04:08:52+00:00
batrovci-bajakovo,2026-07-02T06:38,10,10 min,hak_croatia,2026-07-02T04:39:04+00:00
batrovci-bajakovo,2026-07-02T07:28,10,10 min,hak_croatia,2026-07-02T05:39:24+00:00
batrovci-bajakovo,2026-07-02T07:49,10,10 min,hak_croatia,2026-07-02T05:54:31+00:00
batrovci-bajakovo,2026-07-02T08:08,10,10 min,hak_croatia,2026-07-02T06:23:04+00:00
batrovci-bajakovo,2026-07-02T08:38,10,10 min,hak_croatia,2026-07-02T06:38:09+00:00
batrovci-bajakovo,2026-07-02T09:28,10,10 min,hak_croatia,2026-07-02T07:38:42+00:00
batrovci-bajakovo,2026-07-02T09:49,10,10 min,hak_croatia,2026-07-02T07:53:50+00:00
batrovci-bajakovo,2026-07-02T10:59,5,5 min,anonymous_,2026-07-02T09:09:19+00:00
batrovci-bajakovo,2026-07-02T11:28,10,10 min,hak_croatia,2026-07-02T09:38:59+00:00
batrovci-bajakovo,2026-07-02T11:49,10,10 min,hak_croatia,2026-07-02T09:54:05+00:00
batrovci-bajakovo,2026-07-02T12:08,10,10 min,hak_croatia,2026-07-02T10:09:11+00:00
batrovci-bajakovo,2026-07-02T12:38,10,10 min,hak_croatia,2026-07-02T10:39:23+00:00
batrovci-bajakovo,2026-07-02T13:28,10,10 min,hak_croatia,2026-07-02T11:39:47+00:00
batrovci-bajakovo,2026-07-02T13:49,10,10 min,hak_croatia,2026-07-02T11:54:53+00:00
batrovci-bajakovo,2026-07-02T14:08,10,10 min,hak_croatia,2026-07-02T12:13:38+00:00
batrovci-bajakovo,2026-07-02T14:38,10,10 min,hak_croatia,2026-07-02T12:43:50+00:00
batrovci-bajakovo,2026-07-02T15:28,10,10 min,hak_croatia,2026-07-02T13:29:08+00:00
batrovci-bajakovo,2026-07-02T15:49,10,10 min,hak_croatia,2026-07-02T13:59:18+00:00
batrovci-bajakovo,2026-07-02T16:01,30,30 min,anonymous,2026-07-02T14:14:24+00:00
batrovci-bajakovo,2026-07-02T17:29,25,25 min,anonymous_,2026-07-02T15:41:20+00:00
batrovci-bajakovo,2026-07-02T17:49,10,10 min,hak_croatia,2026-07-02T15:56:27+00:00
batrovci-bajakovo,2026-07-02T18:08,10,10 min,hak_croatia,2026-07-02T16:11:34+00:00
batrovci-bajakovo,2026-07-02T18:38,10,10 min,hak_croatia,2026-07-02T16:38:45+00:00
batrovci-bajakovo,2026-07-02T19:28,10,10 min,hak_croatia,2026-07-02T17:39:10+00:00
batrovci-bajakovo,2026-07-02T19:49,10,10 min,hak_croatia,2026-07-02T17:54:17+00:00
batrovci-bajakovo,2026-07-02T20:08,10,10 min,hak_croatia,2026-07-02T18:09:24+00:00
batrovci-bajakovo,2026-07-02T20:38,10,10 min,hak_croatia,2026-07-02T18:47:39+00:00
batrovci-bajakovo,2026-07-02T21:28,10,10 min,hak_croatia,2026-07-02T19:32:57+00:00
batrovci-bajakovo,2026-07-02T21:49,10,10 min,hak_croatia,2026-07-02T19:57:09+00:00
batrovci-bajakovo,2026-07-02T22:08,10,10 min,hak_croatia,2026-07-02T20:12:16+00:00
batrovci-bajakovo,2026-07-02T22:38,10,10 min,hak_croatia,2026-07-02T20:42:29+00:00
batrovci-bajakovo,2026-07-02T23:59,5,5 min,anonymous_,2026-07-02T22:05:51+00:00
batrovci-bajakovo,2026-07-03T00:58,15,15 min,anonymous_,2026-07-02T23:03:32+00:00
batrovci-bajakovo,2026-07-03T01:54,10,10 min,anonymous_,2026-07-03T00:12:52+00:00
batrovci-bajakovo,2026-07-03T02:56,5,5 min,anonymous_,2026-07-03T01:13:17+00:00
batrovci-bajakovo,2026-07-03T03:54,15,15 min,anonymous_,2026-07-03T02:07:23+00:00
batrovci-bajakovo,2026-07-03T04:54,10,10 min,anonymous_,2026-07-03T03:07:44+00:00
batrovci-bajakovo,2026-07-03T05:53,5,5 min,anonymous_,2026-07-03T04:08:04+00:00
batrovci-bajakovo,2026-07-03T06:53,10,10 min,anonymous_,2026-07-03T05:08:55+00:00
batrovci-bajakovo,2026-07-03T07:28,30,30 min,hak_croatia,2026-07-03T05:39:06+00:00
batrovci-bajakovo,2026-07-03T07:49,30,30 min,hak_croatia,2026-07-03T05:54:12+00:00
batrovci-bajakovo,2026-07-03T08:08,30,30 min,hak_croatia,2026-07-03T06:09:17+00:00
batrovci-bajakovo,2026-07-03T08:38,30,30 min,hak_croatia,2026-07-03T06:39:28+00:00
batrovci-bajakovo,2026-07-03T09:28,30,30 min,hak_croatia,2026-07-03T07:39:49+00:00
batrovci-bajakovo,2026-07-03T09:49,30,30 min,hak_croatia,2026-07-03T07:54:55+00:00
batrovci-bajakovo,2026-07-03T10:08,30,30 min,hak_croatia,2026-07-03T08:10:01+00:00
batrovci-bajakovo,2026-07-03T10:38,30,30 min,hak_croatia,2026-07-03T08:45:30+00:00
batrovci-bajakovo,2026-07-03T11:28,30,30 min,hak_croatia,2026-07-03T09:30:45+00:00
batrovci-bajakovo,2026-07-03T11:49,30,30 min,hak_croatia,2026-07-03T10:00:55+00:00
batrovci-bajakovo,2026-07-03T12:08,30,30 min,hak_croatia,2026-07-03T10:16:02+00:00
batrovci-bajakovo,2026-07-03T12:38,30,30 min,hak_croatia,2026-07-03T10:46:12+00:00
batrovci-bajakovo,2026-07-03T13:28,30,30 min,hak_croatia,2026-07-03T11:29:38+00:00
batrovci-bajakovo,2026-07-03T13:49,30,30 min,hak_croatia,2026-07-03T11:59:51+00:00
batrovci-bajakovo,2026-07-03T14:08,30,30 min,hak_croatia,2026-07-03T12:14:57+00:00
batrovci-bajakovo,2026-07-03T14:38,30,30 min,hak_croatia,2026-07-03T12:45:21+00:00
batrovci-bajakovo,2026-07-03T15:28,30,30 min,hak_croatia,2026-07-03T13:31:46+00:00
batrovci-bajakovo,2026-07-03T15:49,30,30 min,hak_croatia,2026-07-03T14:01:58+00:00
batrovci-bajakovo,2026-07-03T16:08,30,30 min,hak_croatia,2026-07-03T14:17:03+00:00
batrovci-bajakovo,2026-07-03T16:38,30,30 min,hak_croatia,2026-07-03T14:47:14+00:00
batrovci-bajakovo,2026-07-03T17:28,30,30 min,hak_croatia,2026-07-03T15:30:35+00:00
batrovci-bajakovo,2026-07-03T17:43,25,25 min,anonymous,2026-07-03T15:45:41+00:00
batrovci-bajakovo,2026-07-03T18:53,20,20 min,anonymous_,2026-07-03T17:01:09+00:00
batrovci-bajakovo,2026-07-03T18:53,20,20 min,anonymous_,2026-07-03T17:01:36+00:00
batrovci-bajakovo,2026-07-03T19:28,30,30 min,hak_croatia,2026-07-03T17:31:48+00:00
batrovci-bajakovo,2026-07-03T19:49,30,30 min,hak_croatia,2026-07-03T18:01:58+00:00
batrovci-bajakovo,2026-07-03T20:08,30,30 min,hak_croatia,2026-07-03T18:17:03+00:00
batrovci-bajakovo,2026-07-03T20:38,30,30 min,hak_croatia,2026-07-03T18:52:12+00:00
batrovci-bajakovo,2026-07-03T21:28,30,30 min,hak_croatia,2026-07-03T19:37:30+00:00
batrovci-bajakovo,2026-07-03T21:49,30,30 min,hak_croatia,2026-07-03T19:52:36+00:00
batrovci-bajakovo,2026-07-03T22:38,10,10 min,hak_croatia,2026-07-03T20:41:36+00:00
batrovci-bajakovo,2026-07-03T23:28,10,10 min,hak_croatia,2026-07-03T21:35:34+00:00
batrovci-bajakovo,2026-07-03T23:49,10,10 min,hak_croatia,2026-07-03T21:50:40+00:00
batrovci-bajakovo,2026-07-04T00:08,10,10 min,hak_croatia,2026-07-03T22:20:53+00:00
batrovci-bajakovo,2026-07-04T00:38,10,10 min,hak_croatia,2026-07-03T22:45:47+00:00
batrovci-bajakovo,2026-07-04T01:28,10,10 min,hak_croatia,2026-07-03T23:31:03+00:00
batrovci-bajakovo,2026-07-04T01:49,10,10 min,hak_croatia,2026-07-03T23:53:43+00:00
batrovci-bajakovo,2026-07-04T02:08,10,10 min,hak_croatia,2026-07-04T00:08:48+00:00
batrovci-bajakovo,2026-07-04T02:37,45,45 min,anonymous,2026-07-04T00:38:58+00:00
batrovci-bajakovo,2026-07-04T02:28,10,10 min,hak_croatia,2026-07-04T00:38:58+00:00
batrovci-bajakovo,2026-07-04T03:59,40,40 min,anonymous_,2026-07-04T02:07:24+00:00
batrovci-bajakovo,2026-07-04T04:57,35,35 min,anonymous_,2026-07-04T03:07:45+00:00
batrovci-bajakovo,2026-07-04T05:28,10,10 min,hak_croatia,2026-07-04T03:37:57+00:00
batrovci-bajakovo,2026-07-04T05:49,10,10 min,hak_croatia,2026-07-04T03:53:03+00:00
batrovci-bajakovo,2026-07-04T06:08,10,10 min,hak_croatia,2026-07-04T04:08:09+00:00
batrovci-bajakovo,2026-07-04T06:17,45,45 min,anonymous,2026-07-04T04:23:29+00:00
batrovci-bajakovo,2026-07-04T07:29,40,40 min,anonymous_,2026-07-04T05:33:08+00:00
batrovci-bajakovo,2026-07-04T07:49,10,10 min,hak_croatia,2026-07-04T06:03:20+00:00
batrovci-bajakovo,2026-07-04T08:08,10,10 min,hak_croatia,2026-07-04T06:18:27+00:00
batrovci-bajakovo,2026-07-04T08:38,10,10 min,hak_croatia,2026-07-04T06:48:40+00:00
batrovci-bajakovo,2026-07-04T09:28,10,10 min,hak_croatia,2026-07-04T07:34:00+00:00
batrovci-bajakovo,2026-07-04T09:39,30,30 min,anonymous,2026-07-04T07:49:07+00:00
batrovci-bajakovo,2026-07-04T10:54,25,25 min,anonymous_,2026-07-04T09:02:01+00:00
batrovci-bajakovo,2026-07-04T11:49,10,10 min,hak_croatia,2026-07-04T10:02:24+00:00
batrovci-bajakovo,2026-07-04T12:08,10,10 min,hak_croatia,2026-07-04T10:17:29+00:00
batrovci-bajakovo,2026-07-04T12:50,120,2 h,anonymous,2026-07-04T10:52:24+00:00
batrovci-bajakovo,2026-07-04T12:42,90,1.5 h,anonymous,2026-07-04T10:52:24+00:00
batrovci-bajakovo,2026-07-04T12:38,10,10 min,hak_croatia,2026-07-04T10:52:24+00:00
batrovci-bajakovo,2026-07-04T13:59,90,1.5 h,anonymous_,2026-07-04T12:05:03+00:00
batrovci-bajakovo,2026-07-04T14:08,10,10 min,hak_croatia,2026-07-04T12:20:09+00:00
batrovci-bajakovo,2026-07-04T14:38,10,10 min,hak_croatia,2026-07-04T12:50:20+00:00
batrovci-bajakovo,2026-07-04T15:28,10,10 min,hak_croatia,2026-07-04T13:36:59+00:00
batrovci-bajakovo,2026-07-04T15:49,10,10 min,hak_croatia,2026-07-04T13:52:04+00:00
batrovci-bajakovo,2026-07-04T16:21,60,60 min,anonymous,2026-07-04T14:22:16+00:00
batrovci-bajakovo,2026-07-04T16:27,60,60 min,anonymous,2026-07-04T14:38:50+00:00
batrovci-bajakovo,2026-07-04T17:23,55,55 min,anonymous_,2026-07-04T15:39:11+00:00
batrovci-bajakovo,2026-07-04T17:49,10,10 min,hak_croatia,2026-07-04T15:59:55+00:00
batrovci-bajakovo,2026-07-04T18:08,10,10 min,hak_croatia,2026-07-04T16:15:01+00:00
batrovci-bajakovo,2026-07-04T18:38,10,10 min,hak_croatia,2026-07-04T16:45:16+00:00
batrovci-bajakovo,2026-07-04T19:28,10,10 min,hak_croatia,2026-07-04T17:30:34+00:00
batrovci-bajakovo,2026-07-04T19:49,10,10 min,hak_croatia,2026-07-04T17:50:32+00:00
batrovci-bajakovo,2026-07-04T20:13,10,10 min,anonymous,2026-07-04T18:20:42+00:00
batrovci-bajakovo,2026-07-04T20:08,10,10 min,hak_croatia,2026-07-04T18:20:42+00:00
batrovci-bajakovo,2026-07-04T21:29,5,5 min,anonymous_,2026-07-04T19:37:25+00:00
batrovci-bajakovo,2026-07-04T21:49,10,10 min,hak_croatia,2026-07-04T19:52:30+00:00
batrovci-bajakovo,2026-07-04T22:01,30,30 min,anonymous,2026-07-04T20:05:21+00:00
batrovci-bajakovo,2026-07-04T23:29,25,25 min,anonymous_,2026-07-04T21:42:37+00:00
batrovci-bajakovo,2026-07-04T23:49,10,10 min,hak_croatia,2026-07-04T21:57:43+00:00
batrovci-bajakovo,2026-07-05T00:56,5,5 min,anonymous_,2026-07-04T23:00:32+00:00
batrovci-bajakovo,2026-07-05T01:49,30,30 min,hak_croatia,2026-07-04T23:56:46+00:00
batrovci-bajakovo,2026-07-05T02:08,30,30 min,hak_croatia,2026-07-05T00:11:51+00:00
batrovci-bajakovo,2026-07-05T02:38,30,30 min,hak_croatia,2026-07-05T00:42:02+00:00
batrovci-bajakovo,2026-07-05T02:28,30,30 min,hak_croatia,2026-07-05T00:42:02+00:00
batrovci-bajakovo,2026-07-05T02:49,30,30 min,hak_croatia,2026-07-05T00:57:07+00:00
batrovci-bajakovo,2026-07-05T03:56,25,25 min,anonymous_,2026-07-05T02:05:53+00:00
batrovci-bajakovo,2026-07-05T04:08,30,30 min,hak_croatia,2026-07-05T02:20:58+00:00
batrovci-bajakovo,2026-07-05T04:38,30,30 min,hak_croatia,2026-07-05T02:51:08+00:00
batrovci-bajakovo,2026-07-05T05:28,30,30 min,hak_croatia,2026-07-05T03:36:24+00:00
batrovci-bajakovo,2026-07-05T05:49,30,30 min,hak_croatia,2026-07-05T03:51:29+00:00
batrovci-bajakovo,2026-07-05T06:08,30,30 min,hak_croatia,2026-07-05T04:21:40+00:00
batrovci-bajakovo,2026-07-05T06:38,30,30 min,hak_croatia,2026-07-05T04:51:51+00:00
batrovci-bajakovo,2026-07-05T06:56,90,1.5 h,anonymous,2026-07-05T05:06:56+00:00
batrovci-bajakovo,2026-07-05T07:15,90,1.5 h,anonymous,2026-07-05T05:15:43+00:00
batrovci-bajakovo,2026-07-05T07:09,90,1.5 h,anonymous,2026-07-05T05:15:43+00:00
batrovci-bajakovo,2026-07-05T07:22,60,60 min,anonymous,2026-07-05T05:30:49+00:00
batrovci-bajakovo,2026-07-05T07:45,120,2 h,anonymous,2026-07-05T05:45:55+00:00
batrovci-bajakovo,2026-07-05T07:31,90,1.5 h,anonymous,2026-07-05T05:45:55+00:00
batrovci-bajakovo,2026-07-05T08:53,90,1.5 h,anonymous_,2026-07-05T07:01:23+00:00
batrovci-bajakovo,2026-07-05T09:28,30,30 min,hak_croatia,2026-07-05T07:31:35+00:00
batrovci-bajakovo,2026-07-05T09:36,30,30 min,anonymous,2026-07-05T07:46:40+00:00
batrovci-bajakovo,2026-07-05T10:57,25,25 min,anonymous_,2026-07-05T09:07:05+00:00
batrovci-bajakovo,2026-07-05T11:28,30,30 min,hak_croatia,2026-07-05T09:37:15+00:00
batrovci-bajakovo,2026-07-05T11:49,30,30 min,hak_croatia,2026-07-05T09:52:21+00:00
batrovci-bajakovo,2026-07-05T12:08,30,30 min,hak_croatia,2026-07-05T10:22:32+00:00
batrovci-bajakovo,2026-07-05T12:38,30,30 min,hak_croatia,2026-07-05T10:50:34+00:00
batrovci-bajakovo,2026-07-05T13:28,30,30 min,hak_croatia,2026-07-05T11:35:54+00:00
batrovci-bajakovo,2026-07-05T13:43,30,30 min,anonymous,2026-07-05T11:51:01+00:00
batrovci-bajakovo,2026-07-05T14:51,30,30 min,anonymous,2026-07-05T13:02:39+00:00
batrovci-bajakovo,2026-07-05T15:56,25,25 min,anonymous_,2026-07-05T14:02:51+00:00
batrovci-bajakovo,2026-07-05T16:08,30,30 min,hak_croatia,2026-07-05T14:17:58+00:00
batrovci-bajakovo,2026-07-05T16:38,30,30 min,hak_croatia,2026-07-05T14:48:14+00:00
batrovci-bajakovo,2026-07-05T17:28,30,30 min,hak_croatia,2026-07-05T15:39:29+00:00
batrovci-bajakovo,2026-07-05T17:49,30,30 min,hak_croatia,2026-07-05T15:54:39+00:00
batrovci-bajakovo,2026-07-05T18:08,30,30 min,hak_croatia,2026-07-05T16:09:46+00:00
batrovci-bajakovo,2026-07-05T18:38,30,30 min,hak_croatia,2026-07-05T16:38:26+00:00
batrovci-bajakovo,2026-07-05T19:15,5,5 min,anonymous,2026-07-05T17:23:49+00:00
batrovci-bajakovo,2026-07-05T20:24,15,15 min,anonymous_,2026-07-05T18:36:43+00:00
batrovci-bajakovo,2026-07-05T20:38,30,30 min,hak_croatia,2026-07-05T18:51:48+00:00
batrovci-bajakovo,2026-07-05T21:28,30,30 min,hak_croatia,2026-07-05T19:32:08+00:00
batrovci-bajakovo,2026-07-05T21:49,30,30 min,hak_croatia,2026-07-05T20:02:18+00:00
batrovci-bajakovo,2026-07-05T22:59,25,25 min,anonymous_,2026-07-05T21:05:35+00:00
batrovci-bajakovo,2026-07-05T23:58,20,20 min,anonymous_,2026-07-05T22:01:20+00:00
batrovci-bajakovo,2026-07-06T00:57,15,15 min,anonymous_,2026-07-05T23:05:44+00:00
batrovci-bajakovo,2026-07-06T01:56,10,10 min,anonymous_,2026-07-06T00:11:58+00:00
batrovci-bajakovo,2026-07-06T02:57,5,5 min,anonymous_,2026-07-06T01:12:19+00:00
batrovci-bajakovo,2026-07-06T03:56,10,10 min,anonymous_,2026-07-06T02:14:11+00:00
batrovci-bajakovo,2026-07-06T04:57,5,5 min,anonymous_,2026-07-06T03:14:33+00:00
batrovci-bajakovo,2026-07-06T05:55,15,15 min,anonymous_,2026-07-06T04:14:57+00:00
batrovci-bajakovo,2026-07-06T06:58,10,10 min,anonymous_,2026-07-06T05:00:38+00:00
batrovci-bajakovo,2026-07-06T07:04,60,60 min,anonymous,2026-07-06T05:15:44+00:00
batrovci-bajakovo,2026-07-06T08:28,55,55 min,anonymous_,2026-07-06T06:38:59+00:00
batrovci-bajakovo,2026-07-06T09:08,10,10 min,anonymous,2026-07-06T07:09:10+00:00
batrovci-bajakovo,2026-07-06T10:23,5,5 min,anonymous_,2026-07-06T08:39:42+00:00
batrovci-bajakovo,2026-07-06T11:28,10,10 min,hak_croatia,2026-07-06T09:40:03+00:00
batrovci-bajakovo,2026-07-06T11:49,10,10 min,hak_croatia,2026-07-06T09:55:15+00:00
batrovci-bajakovo,2026-07-06T12:08,10,10 min,hak_croatia,2026-07-06T10:10:21+00:00
batrovci-bajakovo,2026-07-06T12:38,10,10 min,hak_croatia,2026-07-06T10:40:31+00:00
batrovci-bajakovo,2026-07-06T13:28,10,10 min,hak_croatia,2026-07-06T11:38:54+00:00
batrovci-bajakovo,2026-07-06T13:49,10,10 min,hak_croatia,2026-07-06T11:54:00+00:00
batrovci-bajakovo,2026-07-06T14:08,10,10 min,hak_croatia,2026-07-06T12:09:05+00:00
batrovci-bajakovo,2026-07-06T14:38,10,10 min,hak_croatia,2026-07-06T12:39:17+00:00
batrovci-bajakovo,2026-07-06T15:40,10,10 min,anonymous,2026-07-06T13:54:43+00:00
batrovci-bajakovo,2026-07-06T16:05,60,60 min,anonymous,2026-07-06T14:09:49+00:00
batrovci-bajakovo,2026-07-06T17:27,55,55 min,anonymous_,2026-07-06T15:39:32+00:00
batrovci-bajakovo,2026-07-06T17:49,10,10 min,hak_croatia,2026-07-06T15:54:38+00:00
batrovci-bajakovo,2026-07-06T18:08,10,10 min,hak_croatia,2026-07-06T16:09:45+00:00
batrovci-bajakovo,2026-07-06T18:38,10,10 min,hak_croatia,2026-07-06T16:39:59+00:00
batrovci-bajakovo,2026-07-06T19:28,10,10 min,hak_croatia,2026-07-06T17:30:48+00:00
batrovci-bajakovo,2026-07-06T19:49,10,10 min,hak_croatia,2026-07-06T18:01:02+00:00
batrovci-bajakovo,2026-07-06T20:08,10,10 min,hak_croatia,2026-07-06T18:16:08+00:00
batrovci-bajakovo,2026-07-06T20:38,10,10 min,hak_croatia,2026-07-06T18:46:20+00:00
batrovci-bajakovo,2026-07-06T21:49,10,10 min,hak_croatia,2026-07-06T19:51:24+00:00
batrovci-bajakovo,2026-07-06T22:08,10,10 min,hak_croatia,2026-07-06T20:21:37+00:00
batrovci-bajakovo,2026-07-06T22:38,10,10 min,hak_croatia,2026-07-06T20:51:52+00:00
batrovci-bajakovo,2026-07-06T23:49,10,10 min,hak_croatia,2026-07-06T21:53:17+00:00
batrovci-bajakovo,2026-07-07T00:08,10,10 min,hak_croatia,2026-07-06T22:08:24+00:00
batrovci-bajakovo,2026-07-07T00:38,30,30 min,hak_croatia,2026-07-06T22:38:37+00:00
batrovci-bajakovo,2026-07-07T01:28,30,30 min,hak_croatia,2026-07-06T23:42:26+00:00
batrovci-bajakovo,2026-07-07T01:49,30,30 min,hak_croatia,2026-07-06T23:52:26+00:00
batrovci-bajakovo,2026-07-07T02:08,30,30 min,hak_croatia,2026-07-07T00:22:41+00:00
batrovci-bajakovo,2026-07-07T02:28,30,30 min,hak_croatia,2026-07-07T00:37:48+00:00
batrovci-bajakovo,2026-07-07T02:49,30,30 min,hak_croatia,2026-07-07T00:52:56+00:00
batrovci-bajakovo,2026-07-07T02:38,30,30 min,hak_croatia,2026-07-07T00:52:56+00:00
batrovci-bajakovo,2026-07-07T04:08,30,30 min,hak_croatia,2026-07-07T02:08:26+00:00
batrovci-bajakovo,2026-07-07T03:54,25,25 min,anonymous_,2026-07-07T02:08:26+00:00
batrovci-bajakovo,2026-07-07T04:38,30,30 min,hak_croatia,2026-07-07T02:38:41+00:00
batrovci-bajakovo,2026-07-07T06:08,10,10 min,hak_croatia,2026-07-07T04:09:16+00:00
batrovci-bajakovo,2026-07-07T05:55,25,25 min,anonymous_,2026-07-07T04:09:16+00:00
batrovci-bajakovo,2026-07-07T06:38,10,10 min,hak_croatia,2026-07-07T04:43:11+00:00
batrovci-bajakovo,2026-07-07T07:28,10,10 min,hak_croatia,2026-07-07T05:28:29+00:00
batrovci-bajakovo,2026-07-07T07:49,30,30 min,hak_croatia,2026-07-07T05:58:42+00:00
batrovci-bajakovo,2026-07-07T08:08,30,30 min,hak_croatia,2026-07-07T06:13:49+00:00
batrovci-bajakovo,2026-07-07T08:38,30,30 min,hak_croatia,2026-07-07T06:44:02+00:00
batrovci-bajakovo,2026-07-07T09:28,30,30 min,hak_croatia,2026-07-07T07:29:27+00:00
batrovci-bajakovo,2026-07-07T09:49,30,30 min,hak_croatia,2026-07-07T07:55:51+00:00
batrovci-bajakovo,2026-07-07T10:08,30,30 min,hak_croatia,2026-07-07T08:10:57+00:00
batrovci-bajakovo,2026-07-07T10:38,30,30 min,hak_croatia,2026-07-07T08:41:08+00:00
batrovci-bajakovo,2026-07-07T11:28,30,30 min,hak_croatia,2026-07-07T09:41:29+00:00
batrovci-bajakovo,2026-07-07T11:49,30,30 min,hak_croatia,2026-07-07T09:56:34+00:00
batrovci-bajakovo,2026-07-07T12:08,30,30 min,hak_croatia,2026-07-07T10:11:40+00:00
batrovci-bajakovo,2026-07-07T12:38,30,30 min,hak_croatia,2026-07-07T10:41:50+00:00
batrovci-bajakovo,2026-07-07T13:06,45,45 min,anonymous,2026-07-07T11:12:02+00:00
batrovci-bajakovo,2026-07-07T14:24,40,40 min,anonymous_,2026-07-07T12:33:08+00:00
batrovci-bajakovo,2026-07-07T14:38,30,30 min,hak_croatia,2026-07-07T12:48:14+00:00
batrovci-bajakovo,2026-07-07T15:28,30,30 min,hak_croatia,2026-07-07T13:29:46+00:00
batrovci-bajakovo,2026-07-07T15:49,30,30 min,hak_croatia,2026-07-07T13:59:57+00:00
batrovci-bajakovo,2026-07-07T16:08,30,30 min,hak_croatia,2026-07-07T14:15:03+00:00
batrovci-bajakovo,2026-07-07T16:38,30,30 min,hak_croatia,2026-07-07T14:45:19+00:00
batrovci-bajakovo,2026-07-07T17:28,30,30 min,hak_croatia,2026-07-07T15:30:35+00:00
batrovci-bajakovo,2026-07-07T17:49,30,30 min,hak_croatia,2026-07-07T16:00:46+00:00
batrovci-bajakovo,2026-07-07T18:08,30,30 min,hak_croatia,2026-07-07T16:22:02+00:00
batrovci-bajakovo,2026-07-07T18:38,30,30 min,hak_croatia,2026-07-07T16:52:15+00:00
batrovci-bajakovo,2026-07-07T19:28,30,30 min,hak_croatia,2026-07-07T17:37:34+00:00
batrovci-bajakovo,2026-07-07T19:49,30,30 min,hak_croatia,2026-07-07T17:52:41+00:00
batrovci-bajakovo,2026-07-07T20:08,30,30 min,hak_croatia,2026-07-07T18:18:00+00:00
batrovci-bajakovo,2026-07-07T20:46,5,5 min,anonymous,2026-07-07T18:48:14+00:00
batrovci-bajakovo,2026-07-07T20:38,30,30 min,hak_croatia,2026-07-07T18:48:14+00:00
batrovci-bajakovo,2026-07-07T21:58,10,10 min,anonymous_,2026-07-07T20:03:47+00:00
batrovci-bajakovo,2026-07-07T22:57,5,5 min,anonymous_,2026-07-07T21:04:11+00:00
batrovci-bajakovo,2026-07-07T23:58,10,10 min,anonymous_,2026-07-07T22:02:37+00:00
batrovci-bajakovo,2026-07-08T00:56,5,5 min,anonymous_,2026-07-07T23:01:47+00:00
batrovci-bajakovo,2026-07-08T01:59,15,15 min,anonymous_,2026-07-08T00:11:41+00:00
batrovci-bajakovo,2026-07-08T02:54,10,10 min,anonymous_,2026-07-08T01:12:02+00:00
batrovci-bajakovo,2026-07-08T03:54,5,5 min,anonymous_,2026-07-08T02:14:52+00:00
batrovci-bajakovo,2026-07-08T04:53,10,10 min,anonymous_,2026-07-08T03:00:23+00:00
batrovci-bajakovo,2026-07-08T05:28,10,10 min,hak_croatia,2026-07-08T03:30:36+00:00
batrovci-bajakovo,2026-07-08T05:49,10,10 min,hak_croatia,2026-07-08T04:00:48+00:00
batrovci-bajakovo,2026-07-08T06:08,10,10 min,hak_croatia,2026-07-08T04:15:55+00:00
batrovci-bajakovo,2026-07-08T06:38,10,10 min,hak_croatia,2026-07-08T04:52:33+00:00
batrovci-bajakovo,2026-07-08T07:28,10,10 min,hak_croatia,2026-07-08T05:37:48+00:00
batrovci-bajakovo,2026-07-08T07:49,10,10 min,hak_croatia,2026-07-08T05:52:54+00:00
batrovci-bajakovo,2026-07-08T08:08,10,10 min,hak_croatia,2026-07-08T06:23:19+00:00
batrovci-bajakovo,2026-07-08T08:38,10,10 min,hak_croatia,2026-07-08T06:38:24+00:00
batrovci-bajakovo,2026-07-08T09:28,10,10 min,hak_croatia,2026-07-08T07:32:41+00:00
batrovci-bajakovo,2026-07-08T09:49,10,10 min,hak_croatia,2026-07-08T08:02:52+00:00
batrovci-bajakovo,2026-07-08T10:54,5,5 min,anonymous_,2026-07-08T09:03:13+00:00
batrovci-bajakovo,2026-07-08T11:58,10,10 min,anonymous_,2026-07-08T10:12:12+00:00
batrovci-bajakovo,2026-07-08T12:59,5,5 min,anonymous_,2026-07-08T11:12:34+00:00
batrovci-bajakovo,2026-07-08T13:59,15,15 min,anonymous_,2026-07-08T12:09:24+00:00
batrovci-bajakovo,2026-07-08T14:57,10,10 min,anonymous_,2026-07-08T13:09:50+00:00
batrovci-bajakovo,2026-07-08T15:53,5,5 min,anonymous_,2026-07-08T14:03:36+00:00
batrovci-bajakovo,2026-07-08T16:57,10,10 min,anonymous_,2026-07-08T15:04:01+00:00
batrovci-bajakovo,2026-07-08T17:56,5,5 min,anonymous_,2026-07-08T16:09:14+00:00
batrovci-bajakovo,2026-07-08T18:54,10,10 min,anonymous_,2026-07-08T17:09:40+00:00
batrovci-bajakovo,2026-07-08T19:28,10,10 min,hak_croatia,2026-07-08T17:28:49+00:00
batrovci-bajakovo,2026-07-08T19:49,10,10 min,hak_croatia,2026-07-08T17:59:00+00:00
batrovci-bajakovo,2026-07-08T20:08,10,10 min,hak_croatia,2026-07-08T18:14:06+00:00
batrovci-bajakovo,2026-07-08T20:38,10,10 min,hak_croatia,2026-07-08T18:44:17+00:00
batrovci-bajakovo,2026-07-08T21:28,10,10 min,hak_croatia,2026-07-08T19:36:25+00:00
batrovci-bajakovo,2026-07-08T21:49,10,10 min,hak_croatia,2026-07-08T19:51:33+00:00
batrovci-bajakovo,2026-07-08T22:08,10,10 min,hak_croatia,2026-07-08T20:16:09+00:00
batrovci-bajakovo,2026-07-08T22:38,10,10 min,hak_croatia,2026-07-08T20:46:23+00:00
batrovci-bajakovo,2026-07-08T23:28,10,10 min,hak_croatia,2026-07-08T21:31:44+00:00
batrovci-bajakovo,2026-07-08T23:49,10,10 min,hak_croatia,2026-07-08T21:49:59+00:00
batrovci-bajakovo,2026-07-09T00:08,10,10 min,hak_croatia,2026-07-08T22:20:11+00:00
batrovci-bajakovo,2026-07-09T00:38,10,10 min,hak_croatia,2026-07-08T22:40:01+00:00
batrovci-bajakovo,2026-07-09T01:28,10,10 min,hak_croatia,2026-07-08T23:40:27+00:00
batrovci-bajakovo,2026-07-09T01:49,10,10 min,hak_croatia,2026-07-08T23:54:55+00:00
batrovci-bajakovo,2026-07-09T02:56,5,5 min,anonymous_,2026-07-09T01:10:21+00:00
batrovci-bajakovo,2026-07-09T03:59,10,10 min,anonymous_,2026-07-09T02:10:42+00:00
batrovci-bajakovo,2026-07-09T04:57,5,5 min,anonymous_,2026-07-09T03:11:03+00:00
batrovci-bajakovo,2026-07-09T05:28,30,30 min,hak_croatia,2026-07-09T03:41:13+00:00
batrovci-bajakovo,2026-07-09T05:49,30,30 min,hak_croatia,2026-07-09T03:56:20+00:00
batrovci-bajakovo,2026-07-09T06:08,30,30 min,hak_croatia,2026-07-09T04:08:36+00:00
batrovci-bajakovo,2026-07-09T06:38,30,30 min,hak_croatia,2026-07-09T04:38:49+00:00
batrovci-bajakovo,2026-07-09T06:54,60,60 min,anonymous,2026-07-09T05:09:01+00:00
batrovci-bajakovo,2026-07-09T08:08,30,30 min,hak_croatia,2026-07-09T06:09:28+00:00
batrovci-bajakovo,2026-07-09T07:57,55,55 min,anonymous_,2026-07-09T06:09:28+00:00
batrovci-bajakovo,2026-07-09T08:38,30,30 min,hak_croatia,2026-07-09T06:39:41+00:00
batrovci-bajakovo,2026-07-09T09:28,30,30 min,hak_croatia,2026-07-09T07:40:08+00:00
batrovci-bajakovo,2026-07-09T09:49,30,30 min,hak_croatia,2026-07-09T07:55:15+00:00
batrovci-bajakovo,2026-07-09T10:08,10,10 min,hak_croatia,2026-07-09T08:11:35+00:00
batrovci-bajakovo,2026-07-09T10:38,10,10 min,hak_croatia,2026-07-09T08:41:46+00:00
batrovci-bajakovo,2026-07-09T11:28,30,30 min,hak_croatia,2026-07-09T09:42:08+00:00
batrovci-bajakovo,2026-07-09T11:49,30,30 min,hak_croatia,2026-07-09T09:57:14+00:00
batrovci-bajakovo,2026-07-09T12:08,30,30 min,hak_croatia,2026-07-09T10:12:20+00:00
batrovci-bajakovo,2026-07-09T12:38,30,30 min,hak_croatia,2026-07-09T10:42:31+00:00
batrovci-bajakovo,2026-07-09T13:28,30,30 min,hak_croatia,2026-07-09T11:36:20+00:00
batrovci-bajakovo,2026-07-09T13:49,30,30 min,hak_croatia,2026-07-09T11:51:27+00:00
batrovci-bajakovo,2026-07-09T14:08,30,30 min,hak_croatia,2026-07-09T12:21:40+00:00
batrovci-bajakovo,2026-07-09T14:38,30,30 min,hak_croatia,2026-07-09T12:51:54+00:00
batrovci-bajakovo,2026-07-09T15:28,30,30 min,hak_croatia,2026-07-09T13:37:15+00:00
batrovci-bajakovo,2026-07-09T15:49,30,30 min,hak_croatia,2026-07-09T13:52:22+00:00
batrovci-bajakovo,2026-07-09T16:08,10,10 min,hak_croatia,2026-07-09T14:16:06+00:00
batrovci-bajakovo,2026-07-09T16:38,10,10 min,hak_croatia,2026-07-09T14:46:16+00:00
batrovci-bajakovo,2026-07-09T17:28,10,10 min,hak_croatia,2026-07-09T15:31:37+00:00
batrovci-bajakovo,2026-07-09T17:49,10,10 min,hak_croatia,2026-07-09T16:01:48+00:00
batrovci-bajakovo,2026-07-09T18:08,10,10 min,hak_croatia,2026-07-09T16:16:53+00:00
batrovci-bajakovo,2026-07-09T18:38,10,10 min,hak_croatia,2026-07-09T16:50:33+00:00
batrovci-bajakovo,2026-07-09T19:29,30,30 min,anonymous,2026-07-09T17:35:53+00:00
batrovci-bajakovo,2026-07-09T19:28,10,10 min,hak_croatia,2026-07-09T17:35:53+00:00
batrovci-bajakovo,2026-07-09T20:38,10,10 min,hak_croatia,2026-07-09T18:39:13+00:00
batrovci-bajakovo,2026-07-09T20:29,25,25 min,anonymous_,2026-07-09T18:39:13+00:00
batrovci-bajakovo,2026-07-09T21:28,10,10 min,hak_croatia,2026-07-09T19:39:33+00:00
batrovci-bajakovo,2026-07-09T21:49,10,10 min,hak_croatia,2026-07-09T19:54:38+00:00
batrovci-bajakovo,2026-07-09T22:57,5,5 min,anonymous_,2026-07-09T21:12:38+00:00
batrovci-bajakovo,2026-07-09T23:53,10,10 min,anonymous_,2026-07-09T22:06:28+00:00
batrovci-bajakovo,2026-07-10T00:57,5,5 min,anonymous_,2026-07-09T23:06:52+00:00
batrovci-bajakovo,2026-07-10T01:57,15,15 min,anonymous_,2026-07-10T00:05:33+00:00
batrovci-bajakovo,2026-07-10T02:54,10,10 min,anonymous_,2026-07-10T01:05:55+00:00
batrovci-bajakovo,2026-07-10T03:54,5,5 min,anonymous_,2026-07-10T02:14:02+00:00
batrovci-bajakovo,2026-07-10T04:54,5,5 min,anonymous,2026-07-10T02:59:22+00:00
batrovci-bajakovo,2026-07-10T06:08,10,10 min,hak_croatia,2026-07-10T04:14:52+00:00
batrovci-bajakovo,2026-07-10T05:54,10,10 min,anonymous_,2026-07-10T04:14:52+00:00
batrovci-bajakovo,2026-07-10T06:38,10,10 min,hak_croatia,2026-07-10T04:45:17+00:00
batrovci-bajakovo,2026-07-10T07:28,10,10 min,hak_croatia,2026-07-10T05:42:38+00:00
batrovci-bajakovo,2026-07-10T07:49,10,10 min,hak_croatia,2026-07-10T05:57:44+00:00
batrovci-bajakovo,2026-07-10T08:08,10,10 min,hak_croatia,2026-07-10T06:12:50+00:00
batrovci-bajakovo,2026-07-10T08:38,10,10 min,hak_croatia,2026-07-10T06:43:00+00:00
batrovci-bajakovo,2026-07-10T09:28,10,10 min,hak_croatia,2026-07-10T07:28:17+00:00
batrovci-bajakovo,2026-07-10T09:49,10,10 min,hak_croatia,2026-07-10T07:58:39+00:00
batrovci-bajakovo,2026-07-10T10:08,10,10 min,hak_croatia,2026-07-10T08:13:45+00:00
batrovci-bajakovo,2026-07-10T10:38,10,10 min,hak_croatia,2026-07-10T08:43:56+00:00
batrovci-bajakovo,2026-07-10T11:28,10,10 min,hak_croatia,2026-07-10T09:30:36+00:00
batrovci-bajakovo,2026-07-10T11:49,10,10 min,hak_croatia,2026-07-10T10:00:47+00:00
batrovci-bajakovo,2026-07-10T12:08,10,10 min,hak_croatia,2026-07-10T10:15:53+00:00
batrovci-bajakovo,2026-07-10T12:38,10,10 min,hak_croatia,2026-07-10T10:46:04+00:00
batrovci-bajakovo,2026-07-10T13:28,10,10 min,hak_croatia,2026-07-10T11:31:21+00:00
batrovci-bajakovo,2026-07-10T13:49,10,10 min,hak_croatia,2026-07-10T11:52:24+00:00
batrovci-bajakovo,2026-07-10T14:08,10,10 min,hak_croatia,2026-07-10T12:22:37+00:00
batrovci-bajakovo,2026-07-10T14:38,10,10 min,hak_croatia,2026-07-10T12:52:51+00:00
batrovci-bajakovo,2026-07-10T15:28,10,10 min,hak_croatia,2026-07-10T13:34:57+00:00
batrovci-bajakovo,2026-07-10T15:49,10,10 min,hak_croatia,2026-07-10T13:50:05+00:00
batrovci-bajakovo,2026-07-10T15:53,15,15 min,anonymous,2026-07-10T14:05:12+00:00
batrovci-bajakovo,2026-07-10T16:53,10,10 min,anonymous_,2026-07-10T15:05:40+00:00
batrovci-bajakovo,2026-07-10T17:28,10,10 min,hak_croatia,2026-07-10T15:35:56+00:00
batrovci-bajakovo,2026-07-10T17:49,10,10 min,hak_croatia,2026-07-10T15:51:03+00:00
batrovci-bajakovo,2026-07-10T18:08,10,10 min,hak_croatia,2026-07-10T16:17:01+00:00
batrovci-bajakovo,2026-07-10T18:38,10,10 min,hak_croatia,2026-07-10T16:47:15+00:00
batrovci-bajakovo,2026-07-10T19:28,10,10 min,hak_croatia,2026-07-10T17:32:35+00:00
batrovci-bajakovo,2026-07-10T19:49,10,10 min,hak_croatia,2026-07-10T17:57:15+00:00
batrovci-bajakovo,2026-07-10T20:08,10,10 min,hak_croatia,2026-07-10T18:12:22+00:00
batrovci-bajakovo,2026-07-10T20:38,10,10 min,hak_croatia,2026-07-10T18:42:36+00:00
batrovci-bajakovo,2026-07-10T21:28,10,10 min,hak_croatia,2026-07-10T19:43:01+00:00
batrovci-bajakovo,2026-07-10T21:49,10,10 min,hak_croatia,2026-07-10T20:02:55+00:00
batrovci-bajakovo,2026-07-10T22:08,10,10 min,hak_croatia,2026-07-10T20:18:01+00:00
batrovci-bajakovo,2026-07-10T22:38,10,10 min,hak_croatia,2026-07-10T20:48:12+00:00
batrovci-bajakovo,2026-07-10T23:28,30,30 min,hak_croatia,2026-07-10T21:41:37+00:00
batrovci-bajakovo,2026-07-10T23:49,30,30 min,hak_croatia,2026-07-10T21:56:43+00:00
batrovci-bajakovo,2026-07-11T00:08,60,60 min,hak_croatia,2026-07-10T22:11:49+00:00
batrovci-bajakovo,2026-07-11T00:38,60,60 min,hak_croatia,2026-07-10T22:43:29+00:00
batrovci-bajakovo,2026-07-11T01:28,60,60 min,hak_croatia,2026-07-10T23:32:23+00:00
batrovci-bajakovo,2026-07-11T01:49,60,60 min,hak_croatia,2026-07-11T00:02:42+00:00
batrovci-bajakovo,2026-07-11T02:08,30,30 min,hak_croatia,2026-07-11T00:14:05+00:00
batrovci-bajakovo,2026-07-11T02:28,30,30 min,hak_croatia,2026-07-11T00:29:11+00:00
batrovci-bajakovo,2026-07-11T02:38,30,30 min,hak_croatia,2026-07-11T00:44:16+00:00
batrovci-bajakovo,2026-07-11T02:49,30,30 min,hak_croatia,2026-07-11T00:59:22+00:00
batrovci-bajakovo,2026-07-11T04:08,30,30 min,hak_croatia,2026-07-11T02:14:48+00:00
batrovci-bajakovo,2026-07-11T03:54,25,25 min,anonymous_,2026-07-11T02:14:48+00:00
batrovci-bajakovo,2026-07-11T04:20,30,30 min,anonymous,2026-07-11T02:29:53+00:00
batrovci-bajakovo,2026-07-11T05:23,25,25 min,anonymous_,2026-07-11T03:30:26+00:00
batrovci-bajakovo,2026-07-11T05:58,15,15 min,anonymous,2026-07-11T04:03:11+00:00
batrovci-bajakovo,2026-07-11T05:49,30,30 min,hak_croatia,2026-07-11T04:03:11+00:00
batrovci-bajakovo,2026-07-11T06:59,10,10 min,anonymous_,2026-07-11T05:03:32+00:00
batrovci-bajakovo,2026-07-11T07:25,60,60 min,anonymous,2026-07-11T05:33:44+00:00
batrovci-bajakovo,2026-07-11T07:24,60,60 min,anonymous,2026-07-11T05:33:44+00:00
batrovci-bajakovo,2026-07-11T08:30,90,1.5 h,anonymous,2026-07-11T06:33:56+00:00
batrovci-bajakovo,2026-07-11T08:58,90,1.5 h,anonymous,2026-07-11T07:04:06+00:00
batrovci-bajakovo,2026-07-11T09:57,60,60 min,anonymous_,2026-07-11T08:04:27+00:00
batrovci-bajakovo,2026-07-11T10:08,60,60 min,hak_croatia,2026-07-11T08:10:24+00:00
batrovci-bajakovo,2026-07-11T10:38,60,60 min,hak_croatia,2026-07-11T08:40:36+00:00
batrovci-bajakovo,2026-07-11T11:09,150,2.5 h,anonymous,2026-07-11T09:10:53+00:00
batrovci-bajakovo,2026-07-11T11:33,120,2 h,anonymous,2026-07-11T09:41:06+00:00
batrovci-bajakovo,2026-07-11T12:34,150,2.5 h,anonymous,2026-07-11T10:38:34+00:00
batrovci-bajakovo,2026-07-11T13:49,180,3 h,anonymous,2026-07-11T12:01:27+00:00
batrovci-bajakovo,2026-07-11T14:56,150,2.5 h,anonymous_,2026-07-11T13:10:01+00:00
batrovci-bajakovo,2026-07-11T15:28,120,2 h,hak_croatia,2026-07-11T13:40:15+00:00
batrovci-bajakovo,2026-07-11T15:49,120,2 h,hak_croatia,2026-07-11T13:55:22+00:00
batrovci-bajakovo,2026-07-11T16:08,120,2 h,hak_croatia,2026-07-11T14:13:36+00:00
batrovci-bajakovo,2026-07-11T16:38,120,2 h,hak_croatia,2026-07-11T14:43:48+00:00
batrovci-bajakovo,2026-07-11T17:28,120,2 h,hak_croatia,2026-07-11T15:39:34+00:00
batrovci-bajakovo,2026-07-11T17:49,90,1.5 h,hak_croatia,2026-07-11T15:54:40+00:00
batrovci-bajakovo,2026-07-11T18:08,90,1.5 h,hak_croatia,2026-07-11T16:09:48+00:00
batrovci-bajakovo,2026-07-11T18:38,90,1.5 h,hak_croatia,2026-07-11T16:43:34+00:00
batrovci-bajakovo,2026-07-11T18:58,180,3 h,anonymous,2026-07-11T16:58:40+00:00
batrovci-bajakovo,2026-07-11T18:52,10,10 min,anonymous,2026-07-11T16:58:40+00:00
batrovci-bajakovo,2026-07-11T20:08,90,1.5 h,hak_croatia,2026-07-11T18:11:45+00:00
batrovci-bajakovo,2026-07-11T19:58,150,2.5 h,anonymous_,2026-07-11T18:11:45+00:00
batrovci-bajakovo,2026-07-11T20:38,90,1.5 h,hak_croatia,2026-07-11T18:46:12+00:00
batrovci-bajakovo,2026-07-11T21:28,90,1.5 h,hak_croatia,2026-07-11T19:31:31+00:00
batrovci-bajakovo,2026-07-11T21:49,90,1.5 h,hak_croatia,2026-07-11T20:02:41+00:00
batrovci-bajakovo,2026-07-11T22:08,10,10 min,hak_croatia,2026-07-11T20:17:48+00:00
batrovci-bajakovo,2026-07-11T22:38,10,10 min,hak_croatia,2026-07-11T20:49:00+00:00
batrovci-bajakovo,2026-07-11T23:28,10,10 min,hak_croatia,2026-07-11T21:29:40+00:00
batrovci-bajakovo,2026-07-11T23:49,10,10 min,hak_croatia,2026-07-11T21:59:52+00:00
batrovci-bajakovo,2026-07-12T00:08,10,10 min,hak_croatia,2026-07-11T22:14:59+00:00
batrovci-bajakovo,2026-07-12T00:38,10,10 min,hak_croatia,2026-07-11T22:43:07+00:00
batrovci-bajakovo,2026-07-12T01:28,10,10 min,hak_croatia,2026-07-11T23:28:24+00:00
batrovci-bajakovo,2026-07-12T01:49,10,10 min,hak_croatia,2026-07-12T00:03:38+00:00
batrovci-bajakovo,2026-07-12T02:08,10,10 min,hak_croatia,2026-07-12T00:18:45+00:00
batrovci-bajakovo,2026-07-12T02:28,10,10 min,hak_croatia,2026-07-12T00:33:51+00:00
batrovci-bajakovo,2026-07-12T02:49,10,10 min,hak_croatia,2026-07-12T00:48:58+00:00
batrovci-bajakovo,2026-07-12T02:38,10,10 min,hak_croatia,2026-07-12T00:48:58+00:00
batrovci-bajakovo,2026-07-12T04:08,10,10 min,hak_croatia,2026-07-12T02:11:04+00:00
batrovci-bajakovo,2026-07-12T03:56,5,5 min,anonymous_,2026-07-12T02:11:04+00:00
batrovci-bajakovo,2026-07-12T04:38,10,10 min,hak_croatia,2026-07-12T02:41:14+00:00
batrovci-bajakovo,2026-07-12T05:28,10,10 min,hak_croatia,2026-07-12T03:41:33+00:00
batrovci-bajakovo,2026-07-12T05:49,10,10 min,hak_croatia,2026-07-12T03:56:39+00:00
batrovci-bajakovo,2026-07-12T06:08,10,10 min,hak_croatia,2026-07-12T04:11:44+00:00
batrovci-bajakovo,2026-07-12T06:38,10,10 min,hak_croatia,2026-07-12T04:41:54+00:00
batrovci-bajakovo,2026-07-12T07:28,10,10 min,hak_croatia,2026-07-12T05:28:52+00:00
batrovci-bajakovo,2026-07-12T07:49,10,10 min,hak_croatia,2026-07-12T05:59:04+00:00
batrovci-bajakovo,2026-07-12T08:08,10,10 min,hak_croatia,2026-07-12T06:14:09+00:00
batrovci-bajakovo,2026-07-12T08:38,10,10 min,hak_croatia,2026-07-12T06:44:20+00:00
batrovci-bajakovo,2026-07-12T09:56,5,5 min,anonymous_,2026-07-12T08:05:54+00:00
batrovci-bajakovo,2026-07-12T10:38,10,10 min,hak_croatia,2026-07-12T08:51:09+00:00
batrovci-bajakovo,2026-07-12T11:28,30,30 min,hak_croatia,2026-07-12T09:38:20+00:00
batrovci-bajakovo,2026-07-12T11:49,30,30 min,hak_croatia,2026-07-12T09:53:27+00:00
batrovci-bajakovo,2026-07-12T12:08,30,30 min,hak_croatia,2026-07-12T10:08:34+00:00
batrovci-bajakovo,2026-07-12T12:38,30,30 min,hak_croatia,2026-07-12T10:38:47+00:00
batrovci-bajakovo,2026-07-12T13:28,30,30 min,hak_croatia,2026-07-12T11:28:27+00:00
batrovci-bajakovo,2026-07-12T13:49,30,30 min,hak_croatia,2026-07-12T11:58:40+00:00
batrovci-bajakovo,2026-07-12T14:08,30,30 min,hak_croatia,2026-07-12T12:20:58+00:00
batrovci-bajakovo,2026-07-12T14:38,30,30 min,hak_croatia,2026-07-12T12:51:09+00:00
batrovci-bajakovo,2026-07-12T15:28,30,30 min,hak_croatia,2026-07-12T13:36:26+00:00
batrovci-bajakovo,2026-07-12T15:46,15,15 min,anonymous,2026-07-12T13:51:32+00:00
batrovci-bajakovo,2026-07-12T16:59,10,10 min,anonymous_,2026-07-12T15:08:03+00:00
batrovci-bajakovo,2026-07-12T17:38,30,30 min,anonymous,2026-07-12T15:39:54+00:00
batrovci-bajakovo,2026-07-12T17:28,30,30 min,hak_croatia,2026-07-12T15:39:54+00:00
batrovci-bajakovo,2026-07-12T18:58,25,25 min,anonymous_,2026-07-12T17:01:16+00:00
batrovci-bajakovo,2026-07-12T19:26,5,5 min,anonymous,2026-07-12T17:29:41+00:00
batrovci-bajakovo,2026-07-12T19:40,20,20 min,anonymous,2026-07-12T17:44:48+00:00
batrovci-bajakovo,2026-07-12T20:56,15,15 min,anonymous_,2026-07-12T19:01:46+00:00
batrovci-bajakovo,2026-07-12T21:28,30,30 min,hak_croatia,2026-07-12T19:31:58+00:00
batrovci-bajakovo,2026-07-12T21:49,30,30 min,hak_croatia,2026-07-12T20:01:16+00:00
batrovci-bajakovo,2026-07-12T22:08,30,30 min,hak_croatia,2026-07-12T20:16:22+00:00
batrovci-bajakovo,2026-07-12T22:38,30,30 min,hak_croatia,2026-07-12T20:46:48+00:00
batrovci-bajakovo,2026-07-12T23:28,30,30 min,hak_croatia,2026-07-12T21:28:35+00:00
batrovci-bajakovo,2026-07-12T23:49,30,30 min,hak_croatia,2026-07-12T21:58:49+00:00
batrovci-bajakovo,2026-07-13T00:08,10,10 min,hak_croatia,2026-07-12T22:13:56+00:00
batrovci-bajakovo,2026-07-13T00:38,10,10 min,hak_croatia,2026-07-12T22:43:05+00:00
batrovci-bajakovo,2026-07-13T01:28,10,10 min,hak_croatia,2026-07-12T23:28:21+00:00
batrovci-bajakovo,2026-07-13T01:37,90,1.5 h,anonymous,2026-07-12T23:47:43+00:00
batrovci-bajakovo,2026-07-13T01:53,120,2 h,anonymous,2026-07-13T00:02:49+00:00
batrovci-bajakovo,2026-07-13T03:01,120,2 h,anonymous,2026-07-13T01:03:17+00:00
batrovci-bajakovo,2026-07-13T02:57,90,1.5 h,anonymous_,2026-07-13T01:03:17+00:00
batrovci-bajakovo,2026-07-13T04:38,30,30 min,hak_croatia,2026-07-13T02:41:12+00:00
batrovci-bajakovo,2026-07-13T04:23,90,1.5 h,anonymous_,2026-07-13T02:41:12+00:00
batrovci-bajakovo,2026-07-13T05:28,30,30 min,hak_croatia,2026-07-13T03:41:34+00:00
batrovci-bajakovo,2026-07-13T05:49,30,30 min,hak_croatia,2026-07-13T03:56:40+00:00
batrovci-bajakovo,2026-07-13T06:08,30,30 min,hak_croatia,2026-07-13T04:11:46+00:00
batrovci-bajakovo,2026-07-13T06:38,30,30 min,hak_croatia,2026-07-13T04:42:03+00:00
batrovci-bajakovo,2026-07-13T07:28,90,1.5 h,anonymous,2026-07-13T05:36:02+00:00
batrovci-bajakovo,2026-07-13T07:28,30,30 min,hak_croatia,2026-07-13T05:36:02+00:00
batrovci-bajakovo,2026-07-13T08:35,150,2.5 h,anonymous,2026-07-13T06:36:28+00:00
batrovci-bajakovo,2026-07-13T08:24,60,60 min,anonymous_,2026-07-13T06:36:28+00:00
batrovci-bajakovo,2026-07-13T08:49,150,2.5 h,anonymous,2026-07-13T06:51:35+00:00
batrovci-bajakovo,2026-07-13T09:01,5,5 min,anonymous,2026-07-13T07:06:48+00:00
batrovci-bajakovo,2026-07-13T09:22,5,5 min,anonymous,2026-07-13T07:21:55+00:00
batrovci-bajakovo,2026-07-13T09:08,180,3 h,anonymous,2026-07-13T07:21:55+00:00
batrovci-bajakovo,2026-07-13T09:33,150,2.5 h,anonymous,2026-07-13T07:37:16+00:00
batrovci-bajakovo,2026-07-13T09:49,210,3.5 h,anonymous,2026-07-13T07:52:23+00:00
batrovci-bajakovo,2026-07-13T09:48,210,3.5 h,anonymous,2026-07-13T07:52:23+00:00
batrovci-bajakovo,2026-07-13T09:41,5,5 min,anonymous,2026-07-13T07:52:23+00:00
batrovci-bajakovo,2026-07-13T10:21,210,3.5 h,anonymous,2026-07-13T08:30:59+00:00
batrovci-bajakovo,2026-07-13T11:29,180,3 h,anonymous_,2026-07-13T09:31:25+00:00
batrovci-bajakovo,2026-07-13T11:49,180,3 h,hak_croatia,2026-07-13T10:01:38+00:00
batrovci-bajakovo,2026-07-13T12:14,300,5 h,anonymous,2026-07-13T10:16:45+00:00
batrovci-bajakovo,2026-07-13T12:09,240,4 h,anonymous,2026-07-13T10:16:45+00:00
batrovci-bajakovo,2026-07-13T12:08,180,3 h,hak_croatia,2026-07-13T10:16:45+00:00
batrovci-bajakovo,2026-07-13T12:31,480,8 h,anonymous,2026-07-13T10:31:51+00:00
batrovci-bajakovo,2026-07-13T13:16,60,60 min,anonymous,2026-07-13T11:17:11+00:00
batrovci-bajakovo,2026-07-13T13:15,240,4 h,anonymous,2026-07-13T11:17:11+00:00
batrovci-bajakovo,2026-07-13T13:24,5,5 min,anonymous,2026-07-13T11:26:03+00:00
batrovci-bajakovo,2026-07-13T13:33,150,2.5 h,anonymous,2026-07-13T11:41:09+00:00
batrovci-bajakovo,2026-07-13T13:46,5,5 min,anonymous,2026-07-13T11:56:15+00:00
batrovci-bajakovo,2026-07-13T14:02,5,5 min,anonymous,2026-07-13T12:11:21+00:00
batrovci-bajakovo,2026-07-13T14:02,180,3 h,anonymous,2026-07-13T12:11:21+00:00
batrovci-bajakovo,2026-07-13T14:24,5,5 min,anonymous,2026-07-13T12:26:27+00:00
batrovci-bajakovo,2026-07-13T14:22,45,45 min,anonymous,2026-07-13T12:26:27+00:00
batrovci-bajakovo,2026-07-13T15:26,10,10 min,anonymous_,2026-07-13T13:39:55+00:00
batrovci-bajakovo,2026-07-13T15:49,180,3 h,hak_croatia,2026-07-13T13:55:02+00:00
batrovci-bajakovo,2026-07-13T16:08,180,3 h,hak_croatia,2026-07-13T14:10:09+00:00
batrovci-bajakovo,2026-07-13T16:19,5,5 min,anonymous,2026-07-13T14:25:16+00:00
batrovci-bajakovo,2026-07-13T16:39,5,5 min,anonymous,2026-07-13T14:40:22+00:00
batrovci-bajakovo,2026-07-13T16:28,5,5 min,anonymous,2026-07-13T14:40:22+00:00
batrovci-bajakovo,2026-07-13T16:49,5,5 min,anonymous,2026-07-13T14:55:29+00:00
batrovci-bajakovo,2026-07-13T17:08,120,2 h,anonymous,2026-07-13T15:10:37+00:00
batrovci-bajakovo,2026-07-13T17:20,5,5 min,anonymous,2026-07-13T15:25:44+00:00
batrovci-bajakovo,2026-07-13T17:11,5,5 min,anonymous,2026-07-13T15:25:44+00:00
batrovci-bajakovo,2026-07-13T18:38,90,1.5 h,hak_croatia,2026-07-13T16:42:19+00:00
batrovci-bajakovo,2026-07-13T18:23,15,15 min,anonymous_,2026-07-13T16:42:19+00:00
batrovci-bajakovo,2026-07-13T18:59,5,5 min,anonymous,2026-07-13T17:12:31+00:00
batrovci-bajakovo,2026-07-13T19:43,5,5 min,anonymous,2026-07-13T17:57:50+00:00
batrovci-bajakovo,2026-07-13T20:59,15,15 min,anonymous_,2026-07-13T19:15:02+00:00
batrovci-bajakovo,2026-07-13T21:28,90,1.5 h,hak_croatia,2026-07-13T19:30:09+00:00
batrovci-bajakovo,2026-07-13T21:49,90,1.5 h,hak_croatia,2026-07-13T19:54:35+00:00
batrovci-bajakovo,2026-07-13T22:08,90,1.5 h,hak_croatia,2026-07-13T20:09:43+00:00
batrovci-bajakovo,2026-07-13T22:30,30,30 min,anonymous,2026-07-13T20:39:56+00:00
batrovci-bajakovo,2026-07-13T23:28,25,25 min,anonymous_,2026-07-13T21:39:57+00:00
batrovci-bajakovo,2026-07-14T00:27,20,20 min,anonymous_,2026-07-13T22:45:00+00:00
batrovci-bajakovo,2026-07-14T01:25,15,15 min,anonymous_,2026-07-13T23:31:43+00:00
batrovci-bajakovo,2026-07-14T02:29,10,10 min,anonymous_,2026-07-14T00:41:40+00:00
batrovci-bajakovo,2026-07-14T03:28,5,5 min,anonymous_,2026-07-14T01:42:05+00:00
batrovci-bajakovo,2026-07-14T04:11,30,30 min,anonymous,2026-07-14T02:12:17+00:00
batrovci-bajakovo,2026-07-14T05:24,25,25 min,anonymous_,2026-07-14T03:41:14+00:00
batrovci-bajakovo,2026-07-14T05:56,60,60 min,anonymous,2026-07-14T03:56:20+00:00
batrovci-bajakovo,2026-07-14T06:56,55,55 min,anonymous_,2026-07-14T05:11:48+00:00
batrovci-bajakovo,2026-07-14T07:54,50,50 min,anonymous_,2026-07-14T06:00:09+00:00
batrovci-bajakovo,2026-07-14T08:55,45,45 min,anonymous_,2026-07-14T07:00:50+00:00
batrovci-bajakovo,2026-07-14T09:58,180,3 h,anonymous,2026-07-14T08:01:19+00:00
batrovci-bajakovo,2026-07-14T10:57,150,2.5 h,anonymous_,2026-07-14T09:10:27+00:00
batrovci-bajakovo,2026-07-14T11:28,10,10 min,hak_croatia,2026-07-14T09:40:39+00:00
batrovci-bajakovo,2026-07-14T11:49,10,10 min,hak_croatia,2026-07-14T09:55:45+00:00
batrovci-bajakovo,2026-07-14T12:08,10,10 min,hak_croatia,2026-07-14T10:10:50+00:00
batrovci-bajakovo,2026-07-14T12:38,10,10 min,hak_croatia,2026-07-14T10:51:34+00:00
batrovci-bajakovo,2026-07-14T13:28,10,10 min,hak_croatia,2026-07-14T11:36:54+00:00
batrovci-bajakovo,2026-07-14T13:49,10,10 min,hak_croatia,2026-07-14T11:51:07+00:00
batrovci-bajakovo,2026-07-14T14:08,10,10 min,hak_croatia,2026-07-14T12:21:19+00:00
batrovci-bajakovo,2026-07-14T14:38,10,10 min,hak_croatia,2026-07-14T12:51:30+00:00
batrovci-bajakovo,2026-07-14T15:28,10,10 min,hak_croatia,2026-07-14T13:35:17+00:00
batrovci-bajakovo,2026-07-14T15:49,10,10 min,hak_croatia,2026-07-14T13:50:24+00:00
batrovci-bajakovo,2026-07-14T16:20,210,3.5 h,anonymous,2026-07-14T14:20:38+00:00
batrovci-bajakovo,2026-07-14T16:08,10,10 min,hak_croatia,2026-07-14T14:20:38+00:00
batrovci-bajakovo,2026-07-14T16:35,240,4 h,anonymous,2026-07-14T14:35:45+00:00
batrovci-bajakovo,2026-07-14T17:57,210,3.5 h,anonymous_,2026-07-14T16:01:29+00:00
batrovci-bajakovo,2026-07-14T18:20,10,10 min,anonymous,2026-07-14T16:24:11+00:00
batrovci-bajakovo,2026-07-14T18:44,240,4 h,anonymous,2026-07-14T16:54:22+00:00
batrovci-bajakovo,2026-07-14T19:02,360,6 h,anonymous,2026-07-14T17:09:29+00:00
batrovci-bajakovo,2026-07-14T20:38,10,10 min,hak_croatia,2026-07-14T18:44:28+00:00
batrovci-bajakovo,2026-07-14T20:23,330,5.5 h,anonymous_,2026-07-14T18:44:28+00:00
batrovci-bajakovo,2026-07-14T21:19,240,4 h,anonymous,2026-07-14T19:23:41+00:00
batrovci-bajakovo,2026-07-14T22:32,240,4 h,anonymous,2026-07-14T20:35:19+00:00
batrovci-bajakovo,2026-07-14T22:25,210,3.5 h,anonymous_,2026-07-14T20:35:19+00:00
batrovci-bajakovo,2026-07-14T23:42,20,20 min,anonymous,2026-07-14T21:57:41+00:00
batrovci-bajakovo,2026-07-15T00:58,15,15 min,anonymous_,2026-07-14T23:05:32+00:00
batrovci-bajakovo,2026-07-15T01:28,30,30 min,hak_croatia,2026-07-14T23:30:24+00:00
batrovci-bajakovo,2026-07-15T01:49,30,30 min,hak_croatia,2026-07-15T00:00:47+00:00
batrovci-bajakovo,2026-07-15T02:08,30,30 min,hak_croatia,2026-07-15T00:15:53+00:00
batrovci-bajakovo,2026-07-15T02:28,30,30 min,hak_croatia,2026-07-15T00:30:58+00:00
batrovci-bajakovo,2026-07-15T02:38,30,30 min,hak_croatia,2026-07-15T00:46:05+00:00
batrovci-bajakovo,2026-07-15T02:49,30,30 min,hak_croatia,2026-07-15T00:55:53+00:00
batrovci-bajakovo,2026-07-15T03:57,25,25 min,anonymous_,2026-07-15T02:11:18+00:00
batrovci-bajakovo,2026-07-15T04:38,30,30 min,hak_croatia,2026-07-15T02:41:29+00:00
batrovci-bajakovo,2026-07-15T05:28,30,30 min,hak_croatia,2026-07-15T03:41:48+00:00
batrovci-bajakovo,2026-07-15T05:49,30,30 min,hak_croatia,2026-07-15T03:56:53+00:00
batrovci-bajakovo,2026-07-15T06:08,30,30 min,hak_croatia,2026-07-15T04:11:59+00:00
batrovci-bajakovo,2026-07-15T06:38,30,30 min,hak_croatia,2026-07-15T04:44:39+00:00
batrovci-bajakovo,2026-07-15T07:28,30,30 min,hak_croatia,2026-07-15T05:29:56+00:00
batrovci-bajakovo,2026-07-15T07:58,5,5 min,anonymous,2026-07-15T06:00:07+00:00
batrovci-bajakovo,2026-07-15T07:49,30,30 min,hak_croatia,2026-07-15T06:00:07+00:00
batrovci-bajakovo,2026-07-15T08:13,5,5 min,anonymous,2026-07-15T06:15:24+00:00
batrovci-bajakovo,2026-07-15T08:25,5,5 min,anonymous,2026-07-15T06:30:31+00:00
batrovci-bajakovo,2026-07-15T08:37,5,5 min,anonymous,2026-07-15T06:47:58+00:00
batrovci-bajakovo,2026-07-15T08:57,5,5 min,anonymous,2026-07-15T07:03:04+00:00
batrovci-bajakovo,2026-07-15T09:29,5,5 min,anonymous,2026-07-15T07:33:17+00:00
batrovci-bajakovo,2026-07-15T09:43,5,5 min,anonymous,2026-07-15T07:48:23+00:00
batrovci-bajakovo,2026-07-15T10:00,5,5 min,anonymous,2026-07-15T08:03:29+00:00
batrovci-bajakovo,2026-07-15T10:36,5,5 min,anonymous,2026-07-15T08:48:46+00:00
batrovci-bajakovo,2026-07-15T10:53,5,5 min,anonymous,2026-07-15T08:57:37+00:00
batrovci-bajakovo,2026-07-15T11:17,5,5 min,anonymous,2026-07-15T09:27:49+00:00
batrovci-bajakovo,2026-07-15T11:41,90,1.5 h,anonymous,2026-07-15T09:42:55+00:00
batrovci-bajakovo,2026-07-15T11:35,5,5 min,anonymous,2026-07-15T09:42:55+00:00
batrovci-bajakovo,2026-07-15T12:04,5,5 min,anonymous,2026-07-15T10:13:07+00:00
batrovci-bajakovo,2026-07-15T12:35,150,2.5 h,anonymous,2026-07-15T10:43:18+00:00
batrovci-bajakovo,2026-07-15T12:47,5,5 min,anonymous,2026-07-15T10:58:24+00:00
batrovci-bajakovo,2026-07-15T13:02,90,1.5 h,anonymous,2026-07-15T11:15:39+00:00
batrovci-bajakovo,2026-07-15T13:17,5,5 min,anonymous,2026-07-15T11:30:44+00:00
batrovci-bajakovo,2026-07-15T13:41,5,5 min,anonymous,2026-07-15T11:45:50+00:00
batrovci-bajakovo,2026-07-15T13:55,5,5 min,anonymous,2026-07-15T12:01:01+00:00
batrovci-bajakovo,2026-07-15T14:18,120,2 h,anonymous,2026-07-15T12:23:05+00:00
batrovci-bajakovo,2026-07-15T14:47,5,5 min,anonymous,2026-07-15T12:53:22+00:00
batrovci-bajakovo,2026-07-15T16:08,60,60 min,hak_croatia,2026-07-15T14:08:53+00:00
batrovci-bajakovo,2026-07-15T15:56,10,10 min,anonymous_,2026-07-15T14:08:53+00:00
batrovci-bajakovo,2026-07-15T16:23,5,5 min,anonymous,2026-07-15T14:23:47+00:00
batrovci-bajakovo,2026-07-15T16:09,5,5 min,anonymous,2026-07-15T14:23:47+00:00
batrovci-bajakovo,2026-07-15T17:29,15,15 min,anonymous_,2026-07-15T15:39:31+00:00
batrovci-bajakovo,2026-07-15T17:49,60,60 min,hak_croatia,2026-07-15T15:54:38+00:00
batrovci-bajakovo,2026-07-15T18:08,60,60 min,hak_croatia,2026-07-15T16:21:34+00:00
batrovci-bajakovo,2026-07-15T18:38,60,60 min,hak_croatia,2026-07-15T16:51:45+00:00
batrovci-bajakovo,2026-07-15T19:28,60,60 min,hak_croatia,2026-07-15T17:36:27+00:00
batrovci-bajakovo,2026-07-15T19:49,60,60 min,hak_croatia,2026-07-15T17:51:34+00:00
batrovci-bajakovo,2026-07-15T20:01,120,2 h,anonymous,2026-07-15T18:06:48+00:00
batrovci-bajakovo,2026-07-15T20:20,5,5 min,anonymous,2026-07-15T18:21:55+00:00
batrovci-bajakovo,2026-07-15T20:41,5,5 min,anonymous,2026-07-15T18:44:11+00:00
batrovci-bajakovo,2026-07-15T21:59,55,55 min,anonymous,2026-07-15T20:12:28+00:00
batrovci-bajakovo,2026-07-15T22:58,50,50 min,anonymous_,2026-07-15T21:12:06+00:00
batrovci-bajakovo,2026-07-15T23:55,45,45 min,anonymous_,2026-07-15T22:12:29+00:00
batrovci-bajakovo,2026-07-16T00:53,40,40 min,anonymous_,2026-07-15T23:11:06+00:00
batrovci-bajakovo,2026-07-16T01:49,10,10 min,hak_croatia,2026-07-15T23:50:54+00:00
batrovci-bajakovo,2026-07-16T01:52,90,1.5 h,anonymous,2026-07-16T00:06:00+00:00
batrovci-bajakovo,2026-07-16T02:58,60,60 min,anonymous_,2026-07-16T01:05:17+00:00
batrovci-bajakovo,2026-07-16T03:55,55,55 min,anonymous_,2026-07-16T02:05:42+00:00
batrovci-bajakovo,2026-07-16T04:08,10,10 min,hak_croatia,2026-07-16T02:20:50+00:00
batrovci-bajakovo,2026-07-16T04:38,10,10 min,hak_croatia,2026-07-16T02:51:03+00:00
batrovci-bajakovo,2026-07-16T05:28,10,10 min,hak_croatia,2026-07-16T03:36:20+00:00
batrovci-bajakovo,2026-07-16T05:49,10,10 min,hak_croatia,2026-07-16T03:51:27+00:00
batrovci-bajakovo,2026-07-16T06:08,10,10 min,hak_croatia,2026-07-16T04:21:39+00:00
batrovci-bajakovo,2026-07-16T06:38,10,10 min,hak_croatia,2026-07-16T04:52:45+00:00
batrovci-bajakovo,2026-07-16T07:28,10,10 min,hak_croatia,2026-07-16T05:38:03+00:00
batrovci-bajakovo,2026-07-16T07:49,10,10 min,hak_croatia,2026-07-16T05:53:09+00:00
batrovci-bajakovo,2026-07-16T08:08,10,10 min,hak_croatia,2026-07-16T06:08:16+00:00
batrovci-bajakovo,2026-07-16T08:38,10,10 min,hak_croatia,2026-07-16T06:38:37+00:00
batrovci-bajakovo,2026-07-16T09:00,150,2.5 h,anonymous,2026-07-16T07:06:06+00:00
batrovci-bajakovo,2026-07-16T09:57,120,2 h,anonymous_,2026-07-16T08:06:30+00:00
batrovci-bajakovo,2026-07-16T10:08,10,10 min,hak_croatia,2026-07-16T08:21:37+00:00
batrovci-bajakovo,2026-07-16T10:46,90,1.5 h,anonymous,2026-07-16T08:51:58+00:00
batrovci-bajakovo,2026-07-16T10:38,10,10 min,hak_croatia,2026-07-16T08:51:58+00:00
batrovci-bajakovo,2026-07-16T10:55,5,5 min,anonymous,2026-07-16T09:07:05+00:00
batrovci-bajakovo,2026-07-16T11:50,120,2 h,anonymous,2026-07-16T09:56:02+00:00
batrovci-bajakovo,2026-07-16T11:47,5,5 min,anonymous,2026-07-16T09:56:02+00:00
batrovci-bajakovo,2026-07-16T12:02,5,5 min,anonymous,2026-07-16T10:11:16+00:00
batrovci-bajakovo,2026-07-16T11:56,5,5 min,anonymous,2026-07-16T10:11:16+00:00
batrovci-bajakovo,2026-07-16T12:40,180,3 h,anonymous,2026-07-16T10:41:29+00:00
batrovci-bajakovo,2026-07-16T12:34,5,5 min,anonymous,2026-07-16T10:41:29+00:00
batrovci-bajakovo,2026-07-16T12:29,150,2.5 h,anonymous,2026-07-16T10:41:29+00:00
batrovci-bajakovo,2026-07-16T13:08,5,5 min,anonymous,2026-07-16T11:11:41+00:00
batrovci-bajakovo,2026-07-16T12:59,5,5 min,anonymous,2026-07-16T11:11:41+00:00
batrovci-bajakovo,2026-07-16T13:15,5,5 min,anonymous,2026-07-16T11:20:13+00:00
batrovci-bajakovo,2026-07-16T13:30,5,5 min,anonymous,2026-07-16T11:35:20+00:00
batrovci-bajakovo,2026-07-16T14:05,180,3 h,anonymous,2026-07-16T12:05:33+00:00
batrovci-bajakovo,2026-07-16T13:55,5,5 min,anonymous,2026-07-16T12:05:33+00:00
batrovci-bajakovo,2026-07-16T14:15,5,5 min,anonymous,2026-07-16T12:20:40+00:00
batrovci-bajakovo,2026-07-16T14:33,120,2 h,anonymous,2026-07-16T12:35:47+00:00
batrovci-bajakovo,2026-07-16T14:31,120,2 h,anonymous,2026-07-16T12:35:47+00:00
batrovci-bajakovo,2026-07-16T14:39,5,5 min,anonymous,2026-07-16T12:50:53+00:00
batrovci-bajakovo,2026-07-16T14:36,5,5 min,anonymous,2026-07-16T12:50:53+00:00
batrovci-bajakovo,2026-07-16T15:11,120,2 h,anonymous,2026-07-16T13:12:09+00:00
batrovci-bajakovo,2026-07-16T15:09,5,5 min,anonymous,2026-07-16T13:12:09+00:00
batrovci-bajakovo,2026-07-16T15:16,5,5 min,anonymous,2026-07-16T13:27:15+00:00
batrovci-bajakovo,2026-07-16T15:48,5,5 min,anonymous,2026-07-16T13:57:27+00:00
batrovci-bajakovo,2026-07-16T16:53,15,15 min,anonymous_,2026-07-16T15:10:45+00:00
batrovci-bajakovo,2026-07-16T17:20,60,60 min,anonymous,2026-07-16T15:25:52+00:00
batrovci-bajakovo,2026-07-16T18:06,5,5 min,anonymous,2026-07-16T16:11:14+00:00
batrovci-bajakovo,2026-07-16T18:19,5,5 min,anonymous,2026-07-16T16:26:21+00:00
batrovci-bajakovo,2026-07-16T18:35,5,5 min,anonymous,2026-07-16T16:41:28+00:00
batrovci-bajakovo,2026-07-16T18:44,5,5 min,anonymous,2026-07-16T16:45:51+00:00
batrovci-bajakovo,2026-07-16T19:10,5,5 min,anonymous,2026-07-16T17:16:14+00:00
batrovci-bajakovo,2026-07-16T19:21,5,5 min,anonymous,2026-07-16T17:31:21+00:00
batrovci-bajakovo,2026-07-16T19:16,60,60 min,anonymous,2026-07-16T17:31:21+00:00
batrovci-bajakovo,2026-07-16T20:18,5,5 min,anonymous,2026-07-16T18:27:01+00:00
batrovci-bajakovo,2026-07-16T20:41,60,60 min,anonymous,2026-07-16T18:42:08+00:00
batrovci-bajakovo,2026-07-16T21:39,5,5 min,anonymous,2026-07-16T19:46:41+00:00
batrovci-bajakovo,2026-07-16T22:06,5,5 min,anonymous,2026-07-16T20:16:53+00:00
batrovci-bajakovo,2026-07-16T22:20,20,20 min,anonymous,2026-07-16T20:30:44+00:00
batrovci-bajakovo,2026-07-16T22:33,5,5 min,anonymous,2026-07-16T20:45:49+00:00
batrovci-bajakovo,2026-07-16T23:02,5,5 min,anonymous,2026-07-16T21:16:01+00:00
batrovci-bajakovo,2026-07-16T23:33,5,5 min,anonymous,2026-07-16T21:40:43+00:00
batrovci-bajakovo,2026-07-16T23:33,30,30 min,anonymous,2026-07-16T21:40:43+00:00
batrovci-bajakovo,2026-07-17T00:56,15,15 min,anonymous_,2026-07-16T23:12:58+00:00
batrovci-bajakovo,2026-07-17T01:28,30,30 min,hak_croatia,2026-07-16T23:28:03+00:00
batrovci-bajakovo,2026-07-17T01:49,30,30 min,hak_croatia,2026-07-16T23:58:00+00:00
batrovci-bajakovo,2026-07-17T02:08,30,30 min,hak_croatia,2026-07-17T00:13:06+00:00
batrovci-bajakovo,2026-07-17T02:28,30,30 min,hak_croatia,2026-07-17T00:28:12+00:00
batrovci-bajakovo,2026-07-17T02:38,30,30 min,hak_croatia,2026-07-17T00:43:36+00:00
batrovci-bajakovo,2026-07-17T02:46,150,2.5 h,anonymous,2026-07-17T00:58:41+00:00
batrovci-bajakovo,2026-07-17T03:53,120,2 h,anonymous_,2026-07-17T02:01:10+00:00
batrovci-bajakovo,2026-07-17T04:08,30,30 min,hak_croatia,2026-07-17T02:16:15+00:00
batrovci-bajakovo,2026-07-17T04:38,30,30 min,hak_croatia,2026-07-17T02:46:26+00:00
batrovci-bajakovo,2026-07-17T05:28,30,30 min,hak_croatia,2026-07-17T03:31:42+00:00
batrovci-bajakovo,2026-07-17T05:49,30,30 min,hak_croatia,2026-07-17T04:01:52+00:00
batrovci-bajakovo,2026-07-17T06:08,30,30 min,hak_croatia,2026-07-17T04:16:58+00:00
batrovci-bajakovo,2026-07-17T06:24,45,45 min,anonymous,2026-07-17T04:30:22+00:00
batrovci-bajakovo,2026-07-17T07:26,90,1.5 h,anonymous,2026-07-17T05:30:48+00:00
batrovci-bajakovo,2026-07-17T07:50,5,5 min,anonymous,2026-07-17T06:01:01+00:00
batrovci-bajakovo,2026-07-17T08:54,15,15 min,anonymous_,2026-07-17T07:00:52+00:00
batrovci-bajakovo,2026-07-17T09:28,60,60 min,hak_croatia,2026-07-17T07:31:38+00:00
batrovci-bajakovo,2026-07-17T09:49,60,60 min,hak_croatia,2026-07-17T08:01:52+00:00
batrovci-bajakovo,2026-07-17T10:04,50,50 min,anonymous,2026-07-17T08:16:59+00:00
batrovci-bajakovo,2026-07-17T10:41,150,2.5 h,anonymous,2026-07-17T08:47:13+00:00
batrovci-bajakovo,2026-07-17T11:00,50,50 min,anonymous,2026-07-17T09:02:20+00:00
batrovci-bajakovo,2026-07-17T11:57,45,45 min,anonymous_,2026-07-17T10:04:06+00:00
batrovci-bajakovo,2026-07-17T12:08,60,60 min,hak_croatia,2026-07-17T10:19:13+00:00
batrovci-bajakovo,2026-07-17T12:38,60,60 min,hak_croatia,2026-07-17T10:49:27+00:00
batrovci-bajakovo,2026-07-17T13:28,60,60 min,hak_croatia,2026-07-17T11:29:44+00:00
batrovci-bajakovo,2026-07-17T13:53,150,2.5 h,anonymous,2026-07-17T11:59:56+00:00
batrovci-bajakovo,2026-07-17T13:48,150,2.5 h,anonymous,2026-07-17T11:59:56+00:00
batrovci-bajakovo,2026-07-17T14:55,120,2 h,anonymous_,2026-07-17T13:04:18+00:00
batrovci-bajakovo,2026-07-17T15:28,120,2 h,hak_croatia,2026-07-17T13:34:33+00:00
batrovci-bajakovo,2026-07-17T15:49,120,2 h,hak_croatia,2026-07-17T13:49:40+00:00
batrovci-bajakovo,2026-07-17T16:08,120,2 h,hak_croatia,2026-07-17T14:08:32+00:00
batrovci-bajakovo,2026-07-17T16:38,120,2 h,hak_croatia,2026-07-17T14:38:43+00:00
batrovci-bajakovo,2026-07-17T17:20,150,2.5 h,anonymous,2026-07-17T15:24:01+00:00
batrovci-bajakovo,2026-07-17T18:29,120,2 h,anonymous_,2026-07-17T16:34:03+00:00
batrovci-bajakovo,2026-07-17T18:38,120,2 h,hak_croatia,2026-07-17T16:49:09+00:00
batrovci-bajakovo,2026-07-17T19:28,120,2 h,hak_croatia,2026-07-17T17:39:56+00:00
batrovci-bajakovo,2026-07-17T19:49,120,2 h,hak_croatia,2026-07-17T17:55:03+00:00
batrovci-bajakovo,2026-07-17T20:08,30,30 min,hak_croatia,2026-07-17T18:10:09+00:00
batrovci-bajakovo,2026-07-17T20:38,30,30 min,hak_croatia,2026-07-17T18:44:42+00:00
batrovci-bajakovo,2026-07-17T20:58,150,2.5 h,anonymous,2026-07-17T18:59:49+00:00
batrovci-bajakovo,2026-07-17T21:26,120,2 h,anonymous,2026-07-17T19:30:02+00:00
batrovci-bajakovo,2026-07-17T21:33,360,6 h,anonymous,2026-07-17T19:36:56+00:00
batrovci-bajakovo,2026-07-17T22:55,330,5.5 h,anonymous_,2026-07-17T21:01:34+00:00
batrovci-bajakovo,2026-07-17T23:16,90,1.5 h,anonymous,2026-07-17T21:26:58+00:00
batrovci-bajakovo,2026-07-18T00:38,30,30 min,hak_croatia,2026-07-17T22:42:44+00:00
batrovci-bajakovo,2026-07-18T00:23,60,60 min,anonymous_,2026-07-17T22:42:44+00:00
batrovci-bajakovo,2026-07-18T01:28,30,30 min,hak_croatia,2026-07-17T23:28:00+00:00
batrovci-bajakovo,2026-07-18T01:49,30,30 min,hak_croatia,2026-07-18T00:00:40+00:00
batrovci-bajakovo,2026-07-18T02:08,30,30 min,hak_croatia,2026-07-18T00:15:48+00:00
batrovci-bajakovo,2026-07-18T02:28,30,30 min,hak_croatia,2026-07-18T00:30:55+00:00
batrovci-bajakovo,2026-07-18T02:38,30,30 min,hak_croatia,2026-07-18T00:46:02+00:00
batrovci-bajakovo,2026-07-18T02:49,30,30 min,hak_croatia,2026-07-18T01:01:08+00:00
batrovci-bajakovo,2026-07-18T03:04,180,3 h,anonymous,2026-07-18T01:17:42+00:00
batrovci-bajakovo,2026-07-18T04:29,150,2.5 h,anonymous_,2026-07-18T02:33:14+00:00
batrovci-bajakovo,2026-07-18T04:38,10,10 min,hak_croatia,2026-07-18T02:48:21+00:00
batrovci-bajakovo,2026-07-18T05:28,10,10 min,hak_croatia,2026-07-18T03:33:40+00:00
batrovci-bajakovo,2026-07-18T05:49,10,10 min,hak_croatia,2026-07-18T04:03:52+00:00
batrovci-bajakovo,2026-07-18T06:08,10,10 min,hak_croatia,2026-07-18T04:10:30+00:00
batrovci-bajakovo,2026-07-18T06:38,10,10 min,hak_croatia,2026-07-18T04:40:41+00:00
batrovci-bajakovo,2026-07-18T07:33,30,30 min,anonymous,2026-07-18T05:41:02+00:00
batrovci-bajakovo,2026-07-18T07:28,10,10 min,hak_croatia,2026-07-18T05:41:02+00:00
batrovci-bajakovo,2026-07-18T08:32,60,60 min,anonymous,2026-07-18T06:39:39+00:00
batrovci-bajakovo,2026-07-18T10:08,30,30 min,hak_croatia,2026-07-18T08:10:22+00:00
batrovci-bajakovo,2026-07-18T09:53,55,55 min,anonymous_,2026-07-18T08:10:22+00:00
batrovci-bajakovo,2026-07-18T10:38,30,30 min,hak_croatia,2026-07-18T08:40:29+00:00
batrovci-bajakovo,2026-07-18T11:28,30,30 min,hak_croatia,2026-07-18T09:40:57+00:00
batrovci-bajakovo,2026-07-18T11:42,35,35 min,anonymous,2026-07-18T09:56:05+00:00
batrovci-bajakovo,2026-07-18T11:59,5,5 min,anonymous,2026-07-18T10:02:35+00:00
batrovci-bajakovo,2026-07-18T12:39,5,5 min,anonymous,2026-07-18T10:47:52+00:00
batrovci-bajakovo,2026-07-18T12:50,45,45 min,anonymous,2026-07-18T11:02:58+00:00
batrovci-bajakovo,2026-07-18T13:55,40,40 min,anonymous_,2026-07-18T12:01:02+00:00
batrovci-bajakovo,2026-07-18T14:08,30,30 min,hak_croatia,2026-07-18T12:09:02+00:00
batrovci-bajakovo,2026-07-18T14:27,60,60 min,anonymous,2026-07-18T12:39:14+00:00
batrovci-bajakovo,2026-07-18T14:52,30,30 min,anonymous,2026-07-18T12:54:20+00:00
batrovci-bajakovo,2026-07-18T16:08,60,60 min,hak_croatia,2026-07-18T14:09:16+00:00
batrovci-bajakovo,2026-07-18T15:59,25,25 min,anonymous_,2026-07-18T14:09:16+00:00
batrovci-bajakovo,2026-07-18T16:38,10,10 min,hak_croatia,2026-07-18T14:39:31+00:00
batrovci-bajakovo,2026-07-18T17:28,10,10 min,hak_croatia,2026-07-18T15:38:08+00:00
batrovci-bajakovo,2026-07-18T17:49,10,10 min,hak_croatia,2026-07-18T15:53:14+00:00
batrovci-bajakovo,2026-07-18T18:08,10,10 min,hak_croatia,2026-07-18T16:08:21+00:00
batrovci-bajakovo,2026-07-18T18:38,10,10 min,hak_croatia,2026-07-18T16:45:39+00:00
batrovci-bajakovo,2026-07-18T19:28,10,10 min,hak_croatia,2026-07-18T17:41:23+00:00
batrovci-bajakovo,2026-07-18T19:49,10,10 min,hak_croatia,2026-07-18T17:56:29+00:00
batrovci-bajakovo,2026-07-18T20:08,10,10 min,hak_croatia,2026-07-18T18:11:38+00:00
batrovci-bajakovo,2026-07-18T20:38,10,10 min,hak_croatia,2026-07-18T18:47:36+00:00
batrovci-bajakovo,2026-07-18T21:28,10,10 min,hak_croatia,2026-07-18T19:32:58+00:00
batrovci-bajakovo,2026-07-18T21:49,10,10 min,hak_croatia,2026-07-18T20:02:24+00:00
batrovci-bajakovo,2026-07-18T22:08,10,10 min,hak_croatia,2026-07-18T20:17:29+00:00
batrovci-bajakovo,2026-07-18T22:38,10,10 min,hak_croatia,2026-07-18T20:48:15+00:00
batrovci-bajakovo,2026-07-18T23:28,10,10 min,hak_croatia,2026-07-18T21:30:00+00:00
batrovci-bajakovo,2026-07-18T23:49,10,10 min,hak_croatia,2026-07-18T22:01:44+00:00
batrovci-bajakovo,2026-07-19T00:08,30,30 min,hak_croatia,2026-07-18T22:16:51+00:00
batrovci-bajakovo,2026-07-19T00:38,30,30 min,hak_croatia,2026-07-18T22:43:34+00:00
batrovci-bajakovo,2026-07-19T01:28,30,30 min,hak_croatia,2026-07-18T23:28:54+00:00
batrovci-bajakovo,2026-07-19T01:49,30,30 min,hak_croatia,2026-07-19T00:02:41+00:00
batrovci-bajakovo,2026-07-19T02:14,10,10 min,anonymous,2026-07-19T00:17:47+00:00
batrovci-bajakovo,2026-07-19T02:08,30,30 min,hak_croatia,2026-07-19T00:17:47+00:00
batrovci-bajakovo,2026-07-19T03:29,5,5 min,anonymous_,2026-07-19T01:37:32+00:00
batrovci-bajakovo,2026-07-19T04:08,30,30 min,hak_croatia,2026-07-19T02:22:51+00:00
batrovci-bajakovo,2026-07-19T04:38,30,30 min,hak_croatia,2026-07-19T02:53:05+00:00
batrovci-bajakovo,2026-07-19T05:33,120,2 h,anonymous,2026-07-19T03:38:24+00:00
batrovci-bajakovo,2026-07-19T05:28,60,60 min,hak_croatia,2026-07-19T03:38:24+00:00
batrovci-bajakovo,2026-07-19T06:54,90,1.5 h,anonymous_,2026-07-19T05:02:55+00:00
batrovci-bajakovo,2026-07-19T07:28,60,60 min,hak_croatia,2026-07-19T05:33:07+00:00
batrovci-bajakovo,2026-07-19T07:49,60,60 min,hak_croatia,2026-07-19T06:03:22+00:00
batrovci-bajakovo,2026-07-19T08:08,60,60 min,hak_croatia,2026-07-19T06:18:28+00:00
batrovci-bajakovo,2026-07-19T08:38,60,60 min,hak_croatia,2026-07-19T06:48:40+00:00
batrovci-bajakovo,2026-07-19T09:28,60,60 min,hak_croatia,2026-07-19T07:40:17+00:00
batrovci-bajakovo,2026-07-19T09:49,60,60 min,hak_croatia,2026-07-19T07:55:23+00:00
batrovci-bajakovo,2026-07-19T10:08,60,60 min,hak_croatia,2026-07-19T08:10:35+00:00
batrovci-bajakovo,2026-07-19T10:38,60,60 min,hak_croatia,2026-07-19T08:40:48+00:00
batrovci-bajakovo,2026-07-19T11:06,90,1.5 h,anonymous,2026-07-19T09:11:24+00:00
batrovci-bajakovo,2026-07-19T10:57,240,4 h,anonymous,2026-07-19T09:11:24+00:00
batrovci-bajakovo,2026-07-19T11:56,180,3 h,anonymous,2026-07-19T10:07:39+00:00
batrovci-bajakovo,2026-07-19T12:59,150,2.5 h,anonymous_,2026-07-19T11:05:31+00:00
batrovci-bajakovo,2026-07-19T13:28,60,60 min,hak_croatia,2026-07-19T11:35:44+00:00
batrovci-bajakovo,2026-07-19T13:57,120,2 h,anonymous,2026-07-19T12:02:23+00:00
batrovci-bajakovo,2026-07-19T13:49,60,60 min,hak_croatia,2026-07-19T12:02:23+00:00
batrovci-bajakovo,2026-07-19T14:22,240,4 h,anonymous,2026-07-19T12:32:37+00:00
batrovci-bajakovo,2026-07-19T15:02,120,2 h,anonymous,2026-07-19T13:11:35+00:00
batrovci-bajakovo,2026-07-19T15:18,240,4 h,anonymous,2026-07-19T13:26:41+00:00
batrovci-bajakovo,2026-07-19T16:27,210,3.5 h,anonymous_,2026-07-19T14:31:22+00:00
batrovci-bajakovo,2026-07-19T16:38,60,60 min,hak_croatia,2026-07-19T14:46:28+00:00
batrovci-bajakovo,2026-07-19T16:57,240,4 h,anonymous,2026-07-19T15:01:38+00:00
batrovci-bajakovo,2026-07-19T17:23,360,6 h,anonymous,2026-07-19T15:27:22+00:00
batrovci-bajakovo,2026-07-19T18:29,330,5.5 h,anonymous_,2026-07-19T16:31:29+00:00
batrovci-bajakovo,2026-07-19T18:42,60,60 min,anonymous,2026-07-19T16:46:36+00:00
batrovci-bajakovo,2026-07-19T18:38,60,60 min,hak_croatia,2026-07-19T16:46:36+00:00
batrovci-bajakovo,2026-07-19T19:14,120,2 h,anonymous,2026-07-19T17:16:50+00:00
batrovci-bajakovo,2026-07-19T19:25,20,20 min,anonymous,2026-07-19T17:31:57+00:00
batrovci-bajakovo,2026-07-19T20:28,15,15 min,anonymous_,2026-07-19T18:36:40+00:00
batrovci-bajakovo,2026-07-19T20:38,60,60 min,hak_croatia,2026-07-19T18:51:47+00:00
batrovci-bajakovo,2026-07-19T21:28,60,60 min,hak_croatia,2026-07-19T19:37:06+00:00
batrovci-bajakovo,2026-07-19T21:49,60,60 min,hak_croatia,2026-07-19T19:51:04+00:00
batrovci-bajakovo,2026-07-19T22:59,55,55 min,anonymous_,2026-07-19T21:07:12+00:00
batrovci-bajakovo,2026-07-19T23:56,50,50 min,anonymous_,2026-07-19T22:03:07+00:00
batrovci-bajakovo,2026-07-20T00:59,45,45 min,anonymous_,2026-07-19T23:01:35+00:00
batrovci-bajakovo,2026-07-20T01:28,30,30 min,hak_croatia,2026-07-19T23:31:48+00:00
batrovci-bajakovo,2026-07-20T01:44,40,40 min,anonymous,2026-07-19T23:49:42+00:00
batrovci-bajakovo,2026-07-20T02:04,60,60 min,anonymous,2026-07-20T00:04:49+00:00
batrovci-bajakovo,2026-07-20T03:27,10,10 min,anonymous,2026-07-20T01:40:37+00:00
batrovci-bajakovo,2026-07-20T04:38,30,30 min,hak_croatia,2026-07-20T02:41:02+00:00
batrovci-bajakovo,2026-07-20T04:26,5,5 min,anonymous_,2026-07-20T02:41:02+00:00
batrovci-bajakovo,2026-07-20T05:28,30,30 min,hak_croatia,2026-07-20T03:41:27+00:00
batrovci-bajakovo,2026-07-20T05:49,30,30 min,hak_croatia,2026-07-20T03:56:34+00:00
batrovci-bajakovo,2026-07-20T06:08,30,30 min,hak_croatia,2026-07-20T04:11:41+00:00
batrovci-bajakovo,2026-07-20T06:38,30,30 min,hak_croatia,2026-07-20T04:41:54+00:00
batrovci-bajakovo,2026-07-20T07:34,60,60 min,anonymous,2026-07-20T05:41:25+00:00
batrovci-bajakovo,2026-07-20T07:28,30,30 min,hak_croatia,2026-07-20T05:41:25+00:00
batrovci-bajakovo,2026-07-20T09:09,90,1.5 h,anonymous,2026-07-20T07:12:08+00:00
batrovci-bajakovo,2026-07-20T08:54,55,55 min,anonymous_,2026-07-20T07:12:08+00:00
batrovci-bajakovo,2026-07-20T10:29,180,3 h,anonymous,2026-07-20T08:30:56+00:00
batrovci-bajakovo,2026-07-20T11:21,150,2.5 h,anonymous,2026-07-20T09:31:20+00:00
batrovci-bajakovo,2026-07-20T12:19,5,5 min,anonymous,2026-07-20T10:31:43+00:00
batrovci-bajakovo,2026-07-20T12:43,5,5 min,anonymous,2026-07-20T10:46:49+00:00
batrovci-bajakovo,2026-07-20T13:01,5,5 min,anonymous,2026-07-20T11:01:54+00:00
batrovci-bajakovo,2026-07-20T13:13,5,5 min,anonymous,2026-07-20T11:17:19+00:00
batrovci-bajakovo,2026-07-20T13:35,5,5 min,anonymous,2026-07-20T11:47:33+00:00
batrovci-bajakovo,2026-07-20T14:21,60,60 min,anonymous,2026-07-20T12:32:53+00:00
batrovci-bajakovo,2026-07-20T14:21,5,5 min,anonymous,2026-07-20T12:32:53+00:00
batrovci-bajakovo,2026-07-20T14:45,60,60 min,anonymous,2026-07-20T12:47:59+00:00
batrovci-bajakovo,2026-07-20T14:44,5,5 min,anonymous,2026-07-20T12:47:59+00:00
batrovci-bajakovo,2026-07-20T14:51,60,60 min,anonymous,2026-07-20T13:03:06+00:00
batrovci-bajakovo,2026-07-20T15:17,5,5 min,anonymous,2026-07-20T13:18:13+00:00
batrovci-bajakovo,2026-07-20T15:48,90,1.5 h,anonymous,2026-07-20T13:50:58+00:00
batrovci-bajakovo,2026-07-20T16:01,150,2.5 h,anonymous,2026-07-20T14:06:04+00:00
batrovci-bajakovo,2026-07-20T16:01,120,2 h,anonymous,2026-07-20T14:06:04+00:00
batrovci-bajakovo,2026-07-20T16:00,150,2.5 h,anonymous,2026-07-20T14:06:04+00:00
batrovci-bajakovo,2026-07-20T15:51,5,5 min,anonymous,2026-07-20T14:06:04+00:00
batrovci-bajakovo,2026-07-20T16:18,150,2.5 h,anonymous,2026-07-20T14:21:11+00:00
batrovci-bajakovo,2026-07-20T16:17,5,5 min,anonymous,2026-07-20T14:21:11+00:00
batrovci-bajakovo,2026-07-20T16:44,5,5 min,anonymous,2026-07-20T14:51:23+00:00
batrovci-bajakovo,2026-07-20T18:08,30,30 min,hak_croatia,2026-07-20T16:10:14+00:00
batrovci-bajakovo,2026-07-20T17:53,15,15 min,anonymous_,2026-07-20T16:10:14+00:00
batrovci-bajakovo,2026-07-20T18:38,30,30 min,hak_croatia,2026-07-20T16:40:28+00:00
batrovci-bajakovo,2026-07-20T19:28,60,60 min,hak_croatia,2026-07-20T17:35:17+00:00
batrovci-bajakovo,2026-07-20T19:49,60,60 min,hak_croatia,2026-07-20T17:50:24+00:00
batrovci-bajakovo,2026-07-20T20:08,60,60 min,hak_croatia,2026-07-20T18:20:38+00:00
batrovci-bajakovo,2026-07-20T20:38,30,30 min,hak_croatia,2026-07-20T18:50:52+00:00
batrovci-bajakovo,2026-07-20T21:28,30,30 min,hak_croatia,2026-07-20T19:35:44+00:00
batrovci-bajakovo,2026-07-20T21:49,30,30 min,hak_croatia,2026-07-20T19:50:50+00:00
batrovci-bajakovo,2026-07-20T22:08,30,30 min,hak_croatia,2026-07-20T20:21:02+00:00
batrovci-bajakovo,2026-07-20T22:38,30,30 min,hak_croatia,2026-07-20T20:38:48+00:00
batrovci-bajakovo,2026-07-20T23:28,30,30 min,hak_croatia,2026-07-20T21:39:24+00:00
batrovci-bajakovo,2026-07-20T23:49,30,30 min,hak_croatia,2026-07-20T21:53:07+00:00
batrovci-bajakovo,2026-07-21T00:08,30,30 min,hak_croatia,2026-07-20T22:08:14+00:00
batrovci-bajakovo,2026-07-21T00:38,30,30 min,hak_croatia,2026-07-20T22:38:44+00:00
batrovci-bajakovo,2026-07-21T01:28,10,10 min,hak_croatia,2026-07-20T23:40:59+00:00
batrovci-bajakovo,2026-07-21T01:49,10,10 min,hak_croatia,2026-07-20T23:56:05+00:00
batrovci-bajakovo,2026-07-21T02:08,10,10 min,hak_croatia,2026-07-21T00:11:11+00:00
batrovci-bajakovo,2026-07-21T02:28,10,10 min,hak_croatia,2026-07-21T00:30:22+00:00
batrovci-bajakovo,2026-07-21T02:38,10,10 min,hak_croatia,2026-07-21T00:45:29+00:00
batrovci-bajakovo,2026-07-21T02:49,10,10 min,hak_croatia,2026-07-21T01:00:35+00:00
batrovci-bajakovo,2026-07-21T03:56,5,5 min,anonymous_,2026-07-21T02:00:59+00:00
batrovci-bajakovo,2026-07-21T04:08,10,10 min,hak_croatia,2026-07-21T02:16:06+00:00
batrovci-bajakovo,2026-07-21T04:38,10,10 min,hak_croatia,2026-07-21T02:46:18+00:00
batrovci-bajakovo,2026-07-21T05:26,180,3 h,anonymous,2026-07-21T03:31:36+00:00
batrovci-bajakovo,2026-07-21T06:28,150,2.5 h,anonymous_,2026-07-21T04:37:13+00:00
batrovci-bajakovo,2026-07-21T06:38,30,30 min,hak_croatia,2026-07-21T04:52:18+00:00
batrovci-bajakovo,2026-07-21T07:28,30,30 min,hak_croatia,2026-07-21T05:37:35+00:00
batrovci-bajakovo,2026-07-21T07:49,90,1.5 h,hak_croatia,2026-07-21T05:52:41+00:00
batrovci-bajakovo,2026-07-21T08:08,90,1.5 h,hak_croatia,2026-07-21T06:22:28+00:00
batrovci-bajakovo,2026-07-21T08:38,20,20 min,anonymous,2026-07-21T06:52:41+00:00
batrovci-bajakovo,2026-07-21T08:38,90,1.5 h,hak_croatia,2026-07-21T06:52:41+00:00
batrovci-bajakovo,2026-07-21T10:08,60,60 min,hak_croatia,2026-07-21T08:08:13+00:00
batrovci-bajakovo,2026-07-21T09:55,15,15 min,anonymous_,2026-07-21T08:08:13+00:00
batrovci-bajakovo,2026-07-21T10:38,60,60 min,hak_croatia,2026-07-21T08:38:48+00:00
batrovci-bajakovo,2026-07-21T11:09,90,1.5 h,anonymous,2026-07-21T09:13:35+00:00
batrovci-bajakovo,2026-07-21T12:38,60,60 min,hak_croatia,2026-07-21T10:44:08+00:00
batrovci-bajakovo,2026-07-21T12:27,60,60 min,anonymous_,2026-07-21T10:44:08+00:00
batrovci-bajakovo,2026-07-21T13:28,120,2 h,hak_croatia,2026-07-21T11:36:13+00:00
batrovci-bajakovo,2026-07-21T13:49,120,2 h,hak_croatia,2026-07-21T11:51:20+00:00
batrovci-bajakovo,2026-07-21T14:08,120,2 h,hak_croatia,2026-07-21T12:21:33+00:00
batrovci-bajakovo,2026-07-21T14:38,120,2 h,hak_croatia,2026-07-21T12:50:19+00:00
batrovci-bajakovo,2026-07-21T15:12,30,30 min,anonymous,2026-07-21T13:20:33+00:00
batrovci-bajakovo,2026-07-21T16:23,25,25 min,anonymous_,2026-07-21T14:36:13+00:00
batrovci-bajakovo,2026-07-21T16:38,90,1.5 h,hak_croatia,2026-07-21T14:51:20+00:00
batrovci-bajakovo,2026-07-21T17:19,50,50 min,anonymous,2026-07-21T15:22:23+00:00
batrovci-bajakovo,2026-07-21T18:27,45,45 min,anonymous_,2026-07-21T16:32:32+00:00
batrovci-bajakovo,2026-07-21T18:38,90,1.5 h,hak_croatia,2026-07-21T16:47:39+00:00
batrovci-bajakovo,2026-07-21T19:28,90,1.5 h,hak_croatia,2026-07-21T17:32:59+00:00
batrovci-bajakovo,2026-07-21T19:49,90,1.5 h,hak_croatia,2026-07-21T18:03:56+00:00
batrovci-bajakovo,2026-07-21T20:08,90,1.5 h,hak_croatia,2026-07-21T18:19:03+00:00
batrovci-bajakovo,2026-07-21T20:38,90,1.5 h,hak_croatia,2026-07-21T18:49:16+00:00
batrovci-bajakovo,2026-07-21T21:54,60,60 min,anonymous_,2026-07-21T20:13:46+00:00
batrovci-bajakovo,2026-07-21T22:57,55,55 min,anonymous_,2026-07-21T21:08:41+00:00
batrovci-bajakovo,2026-07-21T23:55,50,50 min,anonymous_,2026-07-21T22:13:10+00:00
batrovci-bajakovo,2026-07-22T00:53,45,45 min,anonymous_,2026-07-21T23:10:36+00:00
batrovci-bajakovo,2026-07-22T01:54,40,40 min,anonymous_,2026-07-22T00:13:47+00:00
batrovci-bajakovo,2026-07-22T02:53,35,35 min,anonymous_,2026-07-22T01:11:29+00:00
batrovci-bajakovo,2026-07-22T03:59,30,30 min,anonymous_,2026-07-22T02:11:49+00:00
batrovci-bajakovo,2026-07-22T04:58,25,25 min,anonymous_,2026-07-22T03:12:11+00:00
batrovci-bajakovo,2026-07-22T06:08,10,10 min,hak_croatia,2026-07-22T04:12:31+00:00
batrovci-bajakovo,2026-07-22T05:54,20,20 min,anonymous_,2026-07-22T04:12:31+00:00
batrovci-bajakovo,2026-07-22T06:38,10,10 min,hak_croatia,2026-07-22T04:39:06+00:00
batrovci-bajakovo,2026-07-22T07:28,10,10 min,hak_croatia,2026-07-22T05:39:28+00:00
batrovci-bajakovo,2026-07-22T07:49,10,10 min,hak_croatia,2026-07-22T05:54:33+00:00
batrovci-bajakovo,2026-07-22T08:08,10,10 min,hak_croatia,2026-07-22T06:09:39+00:00
batrovci-bajakovo,2026-07-22T08:38,10,10 min,hak_croatia,2026-07-22T06:39:50+00:00
batrovci-bajakovo,2026-07-22T09:28,10,10 min,hak_croatia,2026-07-22T07:41:46+00:00
batrovci-bajakovo,2026-07-22T09:49,10,10 min,hak_croatia,2026-07-22T07:56:52+00:00
batrovci-bajakovo,2026-07-22T10:08,10,10 min,hak_croatia,2026-07-22T08:11:58+00:00
batrovci-bajakovo,2026-07-22T10:38,10,10 min,hak_croatia,2026-07-22T08:42:11+00:00
batrovci-bajakovo,2026-07-22T11:28,10,10 min,hak_croatia,2026-07-22T09:42:34+00:00
batrovci-bajakovo,2026-07-22T11:49,30,30 min,hak_croatia,2026-07-22T09:57:41+00:00
batrovci-bajakovo,2026-07-22T12:08,30,30 min,hak_croatia,2026-07-22T10:19:08+00:00
batrovci-bajakovo,2026-07-22T12:38,30,30 min,hak_croatia,2026-07-22T10:49:22+00:00
batrovci-bajakovo,2026-07-22T13:28,30,30 min,hak_croatia,2026-07-22T11:34:42+00:00
batrovci-bajakovo,2026-07-22T13:49,30,30 min,hak_croatia,2026-07-22T11:49:50+00:00
batrovci-bajakovo,2026-07-22T14:08,30,30 min,hak_croatia,2026-07-22T12:15:50+00:00
batrovci-bajakovo,2026-07-22T14:38,30,30 min,hak_croatia,2026-07-22T12:46:04+00:00
batrovci-bajakovo,2026-07-22T15:28,30,30 min,hak_croatia,2026-07-22T13:31:24+00:00
batrovci-bajakovo,2026-07-22T15:49,30,30 min,hak_croatia,2026-07-22T14:01:38+00:00
batrovci-bajakovo,2026-07-22T16:08,30,30 min,hak_croatia,2026-07-22T14:16:46+00:00
batrovci-bajakovo,2026-07-22T16:38,30,30 min,hak_croatia,2026-07-22T14:48:40+00:00
batrovci-bajakovo,2026-07-22T17:28,30,30 min,hak_croatia,2026-07-22T15:34:00+00:00
batrovci-bajakovo,2026-07-22T17:49,30,30 min,hak_croatia,2026-07-22T15:49:07+00:00
batrovci-bajakovo,2026-07-22T18:08,30,30 min,hak_croatia,2026-07-22T16:10:06+00:00
batrovci-bajakovo,2026-07-22T18:38,30,30 min,hak_croatia,2026-07-22T16:40:20+00:00
batrovci-bajakovo,2026-07-22T19:28,10,10 min,hak_croatia,2026-07-22T17:36:52+00:00
batrovci-bajakovo,2026-07-22T19:49,10,10 min,hak_croatia,2026-07-22T17:51:59+00:00
batrovci-bajakovo,2026-07-22T20:08,10,10 min,hak_croatia,2026-07-22T18:22:14+00:00
batrovci-bajakovo,2026-07-22T20:38,10,10 min,hak_croatia,2026-07-22T18:46:24+00:00
batrovci-bajakovo,2026-07-22T21:28,10,10 min,hak_croatia,2026-07-22T19:31:44+00:00
batrovci-bajakovo,2026-07-22T21:49,10,10 min,hak_croatia,2026-07-22T20:02:01+00:00
batrovci-bajakovo,2026-07-22T21:49,10,10 min,hak_croatia,2026-07-22T20:02:40+00:00
batrovci-bajakovo,2026-07-22T22:08,10,10 min,hak_croatia,2026-07-22T20:17:46+00:00
batrovci-bajakovo,2026-07-22T22:38,10,10 min,hak_croatia,2026-07-22T20:47:58+00:00
batrovci-bajakovo,2026-07-22T23:28,10,10 min,hak_croatia,2026-07-22T21:33:38+00:00
batrovci-bajakovo,2026-07-22T23:49,10,10 min,hak_croatia,2026-07-22T22:03:50+00:00
batrovci-bajakovo,2026-07-23T00:59,5,5 min,anonymous_,2026-07-22T23:14:38+00:00
batrovci-bajakovo,2026-07-23T01:53,10,10 min,anonymous_,2026-07-23T00:05:04+00:00
batrovci-bajakovo,2026-07-23T02:58,5,5 min,anonymous_,2026-07-23T01:05:26+00:00
batrovci-bajakovo,2026-07-23T04:08,10,10 min,hak_croatia,2026-07-23T02:08:47+00:00
batrovci-bajakovo,2026-07-23T03:56,15,15 min,anonymous_,2026-07-23T02:08:47+00:00
batrovci-bajakovo,2026-07-23T04:38,10,10 min,hak_croatia,2026-07-23T02:38:58+00:00
batrovci-bajakovo,2026-07-23T05:28,10,10 min,hak_croatia,2026-07-23T03:39:19+00:00
batrovci-bajakovo,2026-07-23T05:44,90,1.5 h,anonymous,2026-07-23T03:54:25+00:00
batrovci-bajakovo,2026-07-23T06:57,60,60 min,anonymous_,2026-07-23T05:11:32+00:00
batrovci-bajakovo,2026-07-23T07:28,90,1.5 h,hak_croatia,2026-07-23T05:41:43+00:00
batrovci-bajakovo,2026-07-23T07:49,90,1.5 h,hak_croatia,2026-07-23T05:56:49+00:00
batrovci-bajakovo,2026-07-23T08:08,90,1.5 h,hak_croatia,2026-07-23T06:11:54+00:00
batrovci-bajakovo,2026-07-23T08:38,90,1.5 h,hak_croatia,2026-07-23T06:42:06+00:00
batrovci-bajakovo,2026-07-23T09:28,10,10 min,hak_croatia,2026-07-23T07:40:02+00:00
batrovci-bajakovo,2026-07-23T09:49,10,10 min,hak_croatia,2026-07-23T07:55:09+00:00
batrovci-bajakovo,2026-07-23T10:08,10,10 min,hak_croatia,2026-07-23T08:10:16+00:00
batrovci-bajakovo,2026-07-23T10:38,10,10 min,hak_croatia,2026-07-23T08:40:30+00:00
batrovci-bajakovo,2026-07-23T11:28,10,10 min,hak_croatia,2026-07-23T09:41:01+00:00
batrovci-bajakovo,2026-07-23T11:49,10,10 min,hak_croatia,2026-07-23T09:56:09+00:00
batrovci-bajakovo,2026-07-23T12:08,10,10 min,hak_croatia,2026-07-23T10:17:25+00:00
batrovci-bajakovo,2026-07-23T12:18,120,2 h,anonymous,2026-07-23T10:32:31+00:00
batrovci-bajakovo,2026-07-23T13:28,90,1.5 h,anonymous_,2026-07-23T11:32:54+00:00
batrovci-bajakovo,2026-07-23T13:55,90,1.5 h,anonymous,2026-07-23T11:59:41+00:00
batrovci-bajakovo,2026-07-23T13:49,10,10 min,hak_croatia,2026-07-23T11:59:41+00:00
batrovci-bajakovo,2026-07-23T14:57,60,60 min,anonymous_,2026-07-23T13:00:08+00:00
batrovci-bajakovo,2026-07-23T15:28,120,2 h,hak_croatia,2026-07-23T13:31:10+00:00
batrovci-bajakovo,2026-07-23T15:49,120,2 h,hak_croatia,2026-07-23T14:01:24+00:00
batrovci-bajakovo,2026-07-23T16:08,120,2 h,hak_croatia,2026-07-23T14:16:30+00:00
batrovci-bajakovo,2026-07-23T16:38,120,2 h,hak_croatia,2026-07-23T14:41:22+00:00
batrovci-bajakovo,2026-07-23T17:28,120,2 h,hak_croatia,2026-07-23T15:41:49+00:00
batrovci-bajakovo,2026-07-23T17:49,60,60 min,hak_croatia,2026-07-23T15:56:55+00:00
batrovci-bajakovo,2026-07-23T18:08,60,60 min,hak_croatia,2026-07-23T16:11:37+00:00
batrovci-bajakovo,2026-07-23T18:16,150,2.5 h,anonymous,2026-07-23T16:26:45+00:00
batrovci-bajakovo,2026-07-23T19:19,90,1.5 h,anonymous,2026-07-23T17:27:11+00:00
batrovci-bajakovo,2026-07-23T20:28,60,60 min,anonymous_,2026-07-23T18:36:42+00:00
batrovci-bajakovo,2026-07-23T20:38,60,60 min,hak_croatia,2026-07-23T18:51:47+00:00
batrovci-bajakovo,2026-07-23T21:19,150,2.5 h,anonymous,2026-07-23T19:28:53+00:00
batrovci-bajakovo,2026-07-23T22:29,120,2 h,anonymous_,2026-07-23T20:33:05+00:00
batrovci-bajakovo,2026-07-23T22:38,60,60 min,hak_croatia,2026-07-23T20:48:11+00:00
batrovci-bajakovo,2026-07-23T23:28,60,60 min,hak_croatia,2026-07-23T21:31:15+00:00
batrovci-bajakovo,2026-07-23T23:49,60,60 min,hak_croatia,2026-07-23T22:01:26+00:00
batrovci-bajakovo,2026-07-24T00:08,60,60 min,hak_croatia,2026-07-23T22:16:32+00:00
batrovci-bajakovo,2026-07-24T00:38,60,60 min,hak_croatia,2026-07-23T22:49:07+00:00
batrovci-bajakovo,2026-07-24T01:13,300,5 h,anonymous,2026-07-23T23:19:18+00:00
batrovci-bajakovo,2026-07-24T02:29,270,4.5 h,anonymous_,2026-07-24T00:33:19+00:00
batrovci-bajakovo,2026-07-24T02:38,30,30 min,hak_croatia,2026-07-24T00:48:25+00:00
batrovci-bajakovo,2026-07-24T02:49,30,30 min,hak_croatia,2026-07-24T01:02:58+00:00
batrovci-bajakovo,2026-07-24T03:56,25,25 min,anonymous_,2026-07-24T02:03:22+00:00
batrovci-bajakovo,2026-07-24T04:08,60,60 min,hak_croatia,2026-07-24T02:18:29+00:00
batrovci-bajakovo,2026-07-24T04:38,60,60 min,hak_croatia,2026-07-24T02:48:41+00:00
batrovci-bajakovo,2026-07-24T05:28,30,30 min,hak_croatia,2026-07-24T03:33:59+00:00
batrovci-bajakovo,2026-07-24T05:49,30,30 min,hak_croatia,2026-07-24T03:49:06+00:00
batrovci-bajakovo,2026-07-24T06:08,30,30 min,hak_croatia,2026-07-24T04:19:30+00:00
batrovci-bajakovo,2026-07-24T06:38,30,30 min,hak_croatia,2026-07-24T04:41:55+00:00
batrovci-bajakovo,2026-07-24T07:15,60,60 min,anonymous,2026-07-24T05:27:14+00:00
batrovci-bajakovo,2026-07-24T08:38,30,30 min,hak_croatia,2026-07-24T06:42:44+00:00
batrovci-bajakovo,2026-07-24T08:26,55,55 min,anonymous_,2026-07-24T06:42:44+00:00
batrovci-bajakovo,2026-07-24T08:45,120,2 h,anonymous,2026-07-24T06:57:50+00:00
batrovci-bajakovo,2026-07-24T09:28,5,5 min,anonymous,2026-07-24T07:28:58+00:00
batrovci-bajakovo,2026-07-24T09:17,240,4 h,anonymous,2026-07-24T07:28:58+00:00
batrovci-bajakovo,2026-07-24T10:20,90,1.5 h,anonymous,2026-07-24T08:29:26+00:00
batrovci-bajakovo,2026-07-24T11:26,60,60 min,anonymous_,2026-07-24T09:39:14+00:00
batrovci-bajakovo,2026-07-24T11:49,30,30 min,hak_croatia,2026-07-24T09:54:20+00:00
batrovci-bajakovo,2026-07-24T12:08,30,30 min,hak_croatia,2026-07-24T10:09:26+00:00
batrovci-bajakovo,2026-07-24T12:25,120,2 h,anonymous,2026-07-24T10:39:38+00:00
batrovci-bajakovo,2026-07-24T13:39,180,3 h,anonymous,2026-07-24T11:42:20+00:00
batrovci-bajakovo,2026-07-24T13:26,90,1.5 h,anonymous_,2026-07-24T11:42:20+00:00
batrovci-bajakovo,2026-07-24T14:09,180,3 h,anonymous,2026-07-24T12:12:32+00:00
batrovci-bajakovo,2026-07-24T15:29,150,2.5 h,anonymous_,2026-07-24T13:34:49+00:00
batrovci-bajakovo,2026-07-24T15:49,30,30 min,hak_croatia,2026-07-24T13:49:56+00:00
batrovci-bajakovo,2026-07-24T16:14,180,3 h,anonymous,2026-07-24T14:20:47+00:00
batrovci-bajakovo,2026-07-24T16:08,30,30 min,hak_croatia,2026-07-24T14:20:47+00:00
batrovci-bajakovo,2026-07-24T16:25,35,35 min,anonymous,2026-07-24T14:35:54+00:00
batrovci-bajakovo,2026-07-24T17:28,30,30 min,anonymous_,2026-07-24T15:34:07+00:00
batrovci-bajakovo,2026-07-24T17:55,180,3 h,anonymous,2026-07-24T16:04:36+00:00
batrovci-bajakovo,2026-07-24T18:54,150,2.5 h,anonymous_,2026-07-24T17:08:43+00:00
batrovci-bajakovo,2026-07-24T19:31,120,2 h,anonymous,2026-07-24T17:38:54+00:00
batrovci-bajakovo,2026-07-24T19:28,60,60 min,hak_croatia,2026-07-24T17:38:54+00:00
batrovci-bajakovo,2026-07-24T20:58,90,1.5 h,anonymous_,2026-07-24T19:11:03+00:00
batrovci-bajakovo,2026-07-24T21:31,90,1.5 h,anonymous,2026-07-24T19:41:15+00:00
batrovci-bajakovo,2026-07-24T21:28,30,30 min,hak_croatia,2026-07-24T19:41:15+00:00
batrovci-bajakovo,2026-07-24T21:43,330,5.5 h,anonymous,2026-07-24T19:56:21+00:00
batrovci-bajakovo,2026-07-24T22:13,90,1.5 h,anonymous,2026-07-24T20:20:45+00:00
batrovci-bajakovo,2026-07-24T22:48,240,4 h,anonymous,2026-07-24T20:51:00+00:00
batrovci-bajakovo,2026-07-24T23:56,210,3.5 h,anonymous_,2026-07-24T22:04:32+00:00
batrovci-bajakovo,2026-07-25T00:08,30,30 min,hak_croatia,2026-07-24T22:19:40+00:00
batrovci-bajakovo,2026-07-25T00:38,30,30 min,hak_croatia,2026-07-24T22:46:27+00:00
batrovci-bajakovo,2026-07-25T01:28,30,30 min,hak_croatia,2026-07-24T23:31:43+00:00
batrovci-bajakovo,2026-07-25T01:49,30,30 min,hak_croatia,2026-07-24T23:52:57+00:00
batrovci-bajakovo,2026-07-25T02:08,30,30 min,hak_croatia,2026-07-25T00:08:03+00:00
batrovci-bajakovo,2026-07-25T02:38,30,30 min,hak_croatia,2026-07-25T00:38:35+00:00
batrovci-bajakovo,2026-07-25T02:28,30,30 min,hak_croatia,2026-07-25T00:38:35+00:00
batrovci-bajakovo,2026-07-25T02:49,30,30 min,hak_croatia,2026-07-25T00:53:41+00:00
batrovci-bajakovo,2026-07-25T03:57,25,25 min,anonymous_,2026-07-25T02:00:47+00:00
batrovci-bajakovo,2026-07-25T04:08,30,30 min,hak_croatia,2026-07-25T02:15:53+00:00
batrovci-bajakovo,2026-07-25T04:43,50,50 min,anonymous,2026-07-25T02:46:04+00:00
batrovci-bajakovo,2026-07-25T04:38,30,30 min,hak_croatia,2026-07-25T02:46:04+00:00
batrovci-bajakovo,2026-07-25T05:06,90,1.5 h,anonymous,2026-07-25T03:16:16+00:00
batrovci-bajakovo,2026-07-25T05:29,120,2 h,anonymous,2026-07-25T03:31:22+00:00
batrovci-bajakovo,2026-07-25T06:23,90,1.5 h,anonymous_,2026-07-25T04:31:44+00:00
batrovci-bajakovo,2026-07-25T06:38,60,60 min,hak_croatia,2026-07-25T04:48:25+00:00
batrovci-bajakovo,2026-07-25T07:28,60,60 min,hak_croatia,2026-07-25T05:33:42+00:00
batrovci-bajakovo,2026-07-25T07:40,120,2 h,anonymous,2026-07-25T05:48:48+00:00
batrovci-bajakovo,2026-07-25T08:56,90,1.5 h,anonymous_,2026-07-25T07:14:46+00:00
batrovci-bajakovo,2026-07-25T09:28,120,2 h,hak_croatia,2026-07-25T07:29:51+00:00
batrovci-bajakovo,2026-07-25T09:49,120,2 h,hak_croatia,2026-07-25T08:00:03+00:00
batrovci-bajakovo,2026-07-25T10:08,120,2 h,hak_croatia,2026-07-25T08:15:33+00:00
batrovci-bajakovo,2026-07-25T10:38,120,2 h,hak_croatia,2026-07-25T08:45:58+00:00
batrovci-bajakovo,2026-07-25T11:00,5,5 min,anonymous,2026-07-25T09:01:03+00:00
batrovci-bajakovo,2026-07-25T11:16,210,3.5 h,anonymous,2026-07-25T09:23:28+00:00
batrovci-bajakovo,2026-07-25T11:51,210,3.5 h,anonymous,2026-07-25T09:53:53+00:00
batrovci-bajakovo,2026-07-25T12:31,180,3 h,anonymous,2026-07-25T10:39:14+00:00
batrovci-bajakovo,2026-07-25T12:46,180,3 h,anonymous,2026-07-25T10:48:11+00:00
batrovci-bajakovo,2026-07-25T12:59,180,3 h,anonymous,2026-07-25T11:03:18+00:00
batrovci-bajakovo,2026-07-25T14:00,5,5 min,anonymous,2026-07-25T12:08:53+00:00
batrovci-bajakovo,2026-07-25T13:59,150,2.5 h,anonymous_,2026-07-25T12:08:53+00:00
batrovci-bajakovo,2026-07-25T14:35,180,3 h,anonymous,2026-07-25T13:56:53+00:00
batrovci-bajakovo,2026-07-25T16:08,120,2 h,hak_croatia,2026-07-25T14:12:01+00:00
batrovci-bajakovo,2026-07-25T15:57,150,2.5 h,anonymous_,2026-07-25T14:12:01+00:00
batrovci-bajakovo,2026-07-25T16:16,55,55 min,anonymous,2026-07-25T14:27:08+00:00
batrovci-bajakovo,2026-07-25T17:23,240,4 h,anonymous,2026-07-25T15:30:37+00:00
batrovci-bajakovo,2026-07-25T18:38,240,4 h,hak_croatia,2026-07-25T16:45:25+00:00
batrovci-bajakovo,2026-07-25T18:29,210,3.5 h,anonymous_,2026-07-25T16:45:25+00:00
batrovci-bajakovo,2026-07-25T19:09,270,4.5 h,anonymous,2026-07-25T17:15:36+00:00
batrovci-bajakovo,2026-07-25T20:23,240,4 h,anonymous_,2026-07-25T18:32:28+00:00
batrovci-bajakovo,2026-07-25T20:38,90,1.5 h,hak_croatia,2026-07-25T18:47:36+00:00
batrovci-bajakovo,2026-07-25T21:28,90,1.5 h,hak_croatia,2026-07-25T19:32:55+00:00
batrovci-bajakovo,2026-07-25T21:49,90,1.5 h,hak_croatia,2026-07-25T19:49:54+00:00
batrovci-bajakovo,2026-07-25T22:08,90,1.5 h,hak_croatia,2026-07-25T20:20:40+00:00
batrovci-bajakovo,2026-07-25T22:38,90,1.5 h,hak_croatia,2026-07-25T20:52:30+00:00
batrovci-bajakovo,2026-07-25T23:28,90,1.5 h,hak_croatia,2026-07-25T21:37:48+00:00
batrovci-bajakovo,2026-07-25T23:49,90,1.5 h,hak_croatia,2026-07-25T21:55:01+00:00
batrovci-bajakovo,2026-07-26T00:08,90,1.5 h,hak_croatia,2026-07-25T22:10:07+00:00
batrovci-bajakovo,2026-07-26T00:38,90,1.5 h,hak_croatia,2026-07-25T22:39:52+00:00
batrovci-bajakovo,2026-07-26T01:56,60,60 min,anonymous_,2026-07-26T00:00:37+00:00
batrovci-bajakovo,2026-07-26T02:56,55,55 min,anonymous_,2026-07-26T01:01:00+00:00
batrovci-bajakovo,2026-07-26T03:22,120,2 h,anonymous,2026-07-26T01:33:24+00:00
batrovci-bajakovo,2026-07-26T04:23,90,1.5 h,anonymous_,2026-07-26T02:33:55+00:00
batrovci-bajakovo,2026-07-26T05:26,60,60 min,anonymous_,2026-07-26T03:34:21+00:00
batrovci-bajakovo,2026-07-26T05:49,10,10 min,hak_croatia,2026-07-26T03:49:27+00:00
batrovci-bajakovo,2026-07-26T06:08,10,10 min,hak_croatia,2026-07-26T04:19:43+00:00
batrovci-bajakovo,2026-07-26T06:38,10,10 min,hak_croatia,2026-07-26T04:47:27+00:00
batrovci-bajakovo,2026-07-26T07:28,10,10 min,hak_croatia,2026-07-26T05:32:44+00:00
batrovci-bajakovo,2026-07-26T07:49,10,10 min,hak_croatia,2026-07-26T06:02:54+00:00
batrovci-bajakovo,2026-07-26T08:08,10,10 min,hak_croatia,2026-07-26T06:18:00+00:00
batrovci-bajakovo,2026-07-26T08:38,10,10 min,hak_croatia,2026-07-26T06:48:11+00:00
batrovci-bajakovo,2026-07-26T09:12,10,10 min,anonymous,2026-07-26T07:18:21+00:00
batrovci-bajakovo,2026-07-26T09:12,15,15 min,anonymous,2026-07-26T07:18:21+00:00
batrovci-bajakovo,2026-07-26T10:38,60,60 min,hak_croatia,2026-07-26T08:43:14+00:00
batrovci-bajakovo,2026-07-26T10:27,5,5 min,anonymous_,2026-07-26T08:43:14+00:00
batrovci-bajakovo,2026-07-26T11:06,180,3 h,anonymous,2026-07-26T09:13:27+00:00
batrovci-bajakovo,2026-07-26T12:23,150,2.5 h,anonymous_,2026-07-26T10:37:38+00:00
batrovci-bajakovo,2026-07-26T12:38,60,60 min,hak_croatia,2026-07-26T10:52:44+00:00
batrovci-bajakovo,2026-07-26T13:28,60,60 min,hak_croatia,2026-07-26T11:37:40+00:00
batrovci-bajakovo,2026-07-26T13:49,5,5 min,Srdjan,2026-07-26T11:52:46+00:00
batrovci-bajakovo,2026-07-26T13:49,60,60 min,hak_croatia,2026-07-26T11:52:46+00:00
batrovci-bajakovo,2026-07-26T14:59,15,15 min,anonymous_,2026-07-26T13:03:51+00:00
batrovci-bajakovo,2026-07-26T15:28,60,60 min,hak_croatia,2026-07-26T13:34:02+00:00
batrovci-bajakovo,2026-07-26T15:49,60,60 min,hak_croatia,2026-07-26T13:49:09+00:00
batrovci-bajakovo,2026-07-26T16:08,60,60 min,hak_croatia,2026-07-26T14:12:17+00:00
batrovci-bajakovo,2026-07-26T16:38,30,30 min,hak_croatia,2026-07-26T14:42:29+00:00
batrovci-bajakovo,2026-07-26T17:28,30,30 min,hak_croatia,2026-07-26T15:33:51+00:00
batrovci-bajakovo,2026-07-26T17:58,10,10 min,anonymous,2026-07-26T16:04:05+00:00
batrovci-bajakovo,2026-07-26T17:49,10,10 min,hak_croatia,2026-07-26T16:04:05+00:00
batrovci-bajakovo,2026-07-26T18:59,5,5 min,anonymous_,2026-07-26T17:02:24+00:00
batrovci-bajakovo,2026-07-26T19:28,10,10 min,hak_croatia,2026-07-26T17:32:37+00:00
batrovci-bajakovo,2026-07-26T19:49,10,10 min,hak_croatia,2026-07-26T17:54:01+00:00
batrovci-bajakovo,2026-07-26T20:08,10,10 min,hak_croatia,2026-07-26T18:09:07+00:00
batrovci-bajakovo,2026-07-26T20:38,10,10 min,hak_croatia,2026-07-26T18:39:21+00:00
batrovci-bajakovo,2026-07-26T21:28,30,30 min,hak_croatia,2026-07-26T19:31:27+00:00
batrovci-bajakovo,2026-07-26T21:49,30,30 min,hak_croatia,2026-07-26T19:59:59+00:00
batrovci-bajakovo,2026-07-26T22:08,30,30 min,hak_croatia,2026-07-26T20:15:53+00:00
batrovci-bajakovo,2026-07-26T22:38,30,30 min,hak_croatia,2026-07-26T20:46:07+00:00
batrovci-bajakovo,2026-07-26T23:28,30,30 min,hak_croatia,2026-07-26T21:38:53+00:00
batrovci-bajakovo,2026-07-26T23:49,30,30 min,hak_croatia,2026-07-26T21:53:59+00:00
batrovci-bajakovo,2026-07-27T00:08,30,30 min,hak_croatia,2026-07-26T22:09:05+00:00
batrovci-bajakovo,2026-07-27T00:38,30,30 min,hak_croatia,2026-07-26T22:46:38+00:00
batrovci-bajakovo,2026-07-27T01:28,30,30 min,hak_croatia,2026-07-26T23:31:56+00:00
batrovci-bajakovo,2026-07-27T01:49,30,30 min,hak_croatia,2026-07-27T00:02:25+00:00
batrovci-bajakovo,2026-07-27T02:08,30,30 min,hak_croatia,2026-07-27T00:17:31+00:00
batrovci-bajakovo,2026-07-27T02:28,30,30 min,hak_croatia,2026-07-27T00:32:37+00:00
batrovci-bajakovo,2026-07-27T02:38,30,30 min,hak_croatia,2026-07-27T00:47:43+00:00
batrovci-bajakovo,2026-07-27T02:49,30,30 min,hak_croatia,2026-07-27T01:01:52+00:00
batrovci-bajakovo,2026-07-27T03:54,25,25 min,anonymous_,2026-07-27T02:02:17+00:00
batrovci-bajakovo,2026-07-27T04:08,10,10 min,hak_croatia,2026-07-27T02:17:24+00:00
batrovci-bajakovo,2026-07-27T04:46,60,60 min,anonymous,2026-07-27T02:47:37+00:00
batrovci-bajakovo,2026-07-27T04:38,10,10 min,hak_croatia,2026-07-27T02:47:37+00:00
batrovci-bajakovo,2026-07-27T05:55,55,55 min,anonymous_,2026-07-27T04:03:06+00:00
batrovci-bajakovo,2026-07-27T06:08,60,60 min,hak_croatia,2026-07-27T04:18:13+00:00
batrovci-bajakovo,2026-07-27T06:38,60,60 min,hak_croatia,2026-07-27T04:48:06+00:00
batrovci-bajakovo,2026-07-27T07:28,60,60 min,hak_croatia,2026-07-27T05:33:24+00:00
batrovci-bajakovo,2026-07-27T07:49,60,60 min,hak_croatia,2026-07-27T06:03:35+00:00
batrovci-bajakovo,2026-07-27T08:08,30,30 min,hak_croatia,2026-07-27T06:18:41+00:00
batrovci-bajakovo,2026-07-27T08:38,30,30 min,hak_croatia,2026-07-27T06:48:54+00:00
batrovci-bajakovo,2026-07-27T09:28,30,30 min,hak_croatia,2026-07-27T07:34:13+00:00
batrovci-bajakovo,2026-07-27T09:49,30,30 min,hak_croatia,2026-07-27T07:49:24+00:00
batrovci-bajakovo,2026-07-27T10:08,30,30 min,hak_croatia,2026-07-27T08:17:50+00:00
batrovci-bajakovo,2026-07-27T10:38,30,30 min,hak_croatia,2026-07-27T08:48:04+00:00
batrovci-bajakovo,2026-07-27T11:28,30,30 min,hak_croatia,2026-07-27T09:33:23+00:00
batrovci-bajakovo,2026-07-27T11:49,30,30 min,hak_croatia,2026-07-27T10:03:37+00:00
batrovci-bajakovo,2026-07-27T12:08,30,30 min,hak_croatia,2026-07-27T10:18:44+00:00
batrovci-bajakovo,2026-07-27T12:38,30,30 min,hak_croatia,2026-07-27T10:48:58+00:00
batrovci-bajakovo,2026-07-27T13:28,30,30 min,hak_croatia,2026-07-27T11:34:18+00:00
batrovci-bajakovo,2026-07-27T13:49,30,30 min,hak_croatia,2026-07-27T12:00:43+00:00
batrovci-bajakovo,2026-07-27T14:08,30,30 min,hak_croatia,2026-07-27T12:15:50+00:00
batrovci-bajakovo,2026-07-27T14:38,30,30 min,hak_croatia,2026-07-27T12:46:03+00:00
batrovci-bajakovo,2026-07-27T15:28,30,30 min,hak_croatia,2026-07-27T13:31:27+00:00
batrovci-bajakovo,2026-07-27T15:49,30,30 min,hak_croatia,2026-07-27T14:01:50+00:00
batrovci-bajakovo,2026-07-27T16:08,30,30 min,hak_croatia,2026-07-27T14:16:56+00:00
batrovci-bajakovo,2026-07-27T16:38,30,30 min,hak_croatia,2026-07-27T14:47:07+00:00
batrovci-bajakovo,2026-07-27T17:28,30,30 min,hak_croatia,2026-07-27T15:32:25+00:00
batrovci-bajakovo,2026-07-27T17:49,30,30 min,hak_croatia,2026-07-27T16:02:40+00:00
batrovci-bajakovo,2026-07-27T18:08,30,30 min,hak_croatia,2026-07-27T16:17:46+00:00
batrovci-bajakovo,2026-07-27T18:38,30,30 min,hak_croatia,2026-07-27T16:46:02+00:00
batrovci-bajakovo,2026-07-27T19:28,30,30 min,hak_croatia,2026-07-27T17:31:20+00:00
batrovci-bajakovo,2026-07-27T19:49,30,30 min,hak_croatia,2026-07-27T18:01:32+00:00
batrovci-bajakovo,2026-07-27T20:08,30,30 min,hak_croatia,2026-07-27T18:09:10+00:00
batrovci-bajakovo,2026-07-27T20:38,30,30 min,hak_croatia,2026-07-27T18:39:21+00:00
batrovci-bajakovo,2026-07-27T21:28,30,30 min,hak_croatia,2026-07-27T19:39:43+00:00
batrovci-bajakovo,2026-07-27T21:49,30,30 min,hak_croatia,2026-07-27T19:54:49+00:00
batrovci-bajakovo,2026-07-27T22:08,10,10 min,hak_croatia,2026-07-27T20:14:54+00:00
batrovci-bajakovo,2026-07-27T22:38,10,10 min,hak_croatia,2026-07-27T20:45:31+00:00
batrovci-bajakovo,2026-07-27T23:28,10,10 min,hak_croatia,2026-07-27T21:35:33+00:00
batrovci-bajakovo,2026-07-27T23:49,10,10 min,hak_croatia,2026-07-27T21:50:39+00:00
batrovci-bajakovo,2026-07-28T00:08,30,30 min,hak_croatia,2026-07-27T22:20:51+00:00
batrovci-bajakovo,2026-07-28T00:38,30,30 min,hak_croatia,2026-07-27T22:46:35+00:00
batrovci-bajakovo,2026-07-28T01:28,30,30 min,hak_croatia,2026-07-27T23:31:55+00:00
batrovci-bajakovo,2026-07-28T01:49,30,30 min,hak_croatia,2026-07-27T23:55:37+00:00
batrovci-bajakovo,2026-07-28T02:08,30,30 min,hak_croatia,2026-07-28T00:10:43+00:00
batrovci-bajakovo,2026-07-28T02:38,30,30 min,hak_croatia,2026-07-28T00:40:53+00:00
batrovci-bajakovo,2026-07-28T02:28,30,30 min,hak_croatia,2026-07-28T00:40:53+00:00
batrovci-bajakovo,2026-07-28T02:49,30,30 min,hak_croatia,2026-07-28T00:55:59+00:00
batrovci-bajakovo,2026-07-28T04:08,10,10 min,hak_croatia,2026-07-28T02:10:13+00:00
batrovci-bajakovo,2026-07-28T03:56,25,25 min,anonymous_,2026-07-28T02:10:13+00:00
batrovci-bajakovo,2026-07-28T04:38,10,10 min,hak_croatia,2026-07-28T02:40:24+00:00
batrovci-bajakovo,2026-07-28T05:28,10,10 min,hak_croatia,2026-07-28T03:40:44+00:00
batrovci-bajakovo,2026-07-28T05:49,30,30 min,hak_croatia,2026-07-28T03:55:50+00:00
batrovci-bajakovo,2026-07-28T06:08,30,30 min,hak_croatia,2026-07-28T04:10:56+00:00
batrovci-bajakovo,2026-07-28T06:38,30,30 min,hak_croatia,2026-07-28T04:46:25+00:00
batrovci-bajakovo,2026-07-28T06:38,30,30 min,anonymous,2026-07-28T04:46:25+00:00
batrovci-bajakovo,2026-07-28T07:28,30,30 min,hak_croatia,2026-07-28T05:31:42+00:00
batrovci-bajakovo,2026-07-28T07:49,30,30 min,hak_croatia,2026-07-28T06:01:53+00:00
batrovci-bajakovo,2026-07-28T08:08,30,30 min,hak_croatia,2026-07-28T06:17:00+00:00
batrovci-bajakovo,2026-07-28T08:38,30,30 min,hak_croatia,2026-07-28T06:47:11+00:00
batrovci-bajakovo,2026-07-28T09:28,30,30 min,hak_croatia,2026-07-28T07:36:04+00:00
batrovci-bajakovo,2026-07-28T09:49,30,30 min,hak_croatia,2026-07-28T07:51:11+00:00
batrovci-bajakovo,2026-07-28T10:08,10,10 min,hak_croatia,2026-07-28T08:21:24+00:00
batrovci-bajakovo,2026-07-28T10:38,10,10 min,hak_croatia,2026-07-28T08:51:37+00:00
batrovci-bajakovo,2026-07-28T11:28,10,10 min,hak_croatia,2026-07-28T09:36:56+00:00
batrovci-bajakovo,2026-07-28T11:49,10,10 min,hak_croatia,2026-07-28T09:52:03+00:00
batrovci-bajakovo,2026-07-28T12:08,10,10 min,hak_croatia,2026-07-28T10:16:56+00:00
batrovci-bajakovo,2026-07-28T12:38,10,10 min,hak_croatia,2026-07-28T10:47:08+00:00
batrovci-bajakovo,2026-07-28T13:28,10,10 min,hak_croatia,2026-07-28T11:32:36+00:00
batrovci-bajakovo,2026-07-28T13:49,10,10 min,hak_croatia,2026-07-28T12:02:48+00:00
batrovci-bajakovo,2026-07-28T14:59,5,5 min,anonymous_,2026-07-28T13:07:27+00:00
batrovci-bajakovo,2026-07-28T15:18,240,4 h,anonymous,2026-07-28T13:22:34+00:00
batrovci-bajakovo,2026-07-28T15:41,240,4 h,anonymous,2026-07-28T13:52:46+00:00
batrovci-bajakovo,2026-07-28T15:55,10,10 min,anonymous,2026-07-28T14:07:53+00:00
batrovci-bajakovo,2026-07-28T16:55,5,5 min,anonymous_,2026-07-28T15:04:07+00:00
batrovci-bajakovo,2026-07-28T17:58,10,10 min,anonymous_,2026-07-28T16:04:38+00:00
batrovci-bajakovo,2026-07-28T18:54,5,5 min,anonymous_,2026-07-28T17:06:02+00:00
batrovci-bajakovo,2026-07-28T19:58,30,30 min,anonymous,2026-07-28T18:04:35+00:00
batrovci-bajakovo,2026-07-28T20:59,25,25 min,anonymous_,2026-07-28T19:14:17+00:00
batrovci-bajakovo,2026-07-28T21:28,10,10 min,hak_croatia,2026-07-28T19:29:24+00:00
batrovci-bajakovo,2026-07-28T21:49,10,10 min,hak_croatia,2026-07-28T19:59:37+00:00
batrovci-bajakovo,2026-07-28T22:08,10,10 min,hak_croatia,2026-07-28T20:14:45+00:00
batrovci-bajakovo,2026-07-28T22:38,10,10 min,hak_croatia,2026-07-28T20:52:53+00:00
batrovci-bajakovo,2026-07-28T23:28,10,10 min,hak_croatia,2026-07-28T21:36:16+00:00
batrovci-bajakovo,2026-07-28T23:49,10,10 min,hak_croatia,2026-07-28T21:51:22+00:00
batrovci-bajakovo,2026-07-29T00:08,10,10 min,hak_croatia,2026-07-28T22:21:43+00:00
batrovci-bajakovo,2026-07-29T00:38,10,10 min,hak_croatia,2026-07-28T22:40:30+00:00
batrovci-bajakovo,2026-07-29T01:28,10,10 min,hak_croatia,2026-07-28T23:40:54+00:00
batrovci-bajakovo,2026-07-29T01:49,10,10 min,hak_croatia,2026-07-29T00:00:35+00:00
batrovci-bajakovo,2026-07-29T02:08,10,10 min,hak_croatia,2026-07-29T00:15:40+00:00
batrovci-bajakovo,2026-07-29T02:28,10,10 min,hak_croatia,2026-07-29T00:30:46+00:00
batrovci-bajakovo,2026-07-29T02:38,10,10 min,hak_croatia,2026-07-29T00:45:52+00:00
batrovci-bajakovo,2026-07-29T02:49,10,10 min,hak_croatia,2026-07-29T01:00:58+00:00
batrovci-bajakovo,2026-07-29T03:58,5,5 min,anonymous_,2026-07-29T02:14:01+00:00
batrovci-bajakovo,2026-07-29T04:53,15,15 min,anonymous_,2026-07-29T03:14:23+00:00
batrovci-bajakovo,2026-07-29T05:28,10,10 min,hak_croatia,2026-07-29T03:29:30+00:00
batrovci-bajakovo,2026-07-29T05:49,10,10 min,hak_croatia,2026-07-29T03:59:42+00:00
batrovci-bajakovo,2026-07-29T06:08,10,10 min,hak_croatia,2026-07-29T04:14:48+00:00
batrovci-bajakovo,2026-07-29T06:38,10,10 min,hak_croatia,2026-07-29T04:52:19+00:00
batrovci-bajakovo,2026-07-29T07:28,10,10 min,hak_croatia,2026-07-29T05:37:37+00:00
batrovci-bajakovo,2026-07-29T07:49,10,10 min,hak_croatia,2026-07-29T05:52:44+00:00
batrovci-bajakovo,2026-07-29T08:00,5,5 min,anonymous,2026-07-29T06:07:51+00:00
batrovci-bajakovo,2026-07-29T08:18,45,45 min,anonymous,2026-07-29T06:22:58+00:00
batrovci-bajakovo,2026-07-29T08:37,60,60 min,anonymous,2026-07-29T06:38:04+00:00
batrovci-bajakovo,2026-07-29T08:24,5,5 min,anonymous,2026-07-29T06:38:04+00:00
batrovci-bajakovo,2026-07-29T08:45,5,5 min,anonymous,2026-07-29T06:53:39+00:00
batrovci-bajakovo,2026-07-29T09:10,5,5 min,anonymous,2026-07-29T07:23:52+00:00
batrovci-bajakovo,2026-07-29T09:55,5,5 min,anonymous,2026-07-29T07:59:56+00:00
batrovci-bajakovo,2026-07-29T10:36,5,5 min,anonymous,2026-07-29T08:45:28+00:00
batrovci-bajakovo,2026-07-29T11:04,5,5 min,anonymous,2026-07-29T09:15:45+00:00
batrovci-bajakovo,2026-07-29T11:39,5,5 min,anonymous,2026-07-29T09:45:57+00:00
batrovci-bajakovo,2026-07-29T11:39,50,50 min,anonymous,2026-07-29T09:45:57+00:00
batrovci-bajakovo,2026-07-29T13:00,5,5 min,anonymous,2026-07-29T11:00:39+00:00
batrovci-bajakovo,2026-07-29T13:34,240,4 h,anonymous,2026-07-29T11:46:00+00:00
batrovci-bajakovo,2026-07-29T13:57,240,4 h,anonymous,2026-07-29T12:01:06+00:00
batrovci-bajakovo,2026-07-29T14:54,240,4 h,anonymous,2026-07-29T12:55:18+00:00
batrovci-bajakovo,2026-07-29T15:50,240,4 h,anonymous,2026-07-29T13:56:47+00:00
batrovci-bajakovo,2026-07-29T16:10,90,1.5 h,anonymous,2026-07-29T14:11:54+00:00
batrovci-bajakovo,2026-07-29T16:29,120,2 h,anonymous,2026-07-29T14:42:07+00:00
batrovci-bajakovo,2026-07-29T17:29,90,1.5 h,anonymous_,2026-07-29T15:41:09+00:00
batrovci-bajakovo,2026-07-29T17:49,120,2 h,hak_croatia,2026-07-29T15:56:15+00:00
batrovci-bajakovo,2026-07-29T18:08,120,2 h,hak_croatia,2026-07-29T16:11:22+00:00
batrovci-bajakovo,2026-07-29T18:38,120,2 h,hak_croatia,2026-07-29T16:42:08+00:00
batrovci-bajakovo,2026-07-29T19:16,150,2.5 h,anonymous,2026-07-29T17:27:28+00:00
batrovci-bajakovo,2026-07-29T19:44,240,4 h,anonymous,2026-07-29T17:53:34+00:00
batrovci-bajakovo,2026-07-29T20:58,210,3.5 h,anonymous_,2026-07-29T19:09:06+00:00
batrovci-bajakovo,2026-07-29T21:19,50,50 min,anonymous,2026-07-29T19:24:14+00:00
batrovci-bajakovo,2026-07-29T22:29,40,40 min,anonymous,2026-07-29T20:39:11+00:00
batrovci-bajakovo,2026-07-29T23:28,35,35 min,anonymous_,2026-07-29T21:40:28+00:00
batrovci-bajakovo,2026-07-30T00:26,30,30 min,anonymous_,2026-07-29T22:42:07+00:00
batrovci-bajakovo,2026-07-30T01:26,25,25 min,anonymous_,2026-07-29T23:44:16+00:00
batrovci-bajakovo,2026-07-30T02:25,20,20 min,anonymous_,2026-07-30T00:32:05+00:00
batrovci-bajakovo,2026-07-30T03:03,15,15 min,anonymous,2026-07-30T01:05:57+00:00
batrovci-bajakovo,2026-07-30T04:28,10,10 min,anonymous_,2026-07-30T02:36:31+00:00
batrovci-bajakovo,2026-07-30T05:26,5,5 min,anonymous_,2026-07-30T03:36:55+00:00
batrovci-bajakovo,2026-07-30T05:49,10,10 min,hak_croatia,2026-07-30T03:52:02+00:00
batrovci-bajakovo,2026-07-30T06:08,10,10 min,hak_croatia,2026-07-30T04:16:52+00:00
batrovci-bajakovo,2026-07-30T06:31,20,20 min,anonymous,2026-07-30T04:31:58+00:00
batrovci-bajakovo,2026-07-30T06:21,90,1.5 h,anonymous,2026-07-30T04:31:58+00:00
batrovci-bajakovo,2026-07-30T06:57,150,2.5 h,anonymous,2026-07-30T05:02:09+00:00
batrovci-bajakovo,2026-07-30T07:55,90,1.5 h,anonymous,2026-07-30T06:02:37+00:00
batrovci-bajakovo,2026-07-30T08:56,60,60 min,anonymous_,2026-07-30T07:01:12+00:00
batrovci-bajakovo,2026-07-30T09:18,45,45 min,anonymous,2026-07-30T07:31:23+00:00
batrovci-bajakovo,2026-07-30T09:34,30,30 min,anonymous,2026-07-30T07:46:29+00:00
batrovci-bajakovo,2026-07-30T10:56,25,25 min,anonymous_,2026-07-30T09:01:56+00:00
batrovci-bajakovo,2026-07-30T11:28,60,60 min,hak_croatia,2026-07-30T09:37:11+00:00
batrovci-bajakovo,2026-07-30T11:49,60,60 min,hak_croatia,2026-07-30T09:52:17+00:00
batrovci-bajakovo,2026-07-30T12:08,10,10 min,hak_croatia,2026-07-30T10:22:28+00:00
batrovci-bajakovo,2026-07-30T12:38,10,10 min,hak_croatia,2026-07-30T10:52:40+00:00
batrovci-bajakovo,2026-07-30T13:28,60,60 min,hak_croatia,2026-07-30T11:42:30+00:00
batrovci-bajakovo,2026-07-30T13:49,60,60 min,hak_croatia,2026-07-30T11:57:41+00:00
batrovci-bajakovo,2026-07-30T14:08,60,60 min,hak_croatia,2026-07-30T12:12:47+00:00
batrovci-bajakovo,2026-07-30T14:38,60,60 min,hak_croatia,2026-07-30T12:43:08+00:00
batrovci-bajakovo,2026-07-30T15:28,60,60 min,hak_croatia,2026-07-30T13:42:02+00:00
batrovci-bajakovo,2026-07-30T15:49,60,60 min,hak_croatia,2026-07-30T13:57:09+00:00
batrovci-bajakovo,2026-07-30T16:08,60,60 min,hak_croatia,2026-07-30T14:12:19+00:00
batrovci-bajakovo,2026-07-30T16:37,90,1.5 h,anonymous,2026-07-30T14:42:33+00:00
batrovci-bajakovo,2026-07-30T18:08,60,60 min,hak_croatia,2026-07-30T16:13:06+00:00
batrovci-bajakovo,2026-07-30T17:58,60,60 min,anonymous_,2026-07-30T16:13:06+00:00
batrovci-bajakovo,2026-07-30T18:38,60,60 min,hak_croatia,2026-07-30T16:43:18+00:00
batrovci-bajakovo,2026-07-30T19:28,60,60 min,hak_croatia,2026-07-30T17:36:57+00:00
batrovci-bajakovo,2026-07-30T19:49,60,60 min,hak_croatia,2026-07-30T17:52:04+00:00
batrovci-bajakovo,2026-07-30T20:08,60,60 min,hak_croatia,2026-07-30T18:22:16+00:00
batrovci-bajakovo,2026-07-30T20:38,60,60 min,hak_croatia,2026-07-30T18:42:46+00:00
batrovci-bajakovo,2026-07-30T21:15,180,3 h,anonymous,2026-07-30T19:28:05+00:00
batrovci-bajakovo,2026-07-30T21:51,90,1.5 h,anonymous,2026-07-30T19:58:44+00:00
batrovci-bajakovo,2026-07-30T22:55,60,60 min,anonymous_,2026-07-30T21:08:52+00:00
batrovci-bajakovo,2026-07-30T23:28,120,2 h,hak_croatia,2026-07-30T21:36:42+00:00
batrovci-bajakovo,2026-07-30T23:49,120,2 h,hak_croatia,2026-07-30T21:51:49+00:00
batrovci-bajakovo,2026-07-31T00:08,120,2 h,hak_croatia,2026-07-30T22:22:04+00:00
batrovci-bajakovo,2026-07-31T00:38,120,2 h,hak_croatia,2026-07-30T22:44:56+00:00
batrovci-bajakovo,2026-07-31T01:28,120,2 h,hak_croatia,2026-07-30T23:30:29+00:00
batrovci-bajakovo,2026-07-31T01:49,120,2 h,hak_croatia,2026-07-31T00:01:21+00:00
batrovci-bajakovo,2026-07-31T02:08,120,2 h,hak_croatia,2026-07-31T00:16:27+00:00
batrovci-bajakovo,2026-07-31T02:28,120,2 h,hak_croatia,2026-07-31T00:31:33+00:00
batrovci-bajakovo,2026-07-31T02:38,120,2 h,hak_croatia,2026-07-31T00:46:45+00:00
batrovci-bajakovo,2026-07-31T02:47,90,1.5 h,anonymous,2026-07-31T01:01:51+00:00
batrovci-bajakovo,2026-07-31T03:57,60,60 min,anonymous_,2026-07-31T02:03:26+00:00
batrovci-bajakovo,2026-07-31T04:08,120,2 h,hak_croatia,2026-07-31T02:18:33+00:00
batrovci-bajakovo,2026-07-31T04:38,120,2 h,hak_croatia,2026-07-31T02:48:44+00:00
batrovci-bajakovo,2026-07-31T05:28,30,30 min,hak_croatia,2026-07-31T03:34:01+00:00
batrovci-bajakovo,2026-07-31T05:49,30,30 min,hak_croatia,2026-07-31T03:49:07+00:00
batrovci-bajakovo,2026-07-31T06:08,30,30 min,hak_croatia,2026-07-31T04:19:46+00:00
batrovci-bajakovo,2026-07-31T06:38,30,30 min,hak_croatia,2026-07-31T04:48:26+00:00
batrovci-bajakovo,2026-07-31T07:28,30,30 min,hak_croatia,2026-07-31T05:33:47+00:00
batrovci-bajakovo,2026-07-31T07:49,30,30 min,hak_croatia,2026-07-31T06:04:00+00:00
batrovci-bajakovo,2026-07-31T08:08,30,30 min,hak_croatia,2026-07-31T06:19:07+00:00
batrovci-bajakovo,2026-07-31T08:44,15,15 min,anonymous,2026-07-31T06:49:21+00:00
batrovci-bajakovo,2026-07-31T08:38,30,30 min,hak_croatia,2026-07-31T06:49:21+00:00
batrovci-bajakovo,2026-07-31T09:01,15,15 min,anonymous,2026-07-31T07:04:28+00:00
batrovci-bajakovo,2026-07-31T10:38,30,30 min,hak_croatia,2026-07-31T08:41:48+00:00
batrovci-bajakovo,2026-07-31T10:25,10,10 min,anonymous_,2026-07-31T08:41:48+00:00
batrovci-bajakovo,2026-07-31T11:08,90,1.5 h,anonymous,2026-07-31T09:12:02+00:00
batrovci-bajakovo,2026-07-31T11:02,60,60 min,anonymous,2026-07-31T09:12:02+00:00
batrovci-bajakovo,2026-07-31T11:17,180,3 h,anonymous,2026-07-31T09:27:09+00:00
batrovci-bajakovo,2026-07-31T11:36,30,30 min,anonymous,2026-07-31T09:42:16+00:00
batrovci-bajakovo,2026-07-31T12:22,60,60 min,anonymous,2026-07-31T10:22:52+00:00
batrovci-bajakovo,2026-07-31T12:49,90,1.5 h,anonymous,2026-07-31T10:53:05+00:00
batrovci-bajakovo,2026-07-31T13:59,180,3 h,anonymous,2026-07-31T12:08:36+00:00
batrovci-bajakovo,2026-07-31T14:58,420,7 h,anonymous,2026-07-31T13:01:06+00:00
batrovci-bajakovo,2026-07-31T14:51,180,3 h,anonymous,2026-07-31T13:01:06+00:00
batrovci-bajakovo,2026-07-31T15:38,630,10.5 h,anonymous,2026-07-31T13:46:25+00:00
batrovci-bajakovo,2026-07-31T16:58,600,10 h,anonymous_,2026-07-31T15:01:56+00:00
batrovci-bajakovo,2026-07-31T17:21,360,6 h,anonymous,2026-07-31T15:35:48+00:00
batrovci-bajakovo,2026-07-31T17:49,450,7.5 h,anonymous,2026-07-31T15:50:54+00:00
batrovci-bajakovo,2026-07-31T18:21,240,4 h,anonymous,2026-07-31T16:36:12+00:00
batrovci-bajakovo,2026-07-31T19:18,420,7 h,anonymous,2026-07-31T17:24:38+00:00
batrovci-bajakovo,2026-07-31T20:38,60,60 min,anonymous,2026-07-31T18:40:10+00:00
batrovci-bajakovo,2026-07-31T20:38,90,1.5 h,hak_croatia,2026-07-31T18:40:10+00:00
batrovci-bajakovo,2026-07-31T20:26,390,6.5 h,anonymous_,2026-07-31T18:40:10+00:00
batrovci-bajakovo,2026-07-31T22:08,10,10 min,hak_croatia,2026-07-31T20:11:46+00:00
batrovci-bajakovo,2026-07-31T21:57,55,55 min,anonymous_,2026-07-31T20:11:46+00:00
batrovci-bajakovo,2026-07-31T22:08,10,10 min,hak_croatia,2026-07-31T20:12:20+00:00
batrovci-bajakovo,2026-07-31T21:57,55,55 min,anonymous_,2026-07-31T20:12:20+00:00
batrovci-bajakovo,2026-07-31T22:38,10,10 min,hak_croatia,2026-07-31T20:42:33+00:00
batrovci-bajakovo,2026-07-31T23:21,90,1.5 h,anonymous,2026-07-31T21:27:51+00:00
batrovci-bajakovo,2026-08-01T00:08,150,2.5 h,anonymous,2026-07-31T22:17:22+00:00
batrovci-bajakovo,2026-08-01T00:25,120,2 h,anonymous,2026-07-31T22:32:28+00:00
batrovci-bajakovo,2026-08-01T01:29,90,1.5 h,anonymous_,2026-07-31T23:39:15+00:00
batrovci-bajakovo,2026-08-01T01:50,150,2.5 h,anonymous,2026-08-01T00:01:46+00:00
batrovci-bajakovo,2026-08-01T01:49,90,1.5 h,hak_croatia,2026-08-01T00:01:46+00:00
batrovci-bajakovo,2026-08-01T02:57,120,2 h,anonymous_,2026-08-01T01:02:07+00:00
batrovci-bajakovo,2026-08-01T03:53,90,1.5 h,anonymous_,2026-08-01T02:05:19+00:00
batrovci-bajakovo,2026-08-01T04:08,90,1.5 h,hak_croatia,2026-08-01T02:20:26+00:00
batrovci-bajakovo,2026-08-01T04:38,90,1.5 h,hak_croatia,2026-08-01T02:50:40+00:00
batrovci-bajakovo,2026-08-01T05:28,90,1.5 h,hak_croatia,2026-08-01T03:35:59+00:00
batrovci-bajakovo,2026-08-01T05:49,90,1.5 h,hak_croatia,2026-08-01T03:51:06+00:00
batrovci-bajakovo,2026-08-01T06:08,90,1.5 h,hak_croatia,2026-08-01T04:21:19+00:00
batrovci-bajakovo,2026-08-01T06:38,90,1.5 h,hak_croatia,2026-08-01T04:43:31+00:00
batrovci-bajakovo,2026-08-01T07:09,120,2 h,anonymous,2026-08-01T05:13:43+00:00
batrovci-bajakovo,2026-08-01T08:00,210,3.5 h,anonymous,2026-08-01T06:14:07+00:00
batrovci-bajakovo,2026-08-01T08:54,180,3 h,anonymous_,2026-08-01T07:14:32+00:00
batrovci-bajakovo,2026-08-01T09:28,180,3 h,hak_croatia,2026-08-01T07:34:18+00:00
batrovci-bajakovo,2026-08-01T09:48,10,10 min,anonymous,2026-08-01T07:49:24+00:00
batrovci-bajakovo,2026-08-01T10:01,10,10 min,anonymous,2026-08-01T08:05:06+00:00
batrovci-bajakovo,2026-08-01T10:06,10,10 min,anonymous,2026-08-01T08:20:13+00:00
batrovci-bajakovo,2026-08-01T10:45,90,1.5 h,anonymous,2026-08-01T08:50:32+00:00
batrovci-bajakovo,2026-08-01T10:43,10,10 min,anonymous,2026-08-01T08:50:32+00:00
batrovci-bajakovo,2026-08-01T10:55,10,10 min,anonymous,2026-08-01T09:05:38+00:00
batrovci-bajakovo,2026-08-01T11:17,120,2 h,anonymous,2026-08-01T09:20:44+00:00
batrovci-bajakovo,2026-08-01T11:11,10,10 min,anonymous,2026-08-01T09:20:44+00:00
batrovci-bajakovo,2026-08-01T11:22,10,10 min,anonymous,2026-08-01T09:28:24+00:00
batrovci-bajakovo,2026-08-01T11:21,90,1.5 h,anonymous,2026-08-01T09:28:24+00:00
batrovci-bajakovo,2026-08-01T11:31,10,10 min,anonymous,2026-08-01T09:43:39+00:00
batrovci-bajakovo,2026-08-01T11:43,180,3 h,anonymous,2026-08-01T09:58:46+00:00
batrovci-bajakovo,2026-08-01T12:07,270,4.5 h,anonymous,2026-08-01T10:13:54+00:00
batrovci-bajakovo,2026-08-01T12:06,150,2.5 h,anonymous,2026-08-01T10:13:54+00:00
batrovci-bajakovo,2026-08-01T12:02,10,10 min,anonymous,2026-08-01T10:13:54+00:00
batrovci-bajakovo,2026-08-01T12:17,180,3 h,anonymous,2026-08-01T10:29:01+00:00
batrovci-bajakovo,2026-08-01T12:43,270,4.5 h,anonymous,2026-08-01T10:44:08+00:00
batrovci-bajakovo,2026-08-01T13:17,330,5.5 h,anonymous,2026-08-01T11:19:06+00:00
batrovci-bajakovo,2026-08-01T13:05,300,5 h,anonymous,2026-08-01T11:19:06+00:00
batrovci-bajakovo,2026-08-01T14:34,270,4.5 h,anonymous,2026-08-01T12:40:09+00:00
batrovci-bajakovo,2026-08-01T14:25,360,6 h,anonymous,2026-08-01T12:40:09+00:00
batrovci-bajakovo,2026-08-01T15:16,390,6.5 h,anonymous,2026-08-01T13:26:09+00:00
batrovci-bajakovo,2026-08-01T16:24,360,6 h,anonymous_,2026-08-01T14:32:11+00:00
batrovci-bajakovo,2026-08-01T16:47,660,11 h,anonymous,2026-08-01T14:47:20+00:00
batrovci-bajakovo,2026-08-01T16:35,600,10 h,anonymous,2026-08-01T14:47:20+00:00
batrovci-bajakovo,2026-08-01T18:03,780,13 h,anonymous,2026-08-01T16:12:56+00:00
batrovci-bajakovo,2026-08-01T17:53,630,10.5 h,anonymous_,2026-08-01T16:12:56+00:00
batrovci-bajakovo,2026-08-01T19:24,750,12.5 h,anonymous_,2026-08-01T17:42:50+00:00
batrovci-bajakovo,2026-08-01T19:49,240,4 h,hak_croatia,2026-08-01T17:57:57+00:00
batrovci-bajakovo,2026-08-01T20:11,10,10 min,anonymous,2026-08-01T18:13:16+00:00
batrovci-bajakovo,2026-08-01T20:08,240,4 h,hak_croatia,2026-08-01T18:13:16+00:00
batrovci-bajakovo,2026-08-01T20:26,180,3 h,anonymous,2026-08-01T18:28:23+00:00
batrovci-bajakovo,2026-08-01T20:29,10,10 min,anonymous,2026-08-01T18:34:19+00:00
batrovci-bajakovo,2026-08-01T20:42,180,3 h,anonymous,2026-08-01T18:49:26+00:00
batrovci-bajakovo,2026-08-01T20:39,10,10 min,anonymous,2026-08-01T18:49:26+00:00
batrovci-bajakovo,2026-08-01T20:58,420,7 h,anonymous,2026-08-01T19:04:32+00:00
batrovci-bajakovo,2026-08-01T21:17,360,6 h,anonymous,2026-08-01T19:19:39+00:00
batrovci-bajakovo,2026-08-01T21:25,20,20 min,anonymous,2026-08-01T19:34:48+00:00
batrovci-bajakovo,2026-08-01T21:24,60,60 min,anonymous,2026-08-01T19:34:48+00:00
batrovci-bajakovo,2026-08-01T21:21,180,3 h,anonymous,2026-08-01T19:34:48+00:00
batrovci-bajakovo,2026-08-01T21:49,20,20 min,anonymous,2026-08-01T19:49:29+00:00
batrovci-bajakovo,2026-08-01T21:37,20,20 min,anonymous,2026-08-01T19:49:29+00:00
batrovci-bajakovo,2026-08-01T22:16,240,4 h,anonymous,2026-08-01T20:20:37+00:00
batrovci-bajakovo,2026-08-01T22:43,20,20 min,anonymous,2026-08-01T20:52:26+00:00
batrovci-bajakovo,2026-08-01T23:06,20,20 min,anonymous,2026-08-01T21:07:31+00:00
batrovci-bajakovo,2026-08-01T23:02,5,5 min,anonymous,2026-08-01T21:07:31+00:00
batrovci-bajakovo,2026-08-01T23:12,240,4 h,anonymous,2026-08-01T21:22:38+00:00
batrovci-bajakovo,2026-08-01T23:44,300,5 h,anonymous,2026-08-01T21:50:15+00:00
batrovci-bajakovo,2026-08-02T00:07,300,5 h,anonymous,2026-08-01T22:20:26+00:00
batrovci-bajakovo,2026-08-02T00:22,450,7.5 h,anonymous,2026-08-01T22:33:48+00:00
batrovci-bajakovo,2026-08-02T01:29,420,7 h,anonymous_,2026-08-01T23:34:14+00:00
batrovci-bajakovo,2026-08-02T01:49,240,4 h,hak_croatia,2026-08-01T23:50:05+00:00
batrovci-bajakovo,2026-08-02T01:57,450,7.5 h,anonymous,2026-08-02T00:05:11+00:00
batrovci-bajakovo,2026-08-02T02:53,660,11 h,anonymous,2026-08-02T01:05:31+00:00
batrovci-bajakovo,2026-08-02T04:08,240,4 h,hak_croatia,2026-08-02T02:12:03+00:00
batrovci-bajakovo,2026-08-02T03:53,630,10.5 h,anonymous_,2026-08-02T02:12:03+00:00
batrovci-bajakovo,2026-08-02T04:38,240,4 h,hak_croatia,2026-08-02T02:42:13+00:00
batrovci-bajakovo,2026-08-02T05:25,240,4 h,anonymous,2026-08-02T03:27:29+00:00
batrovci-bajakovo,2026-08-02T06:25,120,2 h,anonymous,2026-08-02T04:27:51+00:00
batrovci-bajakovo,2026-08-02T06:15,360,6 h,anonymous,2026-08-02T04:27:51+00:00
batrovci-bajakovo,2026-08-02T06:29,240,4 h,anonymous,2026-08-02T04:42:56+00:00
batrovci-bajakovo,2026-08-02T07:41,690,11.5 h,anonymous,2026-08-02T05:44:22+00:00
batrovci-bajakovo,2026-08-02T07:40,450,7.5 h,anonymous,2026-08-02T05:44:22+00:00
batrovci-bajakovo,2026-08-02T07:27,210,3.5 h,anonymous_,2026-08-02T05:44:22+00:00
batrovci-bajakovo,2026-08-02T08:57,660,11 h,anonymous_,2026-08-02T07:14:59+00:00
batrovci-bajakovo,2026-08-02T09:28,120,2 h,hak_croatia,2026-08-02T07:40:02+00:00
batrovci-bajakovo,2026-08-02T09:49,120,2 h,hak_croatia,2026-08-02T07:55:10+00:00
batrovci-bajakovo,2026-08-02T10:08,120,2 h,hak_croatia,2026-08-02T08:10:17+00:00
batrovci-bajakovo,2026-08-02T10:38,120,2 h,hak_croatia,2026-08-02T08:40:30+00:00
batrovci-bajakovo,2026-08-02T11:23,330,5.5 h,anonymous,2026-08-02T09:25:53+00:00
batrovci-bajakovo,2026-08-02T12:24,300,5 h,anonymous_,2026-08-02T10:36:21+00:00
batrovci-bajakovo,2026-08-02T12:38,180,3 h,hak_croatia,2026-08-02T10:51:42+00:00
batrovci-bajakovo,2026-08-02T13:28,180,3 h,hak_croatia,2026-08-02T11:35:39+00:00
batrovci-bajakovo,2026-08-02T13:40,60,60 min,anonymous,2026-08-02T11:50:46+00:00
batrovci-bajakovo,2026-08-02T13:55,120,2 h,anonymous,2026-08-02T12:05:53+00:00
batrovci-bajakovo,2026-08-02T14:09,150,2.5 h,anonymous,2026-08-02T12:13:03+00:00
batrovci-bajakovo,2026-08-02T14:13,150,2.5 h,anonymous,2026-08-02T12:28:09+00:00
batrovci-bajakovo,2026-08-02T15:01,120,2 h,anonymous,2026-08-02T13:13:28+00:00
batrovci-bajakovo,2026-08-02T16:29,90,1.5 h,anonymous_,2026-08-02T14:33:30+00:00
batrovci-bajakovo,2026-08-02T16:38,180,3 h,hak_croatia,2026-08-02T14:48:37+00:00
batrovci-bajakovo,2026-08-02T17:28,180,3 h,hak_croatia,2026-08-02T15:29:06+00:00
batrovci-bajakovo,2026-08-02T17:49,180,3 h,hak_croatia,2026-08-02T15:59:19+00:00
batrovci-bajakovo,2026-08-02T18:08,180,3 h,hak_croatia,2026-08-02T16:14:34+00:00
batrovci-bajakovo,2026-08-02T18:17,210,3.5 h,anonymous,2026-08-02T16:26:00+00:00
batrovci-bajakovo,2026-08-02T18:33,240,4 h,anonymous,2026-08-02T16:41:06+00:00
batrovci-bajakovo,2026-08-02T20:08,30,30 min,hak_croatia,2026-08-02T18:09:11+00:00
batrovci-bajakovo,2026-08-02T19:53,210,3.5 h,anonymous_,2026-08-02T18:09:11+00:00
batrovci-bajakovo,2026-08-02T20:38,30,30 min,hak_croatia,2026-08-02T18:39:25+00:00
batrovci-bajakovo,2026-08-02T20:56,15,15 min,anonymous,2026-08-02T19:00:09+00:00
batrovci-bajakovo,2026-08-02T21:23,150,2.5 h,anonymous,2026-08-02T19:30:51+00:00
batrovci-bajakovo,2026-08-02T22:23,120,2 h,anonymous_,2026-08-02T20:31:20+00:00
batrovci-bajakovo,2026-08-02T22:38,30,30 min,hak_croatia,2026-08-02T20:46:26+00:00
batrovci-bajakovo,2026-08-02T23:28,30,30 min,hak_croatia,2026-08-02T21:37:22+00:00
batrovci-bajakovo,2026-08-02T23:49,30,30 min,hak_croatia,2026-08-02T21:52:29+00:00
batrovci-bajakovo,2026-08-03T00:08,30,30 min,hak_croatia,2026-08-02T22:08:24+00:00
batrovci-bajakovo,2026-08-03T00:38,60,60 min,hak_croatia,2026-08-02T22:38:42+00:00
batrovci-bajakovo,2026-08-03T01:28,60,60 min,hak_croatia,2026-08-02T23:31:10+00:00
batrovci-bajakovo,2026-08-03T01:49,60,60 min,hak_croatia,2026-08-03T00:01:22+00:00
batrovci-bajakovo,2026-08-03T02:08,60,60 min,hak_croatia,2026-08-03T00:16:28+00:00
batrovci-bajakovo,2026-08-03T02:28,60,60 min,hak_croatia,2026-08-03T00:31:35+00:00
batrovci-bajakovo,2026-08-03T02:38,60,60 min,hak_croatia,2026-08-03T00:46:41+00:00
batrovci-bajakovo,2026-08-03T02:49,60,60 min,hak_croatia,2026-08-03T00:59:33+00:00
batrovci-bajakovo,2026-08-03T04:08,60,60 min,hak_croatia,2026-08-03T02:14:58+00:00
batrovci-bajakovo,2026-08-03T03:59,55,55 min,anonymous_,2026-08-03T02:14:58+00:00
batrovci-bajakovo,2026-08-03T04:38,60,60 min,hak_croatia,2026-08-03T02:45:22+00:00
batrovci-bajakovo,2026-08-03T05:28,30,30 min,hak_croatia,2026-08-03T03:30:37+00:00
batrovci-bajakovo,2026-08-03T05:49,30,30 min,hak_croatia,2026-08-03T04:00:48+00:00
batrovci-bajakovo,2026-08-03T06:08,30,30 min,hak_croatia,2026-08-03T04:15:53+00:00
batrovci-bajakovo,2026-08-03T06:38,30,30 min,hak_croatia,2026-08-03T04:40:13+00:00
batrovci-bajakovo,2026-08-03T06:51,120,2 h,anonymous,2026-08-03T04:55:20+00:00
batrovci-bajakovo,2026-08-03T08:08,30,30 min,hak_croatia,2026-08-03T06:10:54+00:00
batrovci-bajakovo,2026-08-03T07:56,90,1.5 h,anonymous_,2026-08-03T06:10:54+00:00
batrovci-bajakovo,2026-08-03T08:38,30,30 min,hak_croatia,2026-08-03T06:41:10+00:00
batrovci-bajakovo,2026-08-03T09:11,60,60 min,anonymous,2026-08-03T07:11:26+00:00
batrovci-bajakovo,2026-08-03T10:01,5,5 min,anonymous,2026-08-03T08:12:33+00:00
batrovci-bajakovo,2026-08-03T10:27,120,2 h,anonymous,2026-08-03T08:30:46+00:00
batrovci-bajakovo,2026-08-03T10:47,90,1.5 h,anonymous,2026-08-03T09:01:08+00:00
batrovci-bajakovo,2026-08-03T11:56,60,60 min,anonymous_,2026-08-03T10:01:37+00:00
batrovci-bajakovo,2026-08-03T12:08,60,60 min,hak_croatia,2026-08-03T10:16:44+00:00
batrovci-bajakovo,2026-08-03T12:38,60,60 min,hak_croatia,2026-08-03T10:46:59+00:00
batrovci-bajakovo,2026-08-03T13:28,60,60 min,hak_croatia,2026-08-03T11:32:21+00:00
batrovci-bajakovo,2026-08-03T13:49,60,60 min,hak_croatia,2026-08-03T11:50:01+00:00
batrovci-bajakovo,2026-08-03T14:14,90,1.5 h,anonymous,2026-08-03T12:20:16+00:00
batrovci-bajakovo,2026-08-03T14:08,60,60 min,hak_croatia,2026-08-03T12:20:16+00:00
batrovci-bajakovo,2026-08-03T15:06,150,2.5 h,anonymous,2026-08-03T13:06:11+00:00
batrovci-bajakovo,2026-08-03T15:15,180,3 h,anonymous,2026-08-03T13:21:32+00:00
batrovci-bajakovo,2026-08-03T16:03,180,3 h,anonymous,2026-08-03T14:07:06+00:00
batrovci-bajakovo,2026-08-03T16:34,210,3.5 h,anonymous,2026-08-03T14:37:18+00:00
batrovci-bajakovo,2026-08-03T17:59,180,3 h,anonymous_,2026-08-03T16:07:57+00:00
batrovci-bajakovo,2026-08-03T18:08,60,60 min,hak_croatia,2026-08-03T16:23:04+00:00
batrovci-bajakovo,2026-08-03T18:38,60,60 min,hak_croatia,2026-08-03T16:39:17+00:00
batrovci-bajakovo,2026-08-03T19:28,60,60 min,hak_croatia,2026-08-03T17:39:49+00:00
batrovci-bajakovo,2026-08-03T19:49,60,60 min,hak_croatia,2026-08-03T17:54:56+00:00
batrovci-bajakovo,2026-08-03T20:08,60,60 min,hak_croatia,2026-08-03T18:10:03+00:00
batrovci-bajakovo,2026-08-03T20:38,60,60 min,hak_croatia,2026-08-03T18:44:35+00:00
batrovci-bajakovo,2026-08-03T21:28,60,60 min,hak_croatia,2026-08-03T19:29:53+00:00
batrovci-bajakovo,2026-08-03T21:49,60,60 min,hak_croatia,2026-08-03T20:00:06+00:00
batrovci-bajakovo,2026-08-03T22:08,60,60 min,hak_croatia,2026-08-03T20:15:32+00:00
batrovci-bajakovo,2026-08-03T22:38,60,60 min,hak_croatia,2026-08-03T20:46:42+00:00
batrovci-bajakovo,2026-08-03T22:57,20,20 min,anonymous,2026-08-03T21:01:49+00:00
batrovci-bajakovo,2026-08-03T23:02,60,60 min,anonymous,2026-08-03T21:16:55+00:00
batrovci-bajakovo,2026-08-04T00:25,55,55 min,anonymous_,2026-08-03T22:34:46+00:00
batrovci-bajakovo,2026-08-04T01:28,90,1.5 h,hak_croatia,2026-08-03T23:37:44+00:00
batrovci-bajakovo,2026-08-04T01:49,90,1.5 h,hak_croatia,2026-08-04T00:01:23+00:00
batrovci-bajakovo,2026-08-04T02:08,90,1.5 h,hak_croatia,2026-08-04T00:16:29+00:00
batrovci-bajakovo,2026-08-04T02:28,90,1.5 h,hak_croatia,2026-08-04T00:31:36+00:00
batrovci-bajakovo,2026-08-04T02:38,90,1.5 h,hak_croatia,2026-08-04T00:46:42+00:00
batrovci-bajakovo,2026-08-04T02:49,90,1.5 h,hak_croatia,2026-08-04T01:01:48+00:00
batrovci-bajakovo,2026-08-04T04:08,90,1.5 h,hak_croatia,2026-08-04T02:10:57+00:00
batrovci-bajakovo,2026-08-04T03:56,60,60 min,anonymous_,2026-08-04T02:10:57+00:00
batrovci-bajakovo,2026-08-04T04:20,120,2 h,anonymous,2026-08-04T02:26:03+00:00
batrovci-bajakovo,2026-08-04T04:38,150,2.5 h,anonymous,2026-08-04T02:41:10+00:00
batrovci-bajakovo,2026-08-04T06:08,10,10 min,hak_croatia,2026-08-04T04:11:46+00:00
batrovci-bajakovo,2026-08-04T05:58,120,2 h,anonymous_,2026-08-04T04:11:46+00:00
batrovci-bajakovo,2026-08-04T06:39,90,1.5 h,anonymous,2026-08-04T04:49:20+00:00
batrovci-bajakovo,2026-08-04T06:38,10,10 min,hak_croatia,2026-08-04T04:49:20+00:00
batrovci-bajakovo,2026-08-04T07:45,120,2 h,anonymous,2026-08-04T05:49:46+00:00
batrovci-bajakovo,2026-08-04T08:14,150,2.5 h,anonymous,2026-08-04T06:19:57+00:00
batrovci-bajakovo,2026-08-04T08:33,15,15 min,anonymous,2026-08-04T06:35:03+00:00
batrovci-bajakovo,2026-08-04T08:47,15,15 min,anonymous,2026-08-04T06:50:14+00:00
batrovci-bajakovo,2026-08-04T09:01,180,3 h,anonymous,2026-08-04T07:05:20+00:00
batrovci-bajakovo,2026-08-04T08:51,150,2.5 h,anonymous,2026-08-04T07:05:20+00:00
batrovci-bajakovo,2026-08-04T09:11,15,15 min,anonymous,2026-08-04T07:20:03+00:00
batrovci-bajakovo,2026-08-04T09:31,15,15 min,anonymous,2026-08-04T07:35:10+00:00
batrovci-bajakovo,2026-08-04T09:49,210,3.5 h,anonymous,2026-08-04T07:50:17+00:00
batrovci-bajakovo,2026-08-04T10:03,15,15 min,anonymous,2026-08-04T08:05:24+00:00
batrovci-bajakovo,2026-08-04T10:05,210,3.5 h,anonymous,2026-08-04T08:20:32+00:00
batrovci-bajakovo,2026-08-04T11:25,180,3 h,anonymous_,2026-08-04T09:36:05+00:00
batrovci-bajakovo,2026-08-04T11:49,60,60 min,hak_croatia,2026-08-04T09:51:12+00:00
batrovci-bajakovo,2026-08-04T12:14,5,5 min,anonymous,2026-08-04T10:20:31+00:00
batrovci-bajakovo,2026-08-04T12:08,60,60 min,hak_croatia,2026-08-04T10:20:31+00:00
batrovci-bajakovo,2026-08-04T13:25,10,10 min,anonymous_,2026-08-04T11:36:17+00:00
batrovci-bajakovo,2026-08-04T13:49,60,60 min,hak_croatia,2026-08-04T11:51:24+00:00
batrovci-bajakovo,2026-08-04T13:53,120,2 h,anonymous,2026-08-04T12:06:32+00:00
batrovci-bajakovo,2026-08-04T14:58,90,1.5 h,anonymous_,2026-08-04T13:01:32+00:00
batrovci-bajakovo,2026-08-04T15:09,5,5 min,anonymous,2026-08-04T13:16:39+00:00
batrovci-bajakovo,2026-08-04T16:26,50,50 min,anonymous,2026-08-04T14:32:14+00:00
batrovci-bajakovo,2026-08-04T17:27,45,45 min,anonymous_,2026-08-04T15:30:46+00:00
batrovci-bajakovo,2026-08-04T17:49,30,30 min,hak_croatia,2026-08-04T16:01:03+00:00
batrovci-bajakovo,2026-08-04T18:08,30,30 min,hak_croatia,2026-08-04T16:16:09+00:00
batrovci-bajakovo,2026-08-04T18:38,30,30 min,hak_croatia,2026-08-04T16:43:47+00:00
batrovci-bajakovo,2026-08-04T19:28,30,30 min,hak_croatia,2026-08-04T17:29:09+00:00
batrovci-bajakovo,2026-08-04T19:49,30,30 min,hak_croatia,2026-08-04T17:59:23+00:00
batrovci-bajakovo,2026-08-04T20:08,30,30 min,hak_croatia,2026-08-04T18:14:38+00:00
batrovci-bajakovo,2026-08-04T20:38,30,30 min,hak_croatia,2026-08-04T18:50:04+00:00
batrovci-bajakovo,2026-08-04T21:55,25,25 min,anonymous_,2026-08-04T20:04:08+00:00
batrovci-bajakovo,2026-08-04T22:55,20,20 min,anonymous_,2026-08-04T21:04:35+00:00
batrovci-bajakovo,2026-08-04T23:59,15,15 min,anonymous_,2026-08-04T22:09:01+00:00
batrovci-bajakovo,2026-08-05T00:56,10,10 min,anonymous_,2026-08-04T23:10:02+00:00
batrovci-bajakovo,2026-08-05T01:54,5,5 min,anonymous_,2026-08-05T00:02:17+00:00
batrovci-bajakovo,2026-08-05T02:54,10,10 min,anonymous_,2026-08-05T01:02:44+00:00
batrovci-bajakovo,2026-08-05T03:55,5,5 min,anonymous_,2026-08-05T02:10:18+00:00
batrovci-bajakovo,2026-08-05T04:59,15,15 min,anonymous_,2026-08-05T03:10:40+00:00
batrovci-bajakovo,2026-08-05T05:14,30,30 min,anonymous,2026-08-05T03:25:46+00:00
batrovci-bajakovo,2026-08-05T06:29,25,25 min,anonymous_,2026-08-05T04:32:23+00:00
batrovci-bajakovo,2026-08-05T06:38,30,30 min,hak_croatia,2026-08-05T04:47:31+00:00
batrovci-bajakovo,2026-08-05T07:28,30,30 min,hak_croatia,2026-08-05T05:32:50+00:00
batrovci-bajakovo,2026-08-05T08:02,120,2 h,anonymous,2026-08-05T06:03:03+00:00
batrovci-bajakovo,2026-08-05T07:49,30,30 min,hak_croatia,2026-08-05T06:03:03+00:00
batrovci-bajakovo,2026-08-05T08:15,90,1.5 h,anonymous,2026-08-05T06:18:11+00:00
batrovci-bajakovo,2026-08-05T08:03,10,10 min,anonymous,2026-08-05T06:18:11+00:00
batrovci-bajakovo,2026-08-05T08:39,10,10 min,anonymous,2026-08-05T06:48:24+00:00
batrovci-bajakovo,2026-08-05T08:59,10,10 min,anonymous,2026-08-05T07:03:31+00:00
batrovci-bajakovo,2026-08-05T09:48,120,2 h,anonymous,2026-08-05T07:50:37+00:00
batrovci-bajakovo,2026-08-05T09:39,10,10 min,anonymous,2026-08-05T07:50:37+00:00
batrovci-bajakovo,2026-08-05T10:04,10,10 min,anonymous,2026-08-05T08:05:43+00:00
batrovci-bajakovo,2026-08-05T10:10,90,1.5 h,anonymous,2026-08-05T08:20:49+00:00
batrovci-bajakovo,2026-08-05T10:23,10,10 min,anonymous,2026-08-05T08:35:55+00:00
batrovci-bajakovo,2026-08-05T10:42,10,10 min,anonymous,2026-08-05T08:51:01+00:00
batrovci-bajakovo,2026-08-05T10:53,90,1.5 h,anonymous,2026-08-05T09:06:07+00:00
batrovci-bajakovo,2026-08-05T11:18,10,10 min,anonymous,2026-08-05T09:21:13+00:00
batrovci-bajakovo,2026-08-05T11:36,10,10 min,anonymous,2026-08-05T09:36:19+00:00
batrovci-bajakovo,2026-08-05T12:52,90,1.5 h,anonymous,2026-08-05T11:03:30+00:00
batrovci-bajakovo,2026-08-05T13:31,10,10 min,anonymous,2026-08-05T11:33:43+00:00
batrovci-bajakovo,2026-08-05T14:00,10,10 min,anonymous,2026-08-05T12:03:57+00:00
batrovci-bajakovo,2026-08-05T13:57,90,1.5 h,anonymous,2026-08-05T12:03:57+00:00
batrovci-bajakovo,2026-08-05T14:07,180,3 h,anonymous,2026-08-05T12:09:22+00:00
batrovci-bajakovo,2026-08-05T14:07,120,2 h,anonymous,2026-08-05T12:09:22+00:00
batrovci-bajakovo,2026-08-05T14:21,240,4 h,anonymous,2026-08-05T12:24:28+00:00
batrovci-bajakovo,2026-08-05T14:19,240,4 h,anonymous,2026-08-05T12:24:28+00:00
batrovci-bajakovo,2026-08-05T14:11,10,10 min,anonymous,2026-08-05T12:24:28+00:00
batrovci-bajakovo,2026-08-05T14:38,240,4 h,anonymous,2026-08-05T12:39:34+00:00
batrovci-bajakovo,2026-08-05T14:51,15,15 min,anonymous,2026-08-05T12:54:40+00:00
batrovci-bajakovo,2026-08-05T14:57,240,4 h,anonymous,2026-08-05T13:09:45+00:00
batrovci-bajakovo,2026-08-05T14:56,240,4 h,anonymous,2026-08-05T13:09:45+00:00
batrovci-bajakovo,2026-08-05T15:20,180,3 h,anonymous,2026-08-05T13:24:52+00:00
batrovci-bajakovo,2026-08-05T16:09,270,4.5 h,anonymous,2026-08-05T14:10:10+00:00
batrovci-bajakovo,2026-08-05T17:10,270,4.5 h,anonymous,2026-08-05T15:25:33+00:00
batrovci-bajakovo,2026-08-05T17:25,30,30 min,anonymous,2026-08-05T15:40:39+00:00
batrovci-bajakovo,2026-08-05T18:23,240,4 h,anonymous,2026-08-05T16:24:02+00:00
batrovci-bajakovo,2026-08-05T19:29,210,3.5 h,anonymous_,2026-08-05T17:39:35+00:00
batrovci-bajakovo,2026-08-05T19:49,30,30 min,hak_croatia,2026-08-05T17:54:42+00:00
batrovci-bajakovo,2026-08-05T20:08,30,30 min,hak_croatia,2026-08-05T18:08:53+00:00
batrovci-bajakovo,2026-08-05T20:38,30,30 min,hak_croatia,2026-08-05T18:39:07+00:00
batrovci-bajakovo,2026-08-05T21:04,15,15 min,anonymous,2026-08-05T19:09:23+00:00
batrovci-bajakovo,2026-08-05T21:01,55,55 min,anonymous,2026-08-05T19:09:23+00:00
batrovci-bajakovo,2026-08-05T20:58,5,5 min,anonymous,2026-08-05T19:09:23+00:00
batrovci-bajakovo,2026-08-05T21:04,15,15 min,anonymous,2026-08-05T19:14:52+00:00
batrovci-bajakovo,2026-08-05T21:01,55,55 min,anonymous,2026-08-05T19:14:52+00:00
batrovci-bajakovo,2026-08-05T20:58,5,5 min,anonymous,2026-08-05T19:14:52+00:00
batrovci-bajakovo,2026-08-05T21:30,30,30 min,anonymous,2026-08-05T19:39:39+00:00
batrovci-bajakovo,2026-08-05T22:24,25,25 min,anonymous_,2026-08-05T20:30:05+00:00
batrovci-bajakovo,2026-08-05T22:38,30,30 min,hak_croatia,2026-08-05T20:45:33+00:00
batrovci-bajakovo,2026-08-05T23:17,120,2 h,anonymous,2026-08-05T21:21:54+00:00
batrovci-bajakovo,2026-08-06T00:26,90,1.5 h,anonymous_,2026-08-05T22:33:09+00:00
batrovci-bajakovo,2026-08-06T00:38,30,30 min,hak_croatia,2026-08-05T22:48:20+00:00
batrovci-bajakovo,2026-08-06T01:28,30,30 min,hak_croatia,2026-08-05T23:33:24+00:00
batrovci-bajakovo,2026-08-06T01:49,30,30 min,hak_croatia,2026-08-06T00:03:54+00:00
batrovci-bajakovo,2026-08-06T02:17,120,2 h,anonymous,2026-08-06T00:19:04+00:00
batrovci-bajakovo,2026-08-06T02:08,30,30 min,hak_croatia,2026-08-06T00:19:04+00:00
batrovci-bajakovo,2026-08-06T03:25,90,1.5 h,anonymous_,2026-08-06T01:30:39+00:00
batrovci-bajakovo,2026-08-06T03:58,150,2.5 h,anonymous,2026-08-06T02:01:02+00:00
batrovci-bajakovo,2026-08-06T04:59,120,2 h,anonymous_,2026-08-06T03:01:48+00:00
batrovci-bajakovo,2026-08-06T05:28,150,2.5 h,anonymous,2026-08-06T03:32:14+00:00
batrovci-bajakovo,2026-08-06T05:28,60,60 min,hak_croatia,2026-08-06T03:32:14+00:00
batrovci-bajakovo,2026-08-06T05:50,180,3 h,anonymous,2026-08-06T04:02:37+00:00
batrovci-bajakovo,2026-08-06T06:55,150,2.5 h,anonymous_,2026-08-06T05:09:47+00:00
batrovci-bajakovo,2026-08-06T07:11,180,3 h,anonymous,2026-08-06T05:25:04+00:00
batrovci-bajakovo,2026-08-06T08:38,120,2 h,hak_croatia,2026-08-06T06:41:09+00:00
batrovci-bajakovo,2026-08-06T08:29,150,2.5 h,anonymous_,2026-08-06T06:41:09+00:00
batrovci-bajakovo,2026-08-06T09:23,240,4 h,anonymous,2026-08-06T07:36:47+00:00
batrovci-bajakovo,2026-08-06T09:43,20,20 min,anonymous,2026-08-06T07:51:58+00:00
batrovci-bajakovo,2026-08-06T10:16,90,1.5 h,anonymous,2026-08-06T08:22:19+00:00
batrovci-bajakovo,2026-08-06T11:27,15,15 min,anonymous,2026-08-06T09:38:14+00:00
batrovci-bajakovo,2026-08-06T11:44,15,15 min,anonymous,2026-08-06T09:53:25+00:00
batrovci-bajakovo,2026-08-06T11:41,240,4 h,anonymous,2026-08-06T09:53:25+00:00
batrovci-bajakovo,2026-08-06T12:03,15,15 min,anonymous,2026-08-06T10:05:24+00:00
batrovci-bajakovo,2026-08-06T12:09,240,4 h,anonymous,2026-08-06T10:20:34+00:00
batrovci-bajakovo,2026-08-06T12:31,240,4 h,anonymous,2026-08-06T10:35:45+00:00
batrovci-bajakovo,2026-08-06T12:29,180,3 h,anonymous,2026-08-06T10:35:45+00:00
batrovci-bajakovo,2026-08-06T12:23,360,6 h,anonymous,2026-08-06T10:35:45+00:00
batrovci-bajakovo,2026-08-06T12:48,360,6 h,anonymous,2026-08-06T10:50:55+00:00
batrovci-bajakovo,2026-08-06T12:43,180,3 h,anonymous,2026-08-06T10:50:55+00:00
batrovci-bajakovo,2026-08-06T13:02,240,4 h,anonymous,2026-08-06T11:06:06+00:00
batrovci-bajakovo,2026-08-06T13:16,40,40 min,anonymous,2026-08-06T11:21:16+00:00
batrovci-bajakovo,2026-08-06T13:11,15,15 min,anonymous,2026-08-06T11:21:16+00:00
batrovci-bajakovo,2026-08-06T13:42,120,2 h,anonymous,2026-08-06T11:51:41+00:00
batrovci-bajakovo,2026-08-06T14:07,15,15 min,anonymous,2026-08-06T12:15:28+00:00
batrovci-bajakovo,2026-08-06T14:30,15,15 min,anonymous,2026-08-06T12:30:40+00:00
batrovci-bajakovo,2026-08-06T14:40,60,60 min,anonymous,2026-08-06T12:46:11+00:00
batrovci-bajakovo,2026-08-06T15:12,330,5.5 h,anonymous,2026-08-06T13:16:34+00:00
batrovci-bajakovo,2026-08-06T15:06,90,1.5 h,anonymous,2026-08-06T13:16:34+00:00
batrovci-bajakovo,2026-08-06T15:04,15,15 min,anonymous,2026-08-06T13:16:34+00:00
batrovci-bajakovo,2026-08-06T15:27,420,7 h,anonymous,2026-08-06T13:31:45+00:00
batrovci-bajakovo,2026-08-06T15:25,240,4 h,anonymous,2026-08-06T13:31:45+00:00
batrovci-bajakovo,2026-08-06T15:18,360,6 h,anonymous,2026-08-06T13:31:45+00:00
batrovci-bajakovo,2026-08-06T15:43,360,6 h,anonymous,2026-08-06T13:46:56+00:00
batrovci-bajakovo,2026-08-06T15:41,180,3 h,anonymous,2026-08-06T13:46:56+00:00
batrovci-bajakovo,2026-08-06T15:37,15,15 min,anonymous,2026-08-06T13:46:56+00:00
batrovci-bajakovo,2026-08-06T15:37,180,3 h,anonymous,2026-08-06T13:46:56+00:00
batrovci-bajakovo,2026-08-06T16:09,180,3 h,anonymous,2026-08-06T14:17:22+00:00
batrovci-bajakovo,2026-08-06T16:43,420,7 h,anonymous,2026-08-06T14:55:32+00:00
batrovci-bajakovo,2026-08-06T17:20,300,5 h,anonymous,2026-08-06T15:25:55+00:00
batrovci-bajakovo,2026-08-06T18:26,300,5 h,anonymous,2026-08-06T16:26:39+00:00
batrovci-bajakovo,2026-08-06T18:19,420,7 h,anonymous,2026-08-06T16:26:39+00:00
batrovci-bajakovo,2026-08-06T18:16,300,5 h,anonymous,2026-08-06T16:26:39+00:00
batrovci-bajakovo,2026-08-07T02:04,420,7 h,anonymous,2026-08-07T00:19:19+00:00
batrovci-bajakovo,2026-08-07T01:26,240,4 h,anonymous,2026-08-07T00:19:19+00:00
batrovci-bajakovo,2026-08-07T00:44,300,5 h,anonymous,2026-08-07T00:19:19+00:00
batrovci-bajakovo,2026-08-07T00:06,240,4 h,anonymous,2026-08-07T00:19:19+00:00
batrovci-bajakovo,2026-08-07T00:01,360,6 h,anonymous,2026-08-07T00:19:19+00:00
batrovci-bajakovo,2026-08-06T23:37,180,3 h,anonymous,2026-08-07T00:19:19+00:00
batrovci-bajakovo,2026-08-06T23:34,90,1.5 h,anonymous,2026-08-07T00:19:19+00:00
batrovci-bajakovo,2026-08-06T23:17,5,5 min,anonymous,2026-08-07T00:19:19+00:00
batrovci-bajakovo,2026-08-07T03:29,390,6.5 h,anonymous_,2026-08-07T01:35:19+00:00
batrovci-bajakovo,2026-08-07T04:12,180,3 h,anonymous,2026-08-07T02:20:54+00:00
batrovci-bajakovo,2026-08-07T04:08,10,10 min,hak_croatia,2026-08-07T02:20:54+00:00
batrovci-bajakovo,2026-08-07T05:25,150,2.5 h,anonymous_,2026-08-07T03:36:48+00:00
batrovci-bajakovo,2026-08-07T05:49,10,10 min,hak_croatia,2026-08-07T03:52:00+00:00
batrovci-bajakovo,2026-08-07T06:08,10,10 min,hak_croatia,2026-08-07T04:22:23+00:00
batrovci-bajakovo,2026-08-07T06:46,120,2 h,anonymous,2026-08-07T04:52:46+00:00
batrovci-bajakovo,2026-08-07T06:38,10,10 min,hak_croatia,2026-08-07T04:52:46+00:00
batrovci-bajakovo,2026-08-07T07:04,540,9 h,anonymous,2026-08-07T05:07:58+00:00
batrovci-bajakovo,2026-08-07T07:03,420,7 h,anonymous,2026-08-07T05:07:58+00:00
batrovci-bajakovo,2026-08-07T07:03,240,4 h,anonymous,2026-08-07T05:07:58+00:00
batrovci-bajakovo,2026-08-07T07:02,240,4 h,anonymous,2026-08-07T05:07:58+00:00
batrovci-bajakovo,2026-08-07T07:20,480,8 h,anonymous,2026-08-07T05:25:50+00:00
batrovci-bajakovo,2026-08-07T07:13,360,6 h,anonymous,2026-08-07T05:25:50+00:00
batrovci-bajakovo,2026-08-07T07:52,15,15 min,anonymous,2026-08-07T05:56:14+00:00
batrovci-bajakovo,2026-08-07T07:52,240,4 h,anonymous,2026-08-07T05:56:14+00:00
batrovci-bajakovo,2026-08-07T07:51,420,7 h,anonymous,2026-08-07T05:56:14+00:00
batrovci-bajakovo,2026-08-07T07:49,600,10 h,anonymous,2026-08-07T05:56:14+00:00
batrovci-bajakovo,2026-08-07T08:02,240,4 h,anonymous,2026-08-07T06:11:26+00:00
batrovci-bajakovo,2026-08-07T08:24,10,10 min,anonymous,2026-08-07T06:26:38+00:00
batrovci-bajakovo,2026-08-07T08:20,210,3.5 h,anonymous,2026-08-07T06:26:38+00:00
batrovci-bajakovo,2026-08-07T08:18,10,10 min,anonymous,2026-08-07T06:26:38+00:00
batrovci-bajakovo,2026-08-07T08:17,180,3 h,anonymous,2026-08-07T06:26:38+00:00
batrovci-bajakovo,2026-08-07T08:15,15,15 min,anonymous,2026-08-07T06:26:38+00:00
batrovci-bajakovo,2026-08-07T08:39,10,10 min,anonymous,2026-08-07T06:52:20+00:00
batrovci-bajakovo,2026-08-07T08:52,10,10 min,anonymous,2026-08-07T07:07:32+00:00
batrovci-bajakovo,2026-08-07T09:36,210,3.5 h,anonymous,2026-08-07T07:37:59+00:00
batrovci-bajakovo,2026-08-07T09:30,10,10 min,anonymous,2026-08-07T07:37:59+00:00
batrovci-bajakovo,2026-08-07T09:44,510,8.5 h,anonymous,2026-08-07T07:53:12+00:00
batrovci-bajakovo,2026-08-07T09:38,300,5 h,anonymous,2026-08-07T07:53:12+00:00
batrovci-bajakovo,2026-08-07T10:10,270,4.5 h,anonymous,2026-08-07T08:12:43+00:00
batrovci-bajakovo,2026-08-07T10:08,30,30 min,anonymous,2026-08-07T08:12:43+00:00
batrovci-bajakovo,2026-08-07T10:08,270,4.5 h,anonymous,2026-08-07T08:12:43+00:00
batrovci-bajakovo,2026-08-07T10:50,270,4.5 h,anonymous,2026-08-07T08:58:18+00:00
batrovci-bajakovo,2026-08-07T10:50,30,30 min,anonymous,2026-08-07T08:58:18+00:00
batrovci-bajakovo,2026-08-07T10:45,30,30 min,anonymous,2026-08-07T08:58:18+00:00
batrovci-bajakovo,2026-08-07T11:10,270,4.5 h,anonymous,2026-08-07T09:12:14+00:00
batrovci-bajakovo,2026-08-07T11:09,30,30 min,anonymous,2026-08-07T09:12:14+00:00
batrovci-bajakovo,2026-08-07T11:50,270,4.5 h,anonymous,2026-08-07T09:57:49+00:00
batrovci-bajakovo,2026-08-07T11:48,30,30 min,anonymous,2026-08-07T09:57:49+00:00
batrovci-bajakovo,2026-08-07T12:06,120,2 h,anonymous,2026-08-07T10:13:09+00:00
batrovci-bajakovo,2026-08-07T11:59,30,30 min,anonymous,2026-08-07T10:13:09+00:00
batrovci-bajakovo,2026-08-07T12:30,30,30 min,anonymous,2026-08-07T10:30:38+00:00
batrovci-bajakovo,2026-08-07T13:01,240,4 h,anonymous,2026-08-07T11:02:08+00:00
batrovci-bajakovo,2026-08-07T12:55,30,30 min,anonymous,2026-08-07T11:02:08+00:00
batrovci-bajakovo,2026-08-07T13:24,360,6 h,anonymous,2026-08-07T11:27:23+00:00
batrovci-bajakovo,2026-08-07T13:42,5,5 min,anonymous,2026-08-07T11:42:35+00:00
batrovci-bajakovo,2026-08-07T13:42,120,2 h,anonymous,2026-08-07T11:42:35+00:00
batrovci-bajakovo,2026-08-07T13:34,360,6 h,anonymous,2026-08-07T11:42:35+00:00
batrovci-bajakovo,2026-08-07T13:53,5,5 min,anonymous,2026-08-07T11:58:05+00:00
batrovci-bajakovo,2026-08-07T14:12,480,8 h,anonymous,2026-08-07T12:17:21+00:00
batrovci-bajakovo,2026-08-07T14:10,480,8 h,anonymous,2026-08-07T12:17:21+00:00
batrovci-bajakovo,2026-08-07T14:08,240,4 h,anonymous,2026-08-07T12:17:21+00:00
batrovci-bajakovo,2026-08-07T14:21,480,8 h,anonymous,2026-08-07T12:32:52+00:00
batrovci-bajakovo,2026-08-07T14:40,15,15 min,anonymous,2026-08-07T12:48:03+00:00
batrovci-bajakovo,2026-08-07T14:40,240,4 h,anonymous,2026-08-07T12:48:03+00:00
batrovci-bajakovo,2026-08-07T14:55,210,3.5 h,anonymous,2026-08-07T13:03:14+00:00
batrovci-bajakovo,2026-08-07T15:14,10,10 min,anonymous,2026-08-07T13:18:26+00:00
batrovci-bajakovo,2026-08-07T15:13,180,3 h,anonymous,2026-08-07T13:18:26+00:00
batrovci-bajakovo,2026-08-07T15:09,420,7 h,anonymous,2026-08-07T13:18:26+00:00
batrovci-bajakovo,2026-08-07T15:43,10,10 min,anonymous,2026-08-07T13:47:16+00:00
batrovci-bajakovo,2026-08-07T15:37,10,10 min,anonymous,2026-08-07T13:47:16+00:00
batrovci-bajakovo,2026-08-07T15:53,10,10 min,anonymous,2026-08-07T14:02:28+00:00
batrovci-bajakovo,2026-08-07T16:14,40,40 min,anonymous,2026-08-07T14:17:41+00:00
batrovci-bajakovo,2026-08-07T16:24,10,10 min,anonymous,2026-08-07T14:32:53+00:00
batrovci-bajakovo,2026-08-07T16:21,25,25 min,anonymous,2026-08-07T14:32:53+00:00
batrovci-bajakovo,2026-08-07T16:35,90,1.5 h,anonymous,2026-08-07T14:35:19+00:00
batrovci-bajakovo,2026-08-07T16:48,210,3.5 h,anonymous,2026-08-07T14:50:30+00:00
batrovci-bajakovo,2026-08-07T17:03,180,3 h,anonymous,2026-08-07T15:05:41+00:00
batrovci-bajakovo,2026-08-07T17:03,5,5 min,anonymous,2026-08-07T15:05:41+00:00
batrovci-bajakovo,2026-08-07T17:03,90,1.5 h,anonymous,2026-08-07T15:05:41+00:00
batrovci-bajakovo,2026-08-07T17:01,330,5.5 h,anonymous,2026-08-07T15:05:41+00:00
batrovci-bajakovo,2026-08-07T17:17,5,5 min,anonymous,2026-08-07T15:20:52+00:00
batrovci-bajakovo,2026-08-07T17:17,90,1.5 h,anonymous,2026-08-07T15:20:52+00:00
batrovci-bajakovo,2026-08-07T17:12,330,5.5 h,anonymous,2026-08-07T15:20:52+00:00
batrovci-bajakovo,2026-08-07T17:31,240,4 h,anonymous,2026-08-07T15:32:25+00:00
batrovci-bajakovo,2026-08-07T17:37,300,5 h,anonymous,2026-08-07T15:47:36+00:00
batrovci-bajakovo,2026-08-07T18:01,570,9.5 h,anonymous,2026-08-07T16:02:46+00:00
batrovci-bajakovo,2026-08-07T17:55,600,10 h,anonymous,2026-08-07T16:02:46+00:00
batrovci-bajakovo,2026-08-07T17:51,390,6.5 h,anonymous,2026-08-07T16:02:46+00:00
batrovci-bajakovo,2026-08-07T18:10,600,10 h,anonymous,2026-08-07T16:17:57+00:00
batrovci-bajakovo,2026-08-07T18:36,540,9 h,anonymous,2026-08-07T16:43:26+00:00
batrovci-bajakovo,2026-08-07T18:31,630,10.5 h,anonymous,2026-08-07T16:43:26+00:00
batrovci-bajakovo,2026-08-07T18:51,480,8 h,anonymous,2026-08-07T16:58:37+00:00
batrovci-bajakovo,2026-08-07T18:45,540,9 h,anonymous,2026-08-07T16:58:37+00:00
batrovci-bajakovo,2026-08-07T20:07,780,13 h,anonymous,2026-08-07T18:14:16+00:00
batrovci-bajakovo,2026-08-07T20:04,540,9 h,anonymous,2026-08-07T18:14:16+00:00
batrovci-bajakovo,2026-08-07T19:57,450,7.5 h,anonymous_,2026-08-07T18:14:16+00:00
batrovci-bajakovo,2026-08-07T21:25,660,11 h,anonymous,2026-08-07T19:27:35+00:00
batrovci-bajakovo,2026-08-07T22:29,630,10.5 h,anonymous_,2026-08-07T20:34:55+00:00
batrovci-bajakovo,2026-08-07T22:45,510,8.5 h,anonymous,2026-08-07T20:50:09+00:00
batrovci-bajakovo,2026-08-07T22:35,570,9.5 h,anonymous,2026-08-07T20:50:09+00:00
batrovci-bajakovo,2026-08-07T22:59,510,8.5 h,anonymous,2026-08-07T21:04:52+00:00
batrovci-bajakovo,2026-08-07T23:34,660,11 h,anonymous,2026-08-07T21:35:17+00:00
batrovci-bajakovo,2026-08-08T00:47,480,8 h,anonymous,2026-08-07T22:56:25+00:00
batrovci-bajakovo,2026-08-08T01:19,540,9 h,anonymous,2026-08-07T23:24:21+00:00
batrovci-bajakovo,2026-08-08T02:29,510,8.5 h,anonymous_,2026-08-08T00:37:25+00:00
batrovci-bajakovo,2026-08-08T02:49,10,10 min,hak_croatia,2026-08-08T00:52:37+00:00
batrovci-bajakovo,2026-08-08T02:38,10,10 min,hak_croatia,2026-08-08T00:52:37+00:00
batrovci-bajakovo,2026-08-08T03:55,5,5 min,anonymous_,2026-08-08T02:13:04+00:00
batrovci-bajakovo,2026-08-08T04:38,10,10 min,hak_croatia,2026-08-08T02:43:24+00:00
batrovci-bajakovo,2026-08-08T04:52,240,4 h,anonymous,2026-08-08T02:58:41+00:00
batrovci-bajakovo,2026-08-08T05:45,480,8 h,anonymous,2026-08-08T03:59:22+00:00
batrovci-bajakovo,2026-08-08T06:24,450,7.5 h,anonymous,2026-08-08T04:32:40+00:00
batrovci-bajakovo,2026-08-08T06:36,360,6 h,anonymous,2026-08-08T04:47:51+00:00
batrovci-bajakovo,2026-08-08T07:59,330,5.5 h,anonymous_,2026-08-08T06:00:42+00:00
batrovci-bajakovo,2026-08-08T08:08,10,10 min,hak_croatia,2026-08-08T06:15:57+00:00
batrovci-bajakovo,2026-08-08T08:34,15,15 min,anonymous,2026-08-08T06:46:20+00:00
batrovci-bajakovo,2026-08-08T09:58,10,10 min,anonymous_,2026-08-08T08:03:51+00:00
batrovci-bajakovo,2026-08-08T10:04,60,60 min,anonymous,2026-08-08T08:19:07+00:00
batrovci-bajakovo,2026-08-08T10:04,5,5 min,anonymous,2026-08-08T08:19:07+00:00
batrovci-bajakovo,2026-08-08T10:23,15,15 min,anonymous,2026-08-08T08:34:19+00:00
batrovci-bajakovo,2026-08-08T10:38,180,3 h,anonymous,2026-08-08T08:49:31+00:00
batrovci-bajakovo,2026-08-08T11:05,360,6 h,anonymous,2026-08-08T09:10:40+00:00
batrovci-bajakovo,2026-08-08T11:21,600,10 h,anonymous,2026-08-08T09:25:53+00:00
batrovci-bajakovo,2026-08-08T12:26,570,9.5 h,anonymous_,2026-08-08T10:32:46+00:00
batrovci-bajakovo,2026-08-08T12:44,90,1.5 h,anonymous,2026-08-08T10:47:59+00:00
batrovci-bajakovo,2026-08-08T12:39,60,60 min,anonymous,2026-08-08T10:47:59+00:00
batrovci-bajakovo,2026-08-08T12:38,10,10 min,hak_croatia,2026-08-08T10:47:59+00:00
batrovci-bajakovo,2026-08-08T13:16,240,4 h,anonymous,2026-08-08T11:25:54+00:00
batrovci-bajakovo,2026-08-08T13:33,240,4 h,anonymous,2026-08-08T11:37:55+00:00
batrovci-bajakovo,2026-08-08T13:27,300,5 h,anonymous,2026-08-08T11:37:55+00:00
batrovci-bajakovo,2026-08-08T14:15,90,1.5 h,anonymous,2026-08-08T12:17:00+00:00
batrovci-bajakovo,2026-08-08T14:13,15,15 min,anonymous,2026-08-08T12:17:00+00:00
batrovci-bajakovo,2026-08-08T14:29,90,1.5 h,anonymous,2026-08-08T12:32:13+00:00
batrovci-bajakovo,2026-08-08T14:27,15,15 min,anonymous,2026-08-08T12:32:13+00:00
batrovci-bajakovo,2026-08-08T14:42,240,4 h,anonymous,2026-08-08T12:47:25+00:00
batrovci-bajakovo,2026-08-08T15:13,15,15 min,anonymous,2026-08-08T13:16:49+00:00
batrovci-bajakovo,2026-08-08T15:09,240,4 h,anonymous,2026-08-08T13:16:49+00:00
batrovci-bajakovo,2026-08-08T15:29,240,4 h,anonymous,2026-08-08T13:32:00+00:00
batrovci-bajakovo,2026-08-08T15:51,420,7 h,anonymous,2026-08-08T14:01:31+00:00
batrovci-bajakovo,2026-08-08T16:56,180,3 h,anonymous,2026-08-08T14:59:17+00:00
batrovci-bajakovo,2026-08-08T17:41,420,7 h,anonymous,2026-08-08T15:44:30+00:00
batrovci-bajakovo,2026-08-08T18:24,510,8.5 h,anonymous,2026-08-08T16:34:44+00:00
batrovci-bajakovo,2026-08-08T19:23,480,8 h,anonymous_,2026-08-08T17:41:02+00:00
batrovci-bajakovo,2026-08-08T19:49,10,10 min,hak_croatia,2026-08-08T17:56:13+00:00
batrovci-bajakovo,2026-08-08T20:08,300,5 h,hak_croatia,2026-08-08T18:11:23+00:00
batrovci-bajakovo,2026-08-08T20:38,300,5 h,hak_croatia,2026-08-08T18:46:00+00:00
batrovci-bajakovo,2026-08-08T21:19,390,6.5 h,anonymous,2026-08-08T19:34:15+00:00
batrovci-bajakovo,2026-08-08T22:38,300,5 h,hak_croatia,2026-08-08T20:43:06+00:00
batrovci-bajakovo,2026-08-08T22:26,360,6 h,anonymous_,2026-08-08T20:43:06+00:00
batrovci-bajakovo,2026-08-08T23:09,90,1.5 h,anonymous,2026-08-08T21:23:32+00:00
batrovci-bajakovo,2026-08-08T23:24,210,3.5 h,anonymous,2026-08-08T21:38:42+00:00
batrovci-bajakovo,2026-08-08T23:43,420,7 h,anonymous,2026-08-08T21:56:03+00:00
batrovci-bajakovo,2026-08-09T00:57,390,6.5 h,anonymous_,2026-08-08T23:06:36+00:00
batrovci-bajakovo,2026-08-09T01:28,10,10 min,hak_croatia,2026-08-08T23:33:45+00:00
batrovci-bajakovo,2026-08-09T01:49,10,10 min,hak_croatia,2026-08-08T23:49:36+00:00
batrovci-bajakovo,2026-08-09T02:10,90,1.5 h,anonymous,2026-08-09T00:20:02+00:00
batrovci-bajakovo,2026-08-09T02:08,10,10 min,hak_croatia,2026-08-09T00:20:02+00:00
batrovci-bajakovo,2026-08-09T03:23,60,60 min,anonymous_,2026-08-09T01:39:09+00:00
batrovci-bajakovo,2026-08-09T04:07,90,1.5 h,anonymous,2026-08-09T02:09:34+00:00
batrovci-bajakovo,2026-08-09T05:24,60,60 min,anonymous_,2026-08-09T03:39:02+00:00
batrovci-bajakovo,2026-08-09T05:49,10,10 min,hak_croatia,2026-08-09T03:54:14+00:00
batrovci-bajakovo,2026-08-09T06:08,10,10 min,hak_croatia,2026-08-09T04:09:26+00:00
batrovci-bajakovo,2026-08-09T06:11,180,3 h,anonymous,2026-08-09T04:24:39+00:00
batrovci-bajakovo,2026-08-09T07:03,240,4 h,anonymous,2026-08-09T05:18:21+00:00
batrovci-bajakovo,2026-08-09T07:21,50,50 min,anonymous,2026-08-09T05:31:20+00:00
batrovci-bajakovo,2026-08-09T08:01,240,4 h,anonymous,2026-08-09T06:01:49+00:00
batrovci-bajakovo,2026-08-09T07:53,270,4.5 h,anonymous,2026-08-09T06:01:49+00:00
batrovci-bajakovo,2026-08-09T08:54,360,6 h,anonymous,2026-08-09T06:55:19+00:00
batrovci-bajakovo,2026-08-09T10:08,90,1.5 h,hak_croatia,2026-08-09T08:08:11+00:00
batrovci-bajakovo,2026-08-09T09:56,330,5.5 h,anonymous_,2026-08-09T08:08:11+00:00
batrovci-bajakovo,2026-08-09T10:38,90,1.5 h,hak_croatia,2026-08-09T08:40:28+00:00
batrovci-bajakovo,2026-08-09T11:10,240,4 h,anonymous,2026-08-09T09:10:53+00:00
batrovci-bajakovo,2026-08-09T12:23,210,3.5 h,anonymous_,2026-08-09T10:32:09+00:00
batrovci-bajakovo,2026-08-09T12:38,90,1.5 h,hak_croatia,2026-08-09T10:47:19+00:00
batrovci-bajakovo,2026-08-09T13:04,210,3.5 h,anonymous,2026-08-09T11:15:34+00:00
batrovci-bajakovo,2026-08-09T14:27,180,3 h,anonymous_,2026-08-09T12:37:05+00:00
batrovci-bajakovo,2026-08-09T14:38,55,55 min,anonymous,2026-08-09T12:52:18+00:00
batrovci-bajakovo,2026-08-09T15:28,10,10 min,anonymous,2026-08-09T13:29:03+00:00
batrovci-bajakovo,2026-08-09T16:23,5,5 min,anonymous_,2026-08-09T14:32:04+00:00
batrovci-bajakovo,2026-08-09T16:38,60,60 min,hak_croatia,2026-08-09T14:47:17+00:00
batrovci-bajakovo,2026-08-09T17:28,60,60 min,hak_croatia,2026-08-09T15:41:46+00:00
batrovci-bajakovo,2026-08-09T17:49,60,60 min,hak_croatia,2026-08-09T15:56:56+00:00
batrovci-bajakovo,2026-08-09T18:08,60,60 min,hak_croatia,2026-08-09T16:12:07+00:00
batrovci-bajakovo,2026-08-09T18:38,60,60 min,hak_croatia,2026-08-09T16:46:05+00:00
batrovci-bajakovo,2026-08-09T19:28,60,60 min,hak_croatia,2026-08-09T17:31:01+00:00
batrovci-bajakovo,2026-08-09T19:49,30,30 min,hak_croatia,2026-08-09T17:57:05+00:00
batrovci-bajakovo,2026-08-09T20:08,30,30 min,hak_croatia,2026-08-09T18:12:15+00:00
batrovci-bajakovo,2026-08-09T20:14,15,15 min,anonymous,2026-08-09T18:18:04+00:00
batrovci-bajakovo,2026-08-09T21:25,5,5 min,anonymous,2026-08-09T19:37:39+00:00
batrovci-bajakovo,2026-08-09T22:38,30,30 min,hak_croatia,2026-08-09T20:44:50+00:00
batrovci-bajakovo,2026-08-09T22:24,10,10 min,anonymous_,2026-08-09T20:44:50+00:00
batrovci-bajakovo,2026-08-09T23:28,30,30 min,hak_croatia,2026-08-09T21:42:16+00:00
batrovci-bajakovo,2026-08-09T23:49,30,30 min,hak_croatia,2026-08-09T21:58:51+00:00
batrovci-bajakovo,2026-08-10T00:10,120,2 h,anonymous,2026-08-09T22:13:41+00:00
batrovci-bajakovo,2026-08-10T01:28,90,1.5 h,anonymous_,2026-08-09T23:39:56+00:00
batrovci-bajakovo,2026-08-10T01:53,240,4 h,anonymous,2026-08-09T23:57:06+00:00
batrovci-bajakovo,2026-08-10T02:56,210,3.5 h,anonymous_,2026-08-10T01:09:20+00:00
batrovci-bajakovo,2026-08-10T04:08,60,60 min,hak_croatia,2026-08-10T02:10:06+00:00
batrovci-bajakovo,2026-08-10T03:55,180,3 h,anonymous_,2026-08-10T02:10:06+00:00
batrovci-bajakovo,2026-08-10T04:38,60,60 min,hak_croatia,2026-08-10T02:40:29+00:00
batrovci-bajakovo,2026-08-10T05:28,60,60 min,hak_croatia,2026-08-10T03:32:25+00:00
batrovci-bajakovo,2026-08-10T05:49,60,60 min,hak_croatia,2026-08-10T04:02:46+00:00
batrovci-bajakovo,2026-08-10T06:08,60,60 min,hak_croatia,2026-08-10T04:17:56+00:00
batrovci-bajakovo,2026-08-10T06:38,60,60 min,hak_croatia,2026-08-10T04:48:30+00:00
batrovci-bajakovo,2026-08-10T07:28,60,60 min,hak_croatia,2026-08-10T05:34:00+00:00
batrovci-bajakovo,2026-08-10T07:49,30,30 min,hak_croatia,2026-08-10T05:49:10+00:00
batrovci-bajakovo,2026-08-10T08:08,30,30 min,hak_croatia,2026-08-10T06:19:21+00:00
batrovci-bajakovo,2026-08-10T08:32,120,2 h,anonymous,2026-08-10T06:34:32+00:00
batrovci-bajakovo,2026-08-10T08:44,30,30 min,anonymous,2026-08-10T06:49:43+00:00
batrovci-bajakovo,2026-08-10T08:43,210,3.5 h,anonymous,2026-08-10T06:49:43+00:00
batrovci-bajakovo,2026-08-10T08:56,120,2 h,anonymous,2026-08-10T07:04:54+00:00
batrovci-bajakovo,2026-08-10T08:55,10,10 min,anonymous,2026-08-10T07:04:54+00:00
batrovci-bajakovo,2026-08-10T09:59,90,1.5 h,anonymous_,2026-08-10T08:00:20+00:00
batrovci-bajakovo,2026-08-10T10:08,30,30 min,hak_croatia,2026-08-10T08:15:43+00:00
batrovci-bajakovo,2026-08-10T10:22,10,10 min,anonymous,2026-08-10T08:30:56+00:00
batrovci-bajakovo,2026-08-10T10:21,120,2 h,anonymous,2026-08-10T08:30:56+00:00
batrovci-bajakovo,2026-08-10T11:13,60,60 min,anonymous,2026-08-10T09:16:42+00:00
batrovci-bajakovo,2026-08-10T11:50,50,50 min,anonymous,2026-08-10T09:58:49+00:00
batrovci-bajakovo,2026-08-10T12:55,45,45 min,anonymous_,2026-08-10T11:06:59+00:00
batrovci-bajakovo,2026-08-10T13:28,45,45 min,anonymous,2026-08-10T11:37:24+00:00
batrovci-bajakovo,2026-08-10T13:28,60,60 min,hak_croatia,2026-08-10T11:37:24+00:00
batrovci-bajakovo,2026-08-10T14:25,40,40 min,anonymous_,2026-08-10T12:34:57+00:00
batrovci-bajakovo,2026-08-10T14:38,60,60 min,hak_croatia,2026-08-10T12:50:08+00:00
batrovci-bajakovo,2026-08-10T15:04,90,1.5 h,anonymous,2026-08-10T13:05:18+00:00
batrovci-bajakovo,2026-08-10T15:12,50,50 min,anonymous,2026-08-10T13:20:29+00:00
batrovci-bajakovo,2026-08-10T16:28,45,45 min,anonymous_,2026-08-10T14:33:43+00:00
batrovci-bajakovo,2026-08-10T16:38,60,60 min,hak_croatia,2026-08-10T14:48:55+00:00
batrovci-bajakovo,2026-08-10T17:28,30,30 min,hak_croatia,2026-08-10T15:42:39+00:00
batrovci-bajakovo,2026-08-10T17:48,90,1.5 h,anonymous,2026-08-10T15:57:50+00:00
batrovci-bajakovo,2026-08-10T18:57,60,60 min,anonymous_,2026-08-10T17:13:14+00:00
batrovci-bajakovo,2026-08-10T19:28,30,30 min,hak_croatia,2026-08-10T17:29:04+00:00
batrovci-bajakovo,2026-08-10T19:49,30,30 min,hak_croatia,2026-08-10T17:59:32+00:00
batrovci-bajakovo,2026-08-10T20:08,30,30 min,hak_croatia,2026-08-10T18:22:43+00:00
batrovci-bajakovo,2026-08-10T20:38,30,30 min,hak_croatia,2026-08-10T18:53:34+00:00
batrovci-bajakovo,2026-08-10T21:28,10,10 min,hak_croatia,2026-08-10T19:40:29+00:00
batrovci-bajakovo,2026-08-10T21:49,10,10 min,hak_croatia,2026-08-10T19:55:41+00:00
batrovci-bajakovo,2026-08-10T22:56,5,5 min,anonymous_,2026-08-10T21:03:43+00:00
batrovci-bajakovo,2026-08-10T23:54,10,10 min,anonymous_,2026-08-10T22:10:35+00:00
batrovci-bajakovo,2026-08-11T00:57,5,5 min,anonymous_,2026-08-10T23:07:16+00:00
batrovci-bajakovo,2026-08-11T01:59,10,10 min,anonymous_,2026-08-11T00:04:14+00:00
batrovci-bajakovo,2026-08-11T02:54,5,5 min,anonymous_,2026-08-11T01:04:55+00:00
batrovci-bajakovo,2026-08-11T03:54,15,15 min,anonymous_,2026-08-11T02:05:36+00:00
batrovci-bajakovo,2026-08-11T04:54,10,10 min,anonymous_,2026-08-11T03:08:56+00:00
batrovci-bajakovo,2026-08-11T05:28,30,30 min,hak_croatia,2026-08-11T03:39:17+00:00
batrovci-bajakovo,2026-08-11T05:49,30,30 min,hak_croatia,2026-08-11T03:54:28+00:00
batrovci-bajakovo,2026-08-11T06:08,30,30 min,hak_croatia,2026-08-11T04:19:21+00:00
batrovci-bajakovo,2026-08-11T06:38,30,30 min,hak_croatia,2026-08-11T04:49:45+00:00
batrovci-bajakovo,2026-08-11T07:28,30,30 min,hak_croatia,2026-08-11T05:34:17+00:00
batrovci-bajakovo,2026-08-11T07:49,30,30 min,hak_croatia,2026-08-11T05:49:29+00:00
batrovci-bajakovo,2026-08-11T08:08,30,30 min,hak_croatia,2026-08-11T06:10:17+00:00
batrovci-bajakovo,2026-08-11T08:38,30,30 min,hak_croatia,2026-08-11T06:40:38+00:00
batrovci-bajakovo,2026-08-11T09:28,30,30 min,hak_croatia,2026-08-11T07:41:26+00:00
batrovci-bajakovo,2026-08-11T09:49,30,30 min,hak_croatia,2026-08-11T07:57:22+00:00
batrovci-bajakovo,2026-08-11T10:55,25,25 min,anonymous_,2026-08-11T09:10:13+00:00
batrovci-bajakovo,2026-08-11T11:28,30,30 min,hak_croatia,2026-08-11T09:40:35+00:00
batrovci-bajakovo,2026-08-11T11:49,30,30 min,hak_croatia,2026-08-11T10:00:07+00:00
batrovci-bajakovo,2026-08-11T12:08,30,30 min,hak_croatia,2026-08-11T10:15:31+00:00
batrovci-bajakovo,2026-08-11T12:38,30,30 min,hak_croatia,2026-08-11T10:52:48+00:00
batrovci-bajakovo,2026-08-11T13:16,40,40 min,anonymous,2026-08-11T11:23:13+00:00
batrovci-bajakovo,2026-08-11T14:38,30,30 min,hak_croatia,2026-08-11T12:42:10+00:00
batrovci-bajakovo,2026-08-11T14:29,35,35 min,anonymous_,2026-08-11T12:42:10+00:00
batrovci-bajakovo,2026-08-11T15:59,25,25 min,anonymous_,2026-08-11T14:02:40+00:00
batrovci-bajakovo,2026-08-11T16:20,90,1.5 h,anonymous,2026-08-11T14:33:04+00:00
batrovci-bajakovo,2026-08-11T17:08,20,20 min,anonymous,2026-08-11T15:12:26+00:00
batrovci-bajakovo,2026-08-11T18:05,180,3 h,anonymous,2026-08-11T16:13:13+00:00
batrovci-bajakovo,2026-08-11T18:01,30,30 min,anonymous,2026-08-11T16:13:13+00:00
batrovci-bajakovo,2026-08-11T17:59,10,10 min,anonymous,2026-08-11T16:13:13+00:00
batrovci-bajakovo,2026-08-11T18:05,180,3 h,anonymous,2026-08-11T16:13:46+00:00
batrovci-bajakovo,2026-08-11T18:01,30,30 min,anonymous,2026-08-11T16:13:46+00:00
batrovci-bajakovo,2026-08-11T17:59,10,10 min,anonymous,2026-08-11T16:13:46+00:00
batrovci-bajakovo,2026-08-11T19:23,150,2.5 h,anonymous_,2026-08-11T17:32:06+00:00
batrovci-bajakovo,2026-08-11T19:37,5,5 min,anonymous,2026-08-11T17:47:18+00:00
batrovci-bajakovo,2026-08-11T19:33,5,5 min,anonymous,2026-08-11T17:47:18+00:00
batrovci-bajakovo,2026-08-11T20:57,10,10 min,anonymous_,2026-08-11T19:11:17+00:00
batrovci-bajakovo,2026-08-11T21:26,15,15 min,anonymous,2026-08-11T19:29:55+00:00
batrovci-bajakovo,2026-08-11T22:23,10,10 min,anonymous_,2026-08-11T20:35:27+00:00
batrovci-bajakovo,2026-08-11T22:38,60,60 min,hak_croatia,2026-08-11T20:50:38+00:00
batrovci-bajakovo,2026-08-11T23:28,60,60 min,hak_croatia,2026-08-11T21:40:13+00:00
batrovci-bajakovo,2026-08-11T23:49,60,60 min,hak_croatia,2026-08-11T21:55:24+00:00
batrovci-bajakovo,2026-08-12T00:08,60,60 min,hak_croatia,2026-08-11T22:08:48+00:00
batrovci-bajakovo,2026-08-12T00:22,90,1.5 h,anonymous,2026-08-11T22:24:00+00:00
batrovci-bajakovo,2026-08-12T01:23,60,60 min,anonymous_,2026-08-11T23:37:57+00:00
batrovci-bajakovo,2026-08-12T01:49,60,60 min,hak_croatia,2026-08-11T23:53:07+00:00
batrovci-bajakovo,2026-08-12T02:08,60,60 min,hak_croatia,2026-08-12T00:18:23+00:00
batrovci-bajakovo,2026-08-12T02:28,60,60 min,hak_croatia,2026-08-12T00:33:35+00:00
batrovci-bajakovo,2026-08-12T02:38,60,60 min,hak_croatia,2026-08-12T00:48:48+00:00
batrovci-bajakovo,2026-08-12T03:02,120,2 h,anonymous,2026-08-12T01:04:00+00:00
batrovci-bajakovo,2026-08-12T02:49,60,60 min,hak_croatia,2026-08-12T01:04:00+00:00
batrovci-bajakovo,2026-08-12T04:24,90,1.5 h,anonymous_,2026-08-12T02:35:15+00:00
batrovci-bajakovo,2026-08-12T04:38,120,2 h,hak_croatia,2026-08-12T02:38:56+00:00
batrovci-bajakovo,2026-08-12T05:28,120,2 h,hak_croatia,2026-08-12T03:39:38+00:00
batrovci-bajakovo,2026-08-12T05:49,120,2 h,hak_croatia,2026-08-12T03:54:49+00:00
batrovci-bajakovo,2026-08-12T06:08,120,2 h,hak_croatia,2026-08-12T04:10:00+00:00
batrovci-bajakovo,2026-08-12T06:38,120,2 h,hak_croatia,2026-08-12T04:44:32+00:00
batrovci-bajakovo,2026-08-12T07:28,60,60 min,hak_croatia,2026-08-12T05:30:05+00:00
batrovci-bajakovo,2026-08-12T07:49,60,60 min,hak_croatia,2026-08-12T06:00:39+00:00
batrovci-bajakovo,2026-08-12T08:08,60,60 min,hak_croatia,2026-08-12T06:17:58+00:00
batrovci-bajakovo,2026-08-12T08:38,60,60 min,hak_croatia,2026-08-12T06:48:23+00:00
batrovci-bajakovo,2026-08-12T09:28,60,60 min,hak_croatia,2026-08-12T07:34:02+00:00
batrovci-bajakovo,2026-08-12T09:49,60,60 min,hak_croatia,2026-08-12T08:02:04+00:00
batrovci-bajakovo,2026-08-12T10:08,60,60 min,hak_croatia,2026-08-12T08:17:17+00:00
batrovci-bajakovo,2026-08-12T10:38,60,60 min,hak_croatia,2026-08-12T08:47:42+00:00
batrovci-bajakovo,2026-08-12T11:28,60,60 min,hak_croatia,2026-08-12T09:40:19+00:00
batrovci-bajakovo,2026-08-12T11:49,90,1.5 h,hak_croatia,2026-08-12T09:55:31+00:00
batrovci-bajakovo,2026-08-12T12:08,90,1.5 h,hak_croatia,2026-08-12T10:10:44+00:00
batrovci-bajakovo,2026-08-12T12:38,90,1.5 h,hak_croatia,2026-08-12T10:47:35+00:00
batrovci-bajakovo,2026-08-12T13:28,90,1.5 h,hak_croatia,2026-08-12T11:28:18+00:00
batrovci-bajakovo,2026-08-12T13:49,90,1.5 h,hak_croatia,2026-08-12T11:58:46+00:00
batrovci-bajakovo,2026-08-12T14:18,150,2.5 h,anonymous,2026-08-12T12:18:38+00:00
batrovci-bajakovo,2026-08-12T14:08,90,1.5 h,hak_croatia,2026-08-12T12:18:38+00:00
batrovci-bajakovo,2026-08-12T14:50,90,1.5 h,anonymous,2026-08-12T13:04:15+00:00
batrovci-bajakovo,2026-08-12T15:04,120,2 h,anonymous,2026-08-12T13:19:28+00:00
batrovci-bajakovo,2026-08-12T15:33,180,3 h,anonymous,2026-08-12T13:34:41+00:00
batrovci-bajakovo,2026-08-12T16:57,150,2.5 h,anonymous_,2026-08-12T15:01:59+00:00
batrovci-bajakovo,2026-08-12T17:28,60,60 min,hak_croatia,2026-08-12T15:32:20+00:00
batrovci-bajakovo,2026-08-12T17:58,240,4 h,anonymous,2026-08-12T15:59:04+00:00
batrovci-bajakovo,2026-08-12T17:49,60,60 min,hak_croatia,2026-08-12T15:59:04+00:00
batrovci-bajakovo,2026-08-12T18:46,25,25 min,anonymous,2026-08-12T16:56:20+00:00
batrovci-bajakovo,2026-08-12T19:28,10,10 min,anonymous,2026-08-12T17:41:50+00:00
batrovci-bajakovo,2026-08-12T20:09,180,3 h,anonymous,2026-08-12T18:16:01+00:00
batrovci-bajakovo,2026-08-12T21:29,150,2.5 h,anonymous_,2026-08-12T19:42:00+00:00
batrovci-bajakovo,2026-08-12T22:12,25,25 min,anonymous,2026-08-12T20:23:47+00:00
batrovci-bajakovo,2026-08-12T23:23,20,20 min,anonymous_,2026-08-12T21:43:50+00:00
batrovci-bajakovo,2026-08-13T00:40,50,50 min,anonymous,2026-08-12T22:42:48+00:00
batrovci-bajakovo,2026-08-13T00:26,15,15 min,anonymous_,2026-08-12T22:42:48+00:00
batrovci-bajakovo,2026-08-13T01:54,45,45 min,anonymous_,2026-08-13T00:08:47+00:00
batrovci-bajakovo,2026-08-13T02:58,40,40 min,anonymous_,2026-08-13T01:09:37+00:00
batrovci-bajakovo,2026-08-13T03:53,35,35 min,anonymous_,2026-08-13T02:10:25+00:00
batrovci-bajakovo,2026-08-13T04:55,45,45 min,anonymous,2026-08-13T03:11:10+00:00
batrovci-bajakovo,2026-08-13T05:59,40,40 min,anonymous_,2026-08-13T04:11:49+00:00
batrovci-bajakovo,2026-08-13T06:37,60,60 min,anonymous,2026-08-13T04:41:19+00:00
batrovci-bajakovo,2026-08-13T07:54,55,55 min,anonymous_,2026-08-13T06:08:07+00:00
batrovci-bajakovo,2026-08-13T08:54,50,50 min,anonymous_,2026-08-13T07:09:01+00:00
batrovci-bajakovo,2026-08-13T09:56,45,45 min,anonymous_,2026-08-13T08:13:03+00:00
batrovci-bajakovo,2026-08-13T10:47,60,60 min,anonymous,2026-08-13T08:58:40+00:00
batrovci-bajakovo,2026-08-13T11:57,55,55 min,anonymous_,2026-08-13T10:06:49+00:00
batrovci-bajakovo,2026-08-13T12:37,60,60 min,anonymous,2026-08-13T10:48:51+00:00
batrovci-bajakovo,2026-08-13T13:40,40,40 min,anonymous,2026-08-13T11:55:24+00:00
batrovci-bajakovo,2026-08-13T14:39,90,1.5 h,anonymous,2026-08-13T12:44:04+00:00
batrovci-bajakovo,2026-08-13T14:29,120,2 h,anonymous,2026-08-13T12:44:04+00:00
batrovci-bajakovo,2026-08-13T15:21,50,50 min,anonymous,2026-08-13T13:29:39+00:00
batrovci-bajakovo,2026-08-13T15:50,150,2.5 h,anonymous,2026-08-13T14:00:02+00:00
batrovci-bajakovo,2026-08-13T16:57,60,60 min,anonymous,2026-08-13T15:05:07+00:00
batrovci-bajakovo,2026-08-13T17:57,55,55 min,anonymous_,2026-08-13T16:12:12+00:00
batrovci-bajakovo,2026-08-13T19:06,180,3 h,anonymous,2026-08-13T17:13:59+00:00
batrovci-bajakovo,2026-08-13T18:56,50,50 min,anonymous_,2026-08-13T17:13:59+00:00
batrovci-bajakovo,2026-08-13T20:38,90,1.5 h,hak_croatia,2026-08-13T18:42:35+00:00
batrovci-bajakovo,2026-08-13T20:26,150,2.5 h,anonymous_,2026-08-13T18:42:35+00:00
batrovci-bajakovo,2026-08-13T21:28,90,1.5 h,hak_croatia,2026-08-13T19:28:12+00:00
batrovci-bajakovo,2026-08-13T21:49,90,1.5 h,hak_croatia,2026-08-13T20:00:11+00:00
batrovci-bajakovo,2026-08-13T22:08,90,1.5 h,hak_croatia,2026-08-13T20:08:11+00:00
batrovci-bajakovo,2026-08-13T22:11,60,60 min,anonymous,2026-08-13T20:23:55+00:00
batrovci-bajakovo,2026-08-13T22:45,210,3.5 h,anonymous,2026-08-13T20:54:20+00:00
batrovci-bajakovo,2026-08-13T23:09,90,1.5 h,anonymous,2026-08-13T21:23:23+00:00
batrovci-bajakovo,2026-08-14T00:27,150,2.5 h,anonymous,2026-08-13T22:37:09+00:00
batrovci-bajakovo,2026-08-14T00:48,180,3 h,anonymous,2026-08-13T22:52:22+00:00
batrovci-bajakovo,2026-08-14T01:09,90,1.5 h,anonymous,2026-08-13T23:14:14+00:00
batrovci-bajakovo,2026-08-14T02:16,240,4 h,anonymous,2026-08-14T00:23:02+00:00
batrovci-bajakovo,2026-08-14T03:27,210,3.5 h,anonymous_,2026-08-14T01:39:08+00:00
batrovci-bajakovo,2026-08-14T04:08,180,3 h,hak_croatia,2026-08-14T02:09:29+00:00
batrovci-bajakovo,2026-08-14T04:38,180,3 h,hak_croatia,2026-08-14T02:38:43+00:00
batrovci-bajakovo,2026-08-14T05:05,330,5.5 h,anonymous,2026-08-14T03:09:04+00:00
batrovci-bajakovo,2026-08-14T04:57,240,4 h,anonymous,2026-08-14T03:09:04+00:00
batrovci-bajakovo,2026-08-14T05:22,360,6 h,anonymous,2026-08-14T03:24:14+00:00
batrovci-bajakovo,2026-08-14T06:16,390,6.5 h,anonymous,2026-08-14T04:24:56+00:00
batrovci-bajakovo,2026-08-14T07:26,360,6 h,anonymous_,2026-08-14T05:31:36+00:00
batrovci-bajakovo,2026-08-14T08:00,25,25 min,anonymous,2026-08-14T06:01:59+00:00
batrovci-bajakovo,2026-08-14T07:49,120,2 h,hak_croatia,2026-08-14T06:01:59+00:00
batrovci-bajakovo,2026-08-14T08:56,25,25 min,anonymous,2026-08-14T07:03:56+00:00
batrovci-bajakovo,2026-08-14T09:27,10,10 min,anonymous,2026-08-14T07:34:19+00:00
batrovci-bajakovo,2026-08-14T10:05,10,10 min,anonymous,2026-08-14T08:16:28+00:00
batrovci-bajakovo,2026-08-14T10:38,10,10 min,anonymous,2026-08-14T08:46:49+00:00
batrovci-bajakovo,2026-08-14T11:03,10,10 min,anonymous,2026-08-14T09:07:18+00:00
batrovci-bajakovo,2026-08-14T11:45,10,10 min,anonymous,2026-08-14T09:52:36+00:00
batrovci-bajakovo,2026-08-14T12:21,20,20 min,anonymous,2026-08-14T10:22:56+00:00
batrovci-bajakovo,2026-08-14T12:28,10,10 min,anonymous,2026-08-14T10:38:07+00:00
batrovci-bajakovo,2026-08-14T12:55,60,60 min,anonymous,2026-08-14T11:05:57+00:00
batrovci-bajakovo,2026-08-14T13:13,60,60 min,anonymous,2026-08-14T11:21:09+00:00
batrovci-bajakovo,2026-08-14T13:12,10,10 min,anonymous,2026-08-14T11:21:09+00:00
batrovci-bajakovo,2026-08-14T13:10,90,1.5 h,anonymous,2026-08-14T11:21:09+00:00
batrovci-bajakovo,2026-08-14T14:21,10,10 min,anonymous,2026-08-14T12:24:18+00:00
batrovci-bajakovo,2026-08-14T15:02,10,10 min,anonymous,2026-08-14T13:09:50+00:00
batrovci-bajakovo,2026-08-14T15:23,10,10 min,anonymous,2026-08-14T13:25:01+00:00
batrovci-bajakovo,2026-08-14T15:30,180,3 h,anonymous,2026-08-14T13:34:42+00:00
batrovci-bajakovo,2026-08-14T16:00,10,10 min,anonymous,2026-08-14T14:05:16+00:00
batrovci-bajakovo,2026-08-14T15:50,10,10 min,anonymous,2026-08-14T14:05:16+00:00
batrovci-bajakovo,2026-08-14T16:16,30,30 min,anonymous,2026-08-14T14:20:27+00:00
batrovci-bajakovo,2026-08-14T16:26,210,3.5 h,anonymous,2026-08-14T14:35:16+00:00
batrovci-bajakovo,2026-08-14T16:25,50,50 min,anonymous,2026-08-14T14:35:16+00:00
batrovci-bajakovo,2026-08-14T16:40,5,5 min,anonymous,2026-08-14T14:50:29+00:00
batrovci-bajakovo,2026-08-14T17:10,60,60 min,anonymous,2026-08-14T15:20:55+00:00
batrovci-bajakovo,2026-08-14T17:43,5,5 min,anonymous,2026-08-14T15:57:32+00:00
batrovci-bajakovo,2026-08-14T18:25,90,1.5 h,anonymous,2026-08-14T16:27:51+00:00
batrovci-bajakovo,2026-08-14T18:50,5,5 min,anonymous,2026-08-14T16:58:17+00:00
batrovci-bajakovo,2026-08-14T19:33,5,5 min,anonymous,2026-08-14T17:48:46+00:00
batrovci-bajakovo,2026-08-14T20:29,20,20 min,anonymous,2026-08-14T18:44:29+00:00
batrovci-bajakovo,2026-08-14T20:57,90,1.5 h,anonymous,2026-08-14T18:59:43+00:00
batrovci-bajakovo,2026-08-14T20:57,5,5 min,anonymous,2026-08-14T18:59:43+00:00
batrovci-bajakovo,2026-08-14T21:27,120,2 h,anonymous,2026-08-14T19:30:08+00:00
batrovci-bajakovo,2026-08-14T21:16,90,1.5 h,anonymous,2026-08-14T19:30:08+00:00
batrovci-bajakovo,2026-08-14T21:36,30,30 min,anonymous,2026-08-14T19:48:49+00:00
batrovci-bajakovo,2026-08-14T21:53,120,2 h,anonymous,2026-08-14T20:04:01+00:00
batrovci-bajakovo,2026-08-14T21:52,5,5 min,anonymous,2026-08-14T20:04:01+00:00
batrovci-bajakovo,2026-08-14T21:49,120,2 h,anonymous,2026-08-14T20:04:01+00:00
batrovci-bajakovo,2026-08-14T22:10,150,2.5 h,anonymous,2026-08-14T20:22:08+00:00
batrovci-bajakovo,2026-08-14T23:29,120,2 h,anonymous_,2026-08-14T21:42:01+00:00
batrovci-bajakovo,2026-08-14T23:49,120,2 h,hak_croatia,2026-08-14T21:59:55+00:00
batrovci-bajakovo,2026-08-15T01:07,150,2.5 h,anonymous,2026-08-14T23:12:28+00:00
batrovci-bajakovo,2026-08-15T00:58,90,1.5 h,anonymous_,2026-08-14T23:12:28+00:00
batrovci-bajakovo,2026-08-15T02:24,120,2 h,anonymous_,2026-08-15T00:40:35+00:00
batrovci-bajakovo,2026-08-15T03:26,90,1.5 h,anonymous_,2026-08-15T01:41:19+00:00
batrovci-bajakovo,2026-08-15T04:27,60,60 min,anonymous_,2026-08-15T02:31:31+00:00
batrovci-bajakovo,2026-08-15T04:41,180,3 h,anonymous,2026-08-15T02:55:31+00:00
batrovci-bajakovo,2026-08-15T05:56,150,2.5 h,anonymous_,2026-08-15T04:06:47+00:00
batrovci-bajakovo,2026-08-15T06:08,90,1.5 h,hak_croatia,2026-08-15T04:21:58+00:00
batrovci-bajakovo,2026-08-15T06:38,90,1.5 h,hak_croatia,2026-08-15T04:44:28+00:00
batrovci-bajakovo,2026-08-15T07:17,180,3 h,anonymous,2026-08-15T05:26:45+00:00
batrovci-bajakovo,2026-08-15T08:38,90,1.5 h,hak_croatia,2026-08-15T06:44:28+00:00
batrovci-bajakovo,2026-08-15T08:23,150,2.5 h,anonymous_,2026-08-15T06:44:28+00:00
batrovci-bajakovo,2026-08-15T08:47,10,10 min,anonymous,2026-08-15T06:59:38+00:00
batrovci-bajakovo,2026-08-15T09:09,10,10 min,anonymous,2026-08-15T07:17:47+00:00
batrovci-bajakovo,2026-08-15T09:52,10,10 min,anonymous,2026-08-15T07:53:43+00:00
batrovci-bajakovo,2026-08-15T10:56,5,5 min,anonymous_,2026-08-15T09:04:28+00:00
batrovci-bajakovo,2026-08-15T11:37,90,1.5 h,anonymous,2026-08-15T09:42:51+00:00
batrovci-bajakovo,2026-08-15T11:35,10,10 min,anonymous,2026-08-15T09:42:51+00:00
batrovci-bajakovo,2026-08-15T11:28,90,1.5 h,hak_croatia,2026-08-15T09:42:51+00:00
batrovci-bajakovo,2026-08-15T12:43,240,4 h,anonymous,2026-08-15T10:50:56+00:00
batrovci-bajakovo,2026-08-15T12:41,270,4.5 h,anonymous,2026-08-15T10:50:56+00:00
batrovci-bajakovo,2026-08-15T13:35,120,2 h,anonymous,2026-08-15T11:45:42+00:00
batrovci-bajakovo,2026-08-15T13:52,10,10 min,anonymous,2026-08-15T12:06:38+00:00
batrovci-bajakovo,2026-08-15T14:42,150,2.5 h,anonymous,2026-08-15T12:47:25+00:00
batrovci-bajakovo,2026-08-15T15:34,10,10 min,anonymous,2026-08-15T13:38:25+00:00
batrovci-bajakovo,2026-08-15T16:01,45,45 min,anonymous,2026-08-15T14:04:54+00:00
batrovci-bajakovo,2026-08-15T16:19,15,15 min,anonymous,2026-08-15T14:20:06+00:00
batrovci-bajakovo,2026-08-15T16:31,10,10 min,anonymous,2026-08-15T14:35:18+00:00
batrovci-bajakovo,2026-08-15T16:27,120,2 h,anonymous,2026-08-15T14:35:18+00:00
batrovci-bajakovo,2026-08-15T16:49,60,60 min,anonymous,2026-08-15T14:50:29+00:00
batrovci-bajakovo,2026-08-15T17:15,50,50 min,anonymous,2026-08-15T15:26:48+00:00
batrovci-bajakovo,2026-08-15T17:14,90,1.5 h,anonymous,2026-08-15T15:26:48+00:00
batrovci-bajakovo,2026-08-15T18:26,180,3 h,anonymous,2026-08-15T16:36:13+00:00
batrovci-bajakovo,2026-08-15T18:25,50,50 min,anonymous,2026-08-15T16:36:13+00:00
batrovci-bajakovo,2026-08-15T18:23,10,10 min,anonymous,2026-08-15T16:36:13+00:00
batrovci-bajakovo,2026-08-15T18:53,270,4.5 h,anonymous,2026-08-15T16:57:43+00:00
batrovci-bajakovo,2026-08-15T19:01,420,7 h,anonymous,2026-08-15T17:12:55+00:00
batrovci-bajakovo,2026-08-15T20:19,15,15 min,anonymous,2026-08-15T18:23:10+00:00
batrovci-bajakovo,2026-08-15T20:19,240,4 h,anonymous,2026-08-15T18:23:10+00:00
batrovci-bajakovo,2026-08-15T21:04,15,15 min,anonymous,2026-08-15T19:10:21+00:00
batrovci-bajakovo,2026-08-15T21:48,240,4 h,anonymous,2026-08-15T19:55:26+00:00
batrovci-bajakovo,2026-08-15T22:53,210,3.5 h,anonymous_,2026-08-15T21:11:02+00:00
batrovci-bajakovo,2026-08-15T23:28,120,2 h,hak_croatia,2026-08-15T21:31:10+00:00
batrovci-bajakovo,2026-08-15T23:42,30,30 min,anonymous,2026-08-15T21:46:23+00:00
batrovci-bajakovo,2026-08-16T00:57,25,25 min,anonymous_,2026-08-15T23:01:57+00:00
batrovci-bajakovo,2026-08-16T01:28,120,2 h,hak_croatia,2026-08-15T23:30:12+00:00
batrovci-bajakovo,2026-08-16T01:49,90,1.5 h,hak_croatia,2026-08-15T23:52:13+00:00
batrovci-bajakovo,2026-08-16T02:08,90,1.5 h,hak_croatia,2026-08-16T00:22:33+00:00
batrovci-bajakovo,2026-08-16T02:28,90,1.5 h,hak_croatia,2026-08-16T00:37:44+00:00
batrovci-bajakovo,2026-08-16T02:49,90,1.5 h,hak_croatia,2026-08-16T00:49:53+00:00
batrovci-bajakovo,2026-08-16T02:38,90,1.5 h,hak_croatia,2026-08-16T00:49:53+00:00
batrovci-bajakovo,2026-08-16T03:55,60,60 min,anonymous_,2026-08-16T02:06:04+00:00
batrovci-bajakovo,2026-08-16T04:08,60,60 min,hak_croatia,2026-08-16T02:12:29+00:00
batrovci-bajakovo,2026-08-16T04:38,60,60 min,hak_croatia,2026-08-16T02:42:48+00:00
batrovci-bajakovo,2026-08-16T05:28,60,60 min,hak_croatia,2026-08-16T03:31:16+00:00
batrovci-bajakovo,2026-08-16T05:49,90,1.5 h,hak_croatia,2026-08-16T04:01:39+00:00
batrovci-bajakovo,2026-08-16T06:08,90,1.5 h,hak_croatia,2026-08-16T04:19:05+00:00
batrovci-bajakovo,2026-08-16T06:38,90,1.5 h,hak_croatia,2026-08-16T04:47:00+00:00
batrovci-bajakovo,2026-08-16T07:28,90,1.5 h,hak_croatia,2026-08-16T05:29:41+00:00
batrovci-bajakovo,2026-08-16T07:49,120,2 h,anonymous,2026-08-16T06:03:31+00:00
batrovci-bajakovo,2026-08-16T07:49,90,1.5 h,hak_croatia,2026-08-16T06:03:31+00:00
batrovci-bajakovo,2026-08-16T08:57,90,1.5 h,anonymous_,2026-08-16T07:01:12+00:00
batrovci-bajakovo,2026-08-16T09:28,30,30 min,hak_croatia,2026-08-16T07:34:45+00:00
batrovci-bajakovo,2026-08-16T09:49,30,30 min,hak_croatia,2026-08-16T07:56:07+00:00
batrovci-bajakovo,2026-08-16T10:08,30,30 min,hak_croatia,2026-08-16T08:11:18+00:00
batrovci-bajakovo,2026-08-16T10:08,30,30 min,hak_croatia,2026-08-16T08:11:43+00:00
batrovci-bajakovo,2026-08-16T10:38,30,30 min,hak_croatia,2026-08-16T08:42:04+00:00
batrovci-bajakovo,2026-08-16T11:11,40,40 min,anonymous,2026-08-16T09:17:53+00:00
batrovci-bajakovo,2026-08-16T12:38,60,60 min,hak_croatia,2026-08-16T10:39:10+00:00
batrovci-bajakovo,2026-08-16T12:23,35,35 min,anonymous_,2026-08-16T10:39:10+00:00
batrovci-bajakovo,2026-08-16T12:41,120,2 h,anonymous,2026-08-16T10:43:38+00:00
batrovci-bajakovo,2026-08-16T13:15,180,3 h,anonymous,2026-08-16T11:19:06+00:00
batrovci-bajakovo,2026-08-16T13:13,180,3 h,anonymous,2026-08-16T11:19:06+00:00
batrovci-bajakovo,2026-08-16T13:37,150,2.5 h,anonymous,2026-08-16T11:46:10+00:00
batrovci-bajakovo,2026-08-16T13:50,180,3 h,anonymous,2026-08-16T11:52:31+00:00
batrovci-bajakovo,2026-08-16T14:07,360,6 h,anonymous,2026-08-16T12:22:57+00:00
batrovci-bajakovo,2026-08-16T14:36,15,15 min,anonymous,2026-08-16T12:38:07+00:00
batrovci-bajakovo,2026-08-16T14:33,180,3 h,anonymous,2026-08-16T12:38:07+00:00
batrovci-bajakovo,2026-08-16T14:31,20,20 min,anonymous,2026-08-16T12:38:07+00:00
batrovci-bajakovo,2026-08-16T14:31,120,2 h,anonymous,2026-08-16T12:38:07+00:00
batrovci-bajakovo,2026-08-16T14:51,210,3.5 h,anonymous,2026-08-16T12:53:38+00:00
batrovci-bajakovo,2026-08-16T14:50,15,15 min,anonymous,2026-08-16T12:53:38+00:00
batrovci-bajakovo,2026-08-16T14:48,180,3 h,anonymous,2026-08-16T12:53:38+00:00
batrovci-bajakovo,2026-08-16T14:41,20,20 min,anonymous,2026-08-16T12:53:38+00:00
batrovci-bajakovo,2026-08-16T16:07,180,3 h,anonymous,2026-08-16T14:08:54+00:00
batrovci-bajakovo,2026-08-16T15:55,15,15 min,anonymous,2026-08-16T14:08:54+00:00
batrovci-bajakovo,2026-08-16T16:31,15,15 min,anonymous,2026-08-16T14:39:20+00:00
batrovci-bajakovo,2026-08-16T18:08,120,2 h,hak_croatia,2026-08-16T16:08:30+00:00
batrovci-bajakovo,2026-08-16T17:56,10,10 min,anonymous_,2026-08-16T16:08:30+00:00
batrovci-bajakovo,2026-08-16T18:38,120,2 h,hak_croatia,2026-08-16T16:52:16+00:00
batrovci-bajakovo,2026-08-16T19:28,60,60 min,hak_croatia,2026-08-16T17:28:51+00:00
batrovci-bajakovo,2026-08-16T19:49,60,60 min,hak_croatia,2026-08-16T17:51:34+00:00
batrovci-bajakovo,2026-08-16T20:08,60,60 min,hak_croatia,2026-08-16T18:14:30+00:00
batrovci-bajakovo,2026-08-16T20:38,60,60 min,hak_croatia,2026-08-16T18:44:54+00:00
batrovci-bajakovo,2026-08-16T21:18,15,15 min,anonymous,2026-08-16T19:27:16+00:00
batrovci-bajakovo,2026-08-16T22:23,10,10 min,anonymous_,2026-08-16T20:30:36+00:00
batrovci-bajakovo,2026-08-16T22:38,60,60 min,hak_croatia,2026-08-16T20:49:03+00:00
batrovci-bajakovo,2026-08-16T23:59,55,55 min,anonymous_,2026-08-16T22:06:54+00:00
batrovci-bajakovo,2026-08-17T00:58,50,50 min,anonymous_,2026-08-16T23:01:25+00:00
batrovci-bajakovo,2026-08-17T01:56,45,45 min,anonymous_,2026-08-17T00:06:59+00:00
batrovci-bajakovo,2026-08-17T02:59,40,40 min,anonymous_,2026-08-17T01:13:38+00:00
batrovci-bajakovo,2026-08-17T03:54,35,35 min,anonymous_,2026-08-17T02:10:43+00:00
batrovci-bajakovo,2026-08-17T05:06,45,45 min,anonymous,2026-08-17T03:11:29+00:00
batrovci-bajakovo,2026-08-17T04:58,30,30 min,anonymous_,2026-08-17T03:11:29+00:00
batrovci-bajakovo,2026-08-17T06:23,40,40 min,anonymous_,2026-08-17T04:37:32+00:00
batrovci-bajakovo,2026-08-17T06:38,30,30 min,hak_croatia,2026-08-17T04:52:43+00:00
batrovci-bajakovo,2026-08-17T07:28,30,30 min,hak_croatia,2026-08-17T05:41:13+00:00
batrovci-bajakovo,2026-08-17T07:49,30,30 min,hak_croatia,2026-08-17T06:00:10+00:00
batrovci-bajakovo,2026-08-17T08:08,30,30 min,hak_croatia,2026-08-17T06:15:35+00:00
batrovci-bajakovo,2026-08-17T08:38,30,30 min,hak_croatia,2026-08-17T06:38:23+00:00
batrovci-bajakovo,2026-08-17T09:28,30,30 min,hak_croatia,2026-08-17T07:36:09+00:00
batrovci-bajakovo,2026-08-17T09:49,30,30 min,hak_croatia,2026-08-17T07:51:19+00:00
batrovci-bajakovo,2026-08-17T10:59,90,1.5 h,anonymous,2026-08-17T09:08:09+00:00
batrovci-bajakovo,2026-08-17T11:53,60,60 min,anonymous_,2026-08-17T10:03:08+00:00
batrovci-bajakovo,2026-08-17T12:08,60,60 min,hak_croatia,2026-08-17T10:18:20+00:00
batrovci-bajakovo,2026-08-17T12:38,60,60 min,hak_croatia,2026-08-17T10:45:00+00:00
batrovci-bajakovo,2026-08-17T13:33,120,2 h,anonymous,2026-08-17T11:41:58+00:00
batrovci-bajakovo,2026-08-17T13:28,60,60 min,hak_croatia,2026-08-17T11:41:58+00:00
batrovci-bajakovo,2026-08-17T14:52,120,2 h,anonymous,2026-08-17T12:59:18+00:00
batrovci-bajakovo,2026-08-17T15:24,240,4 h,anonymous,2026-08-17T13:26:14+00:00
batrovci-bajakovo,2026-08-17T15:59,210,3.5 h,anonymous,2026-08-17T14:11:05+00:00
batrovci-bajakovo,2026-08-17T16:25,180,3 h,anonymous,2026-08-17T14:26:17+00:00
batrovci-bajakovo,2026-08-17T17:29,150,2.5 h,anonymous_,2026-08-17T15:41:36+00:00
batrovci-bajakovo,2026-08-17T17:49,60,60 min,hak_croatia,2026-08-17T15:59:57+00:00
batrovci-bajakovo,2026-08-17T18:08,60,60 min,hak_croatia,2026-08-17T16:09:47+00:00
batrovci-bajakovo,2026-08-17T18:38,60,60 min,hak_croatia,2026-08-17T16:40:10+00:00
batrovci-bajakovo,2026-08-17T19:28,60,60 min,hak_croatia,2026-08-17T17:29:54+00:00
batrovci-bajakovo,2026-08-17T19:49,60,60 min,hak_croatia,2026-08-17T17:49:02+00:00
batrovci-bajakovo,2026-08-17T20:08,60,60 min,hak_croatia,2026-08-17T18:16:37+00:00
batrovci-bajakovo,2026-08-17T20:44,150,2.5 h,anonymous,2026-08-17T18:47:03+00:00
batrovci-bajakovo,2026-08-17T20:38,60,60 min,hak_croatia,2026-08-17T18:47:03+00:00
batrovci-bajakovo,2026-08-17T21:19,240,4 h,anonymous,2026-08-17T19:33:27+00:00
batrovci-bajakovo,2026-08-17T22:38,120,2 h,hak_croatia,2026-08-17T20:38:18+00:00
batrovci-bajakovo,2026-08-17T22:27,210,3.5 h,anonymous_,2026-08-17T20:38:18+00:00
batrovci-bajakovo,2026-08-17T23:19,240,4 h,anonymous,2026-08-17T21:27:19+00:00
batrovci-bajakovo,2026-08-18T00:38,120,2 h,hak_croatia,2026-08-17T22:38:50+00:00
batrovci-bajakovo,2026-08-18T00:24,210,3.5 h,anonymous_,2026-08-17T22:38:50+00:00
batrovci-bajakovo,2026-08-18T01:28,10,10 min,hak_croatia,2026-08-17T23:38:57+00:00
batrovci-bajakovo,2026-08-18T01:49,10,10 min,hak_croatia,2026-08-17T23:56:40+00:00
batrovci-bajakovo,2026-08-18T02:12,150,2.5 h,anonymous,2026-08-18T00:18:03+00:00
batrovci-bajakovo,2026-08-18T02:08,120,2 h,hak_croatia,2026-08-18T00:18:03+00:00
batrovci-bajakovo,2026-08-18T03:26,210,3.5 h,anonymous,2026-08-18T01:33:56+00:00
batrovci-bajakovo,2026-08-18T03:45,300,5 h,anonymous,2026-08-18T01:47:10+00:00
batrovci-bajakovo,2026-08-18T04:59,270,4.5 h,anonymous_,2026-08-18T03:14:29+00:00
batrovci-bajakovo,2026-08-18T05:23,210,3.5 h,anonymous,2026-08-18T03:29:41+00:00
batrovci-bajakovo,2026-08-18T06:25,180,3 h,anonymous_,2026-08-18T04:33:04+00:00
batrovci-bajakovo,2026-08-18T06:38,120,2 h,hak_croatia,2026-08-18T04:48:16+00:00
batrovci-bajakovo,2026-08-18T07:28,120,2 h,hak_croatia,2026-08-18T05:39:14+00:00
batrovci-bajakovo,2026-08-18T07:49,120,2 h,hak_croatia,2026-08-18T05:54:26+00:00
batrovci-bajakovo,2026-08-18T08:08,30,30 min,hak_croatia,2026-08-18T06:09:39+00:00
batrovci-bajakovo,2026-08-18T08:38,30,30 min,hak_croatia,2026-08-18T06:47:58+00:00
batrovci-bajakovo,2026-08-18T09:28,30,30 min,hak_croatia,2026-08-18T07:40:05+00:00
batrovci-bajakovo,2026-08-18T09:49,30,30 min,hak_croatia,2026-08-18T07:55:16+00:00
batrovci-bajakovo,2026-08-18T10:08,30,30 min,hak_croatia,2026-08-18T08:12:40+00:00
batrovci-bajakovo,2026-08-18T10:38,30,30 min,hak_croatia,2026-08-18T08:43:00+00:00
batrovci-bajakovo,2026-08-18T11:28,30,30 min,hak_croatia,2026-08-18T09:33:39+00:00
batrovci-bajakovo,2026-08-18T11:49,30,30 min,hak_croatia,2026-08-18T09:53:41+00:00
batrovci-bajakovo,2026-08-18T12:08,60,60 min,hak_croatia,2026-08-18T10:08:53+00:00
batrovci-bajakovo,2026-08-18T12:38,60,60 min,hak_croatia,2026-08-18T10:39:14+00:00
batrovci-bajakovo,2026-08-18T13:28,60,60 min,hak_croatia,2026-08-18T11:41:39+00:00
batrovci-bajakovo,2026-08-18T13:49,60,60 min,hak_croatia,2026-08-18T12:00:44+00:00
batrovci-bajakovo,2026-08-18T14:08,120,2 h,hak_croatia,2026-08-18T12:15:42+00:00
batrovci-bajakovo,2026-08-18T14:38,120,2 h,hak_croatia,2026-08-18T12:46:07+00:00
batrovci-bajakovo,2026-08-18T15:09,150,2.5 h,anonymous,2026-08-18T13:13:37+00:00
batrovci-bajakovo,2026-08-18T16:23,120,2 h,anonymous_,2026-08-18T14:32:01+00:00
batrovci-bajakovo,2026-08-18T16:38,120,2 h,hak_croatia,2026-08-18T14:47:07+00:00
batrovci-bajakovo,2026-08-18T17:28,120,2 h,hak_croatia,2026-08-18T15:31:52+00:00
batrovci-bajakovo,2026-08-18T17:49,120,2 h,hak_croatia,2026-08-18T15:52:07+00:00
batrovci-bajakovo,2026-08-18T18:08,90,1.5 h,hak_croatia,2026-08-18T16:20:00+00:00
batrovci-bajakovo,2026-08-18T18:38,90,1.5 h,hak_croatia,2026-08-18T16:50:22+00:00
batrovci-bajakovo,2026-08-18T19:28,90,1.5 h,hak_croatia,2026-08-18T17:37:34+00:00
batrovci-bajakovo,2026-08-18T19:39,5,5 min,anonymous,2026-08-18T17:52:45+00:00
batrovci-bajakovo,2026-08-18T20:20,90,1.5 h,anonymous,2026-08-18T18:31:38+00:00
batrovci-bajakovo,2026-08-18T21:25,60,60 min,anonymous_,2026-08-18T19:35:31+00:00
batrovci-bajakovo,2026-08-18T21:49,90,1.5 h,hak_croatia,2026-08-18T19:50:44+00:00
batrovci-bajakovo,2026-08-18T22:01,5,5 min,anonymous,2026-08-18T20:09:25+00:00
batrovci-bajakovo,2026-08-18T23:23,15,15 min,anonymous_,2026-08-18T21:34:46+00:00
batrovci-bajakovo,2026-08-19T00:29,10,10 min,anonymous_,2026-08-18T22:36:27+00:00
batrovci-bajakovo,2026-08-19T01:29,5,5 min,anonymous_,2026-08-18T23:32:10+00:00
batrovci-bajakovo,2026-08-19T02:29,10,10 min,anonymous_,2026-08-19T00:38:51+00:00
batrovci-bajakovo,2026-08-19T03:25,5,5 min,anonymous_,2026-08-19T01:39:30+00:00
batrovci-bajakovo,2026-08-19T04:25,15,15 min,anonymous_,2026-08-19T02:34:17+00:00
batrovci-bajakovo,2026-08-19T05:26,10,10 min,anonymous_,2026-08-19T03:31:17+00:00
batrovci-bajakovo,2026-08-19T05:32,30,30 min,anonymous,2026-08-19T03:33:35+00:00
batrovci-bajakovo,2026-08-19T06:53,25,25 min,anonymous_,2026-08-19T05:12:03+00:00
batrovci-bajakovo,2026-08-19T07:56,20,20 min,anonymous_,2026-08-19T06:11:17+00:00
batrovci-bajakovo,2026-08-19T08:49,35,35 min,anonymous,2026-08-19T07:03:58+00:00
batrovci-bajakovo,2026-08-19T10:08,30,30 min,hak_croatia,2026-08-19T08:12:50+00:00
batrovci-bajakovo,2026-08-19T09:54,30,30 min,anonymous_,2026-08-19T08:12:50+00:00
batrovci-bajakovo,2026-08-19T10:38,30,30 min,hak_croatia,2026-08-19T08:43:12+00:00
batrovci-bajakovo,2026-08-19T11:28,30,30 min,hak_croatia,2026-08-19T09:35:30+00:00
batrovci-bajakovo,2026-08-19T11:49,30,30 min,hak_croatia,2026-08-19T09:50:42+00:00
batrovci-bajakovo,2026-08-19T12:08,30,30 min,hak_croatia,2026-08-19T10:10:09+00:00
batrovci-bajakovo,2026-08-19T12:38,30,30 min,hak_croatia,2026-08-19T10:40:36+00:00
batrovci-bajakovo,2026-08-19T13:28,30,30 min,hak_croatia,2026-08-19T11:42:10+00:00
batrovci-bajakovo,2026-08-19T13:49,30,30 min,hak_croatia,2026-08-19T12:00:09+00:00
batrovci-bajakovo,2026-08-19T14:56,25,25 min,anonymous_,2026-08-19T13:00:50+00:00
batrovci-bajakovo,2026-08-19T15:49,10,10 min,hak_croatia,2026-08-19T14:01:23+00:00
batrovci-bajakovo,2026-08-19T15:49,10,10 min,hak_croatia,2026-08-19T14:02:03+00:00
batrovci-bajakovo,2026-08-19T16:08,10,10 min,hak_croatia,2026-08-19T14:17:17+00:00
batrovci-bajakovo,2026-08-19T16:38,10,10 min,hak_croatia,2026-08-19T14:47:37+00:00
batrovci-bajakovo,2026-08-19T16:38,10,10 min,hak_croatia,2026-08-19T14:48:22+00:00
batrovci-bajakovo,2026-08-19T17:28,10,10 min,hak_croatia,2026-08-19T15:31:27+00:00
batrovci-bajakovo,2026-08-19T17:49,10,10 min,hak_croatia,2026-08-19T15:50:50+00:00
batrovci-bajakovo,2026-08-19T18:08,10,10 min,hak_croatia,2026-08-19T16:17:56+00:00
batrovci-bajakovo,2026-08-19T18:38,10,10 min,hak_croatia,2026-08-19T16:48:18+00:00
batrovci-bajakovo,2026-08-19T19:28,10,10 min,hak_croatia,2026-08-19T17:33:55+00:00
batrovci-bajakovo,2026-08-19T19:49,30,30 min,hak_croatia,2026-08-19T18:01:51+00:00
batrovci-bajakovo,2026-08-19T20:08,30,30 min,hak_croatia,2026-08-19T18:12:59+00:00
batrovci-bajakovo,2026-08-19T20:38,30,30 min,hak_croatia,2026-08-19T18:43:23+00:00
batrovci-bajakovo,2026-08-19T21:28,30,30 min,hak_croatia,2026-08-19T19:28:42+00:00
batrovci-bajakovo,2026-08-19T21:49,30,30 min,hak_croatia,2026-08-19T19:49:47+00:00
batrovci-bajakovo,2026-08-19T22:08,30,30 min,hak_croatia,2026-08-19T20:11:03+00:00
batrovci-bajakovo,2026-08-19T22:38,60,60 min,hak_croatia,2026-08-19T20:39:34+00:00
batrovci-bajakovo,2026-08-19T23:28,60,60 min,hak_croatia,2026-08-19T21:42:52+00:00
batrovci-bajakovo,2026-08-19T23:49,60,60 min,hak_croatia,2026-08-19T22:00:36+00:00
batrovci-bajakovo,2026-08-20T00:08,60,60 min,hak_croatia,2026-08-19T22:10:00+00:00
batrovci-bajakovo,2026-08-20T00:38,60,60 min,hak_croatia,2026-08-19T22:40:25+00:00
batrovci-bajakovo,2026-08-20T01:10,60,60 min,anonymous,2026-08-19T23:25:11+00:00
batrovci-bajakovo,2026-08-20T02:38,60,60 min,hak_croatia,2026-08-20T00:39:06+00:00
batrovci-bajakovo,2026-08-20T02:27,55,55 min,anonymous_,2026-08-20T00:39:06+00:00
batrovci-bajakovo,2026-08-20T02:49,60,60 min,hak_croatia,2026-08-20T00:54:18+00:00
batrovci-bajakovo,2026-08-20T03:55,55,55 min,anonymous_,2026-08-20T02:04:37+00:00
batrovci-bajakovo,2026-08-20T04:08,120,2 h,hak_croatia,2026-08-20T02:19:48+00:00
batrovci-bajakovo,2026-08-20T04:38,120,2 h,hak_croatia,2026-08-20T02:50:09+00:00
batrovci-bajakovo,2026-08-20T05:36,180,3 h,anonymous,2026-08-20T03:37:35+00:00
batrovci-bajakovo,2026-08-20T05:30,150,2.5 h,anonymous,2026-08-20T03:37:35+00:00
batrovci-bajakovo,2026-08-20T05:28,120,2 h,hak_croatia,2026-08-20T03:37:35+00:00
batrovci-bajakovo,2026-08-20T05:51,240,4 h,anonymous,2026-08-20T03:52:47+00:00
batrovci-bajakovo,2026-08-20T05:44,210,3.5 h,anonymous,2026-08-20T03:52:47+00:00
batrovci-bajakovo,2026-08-20T06:10,330,5.5 h,anonymous,2026-08-20T04:11:56+00:00
batrovci-bajakovo,2026-08-20T06:04,270,4.5 h,anonymous,2026-08-20T04:11:56+00:00
batrovci-bajakovo,2026-08-20T06:17,390,6.5 h,anonymous,2026-08-20T04:27:09+00:00
batrovci-bajakovo,2026-08-20T06:29,450,7.5 h,anonymous,2026-08-20T04:42:21+00:00
batrovci-bajakovo,2026-08-20T06:42,510,8.5 h,anonymous,2026-08-20T04:48:28+00:00
batrovci-bajakovo,2026-08-20T07:54,480,8 h,anonymous_,2026-08-20T06:06:38+00:00
batrovci-bajakovo,2026-08-20T08:08,120,2 h,hak_croatia,2026-08-20T06:21:49+00:00
batrovci-bajakovo,2026-08-20T08:34,180,3 h,anonymous,2026-08-20T06:42:08+00:00
batrovci-bajakovo,2026-08-20T08:46,390,6.5 h,anonymous,2026-08-20T06:57:19+00:00
batrovci-bajakovo,2026-08-20T09:07,330,5.5 h,anonymous,2026-08-20T07:12:31+00:00
batrovci-bajakovo,2026-08-20T08:58,360,6 h,anonymous,2026-08-20T07:12:31+00:00
batrovci-bajakovo,2026-08-20T09:58,270,4.5 h,anonymous,2026-08-20T08:08:14+00:00
batrovci-bajakovo,2026-08-20T10:53,30,30 min,anonymous,2026-08-20T08:53:56+00:00
batrovci-bajakovo,2026-08-20T11:27,30,30 min,anonymous,2026-08-20T09:30:42+00:00
batrovci-bajakovo,2026-08-20T11:57,210,3.5 h,anonymous,2026-08-20T10:01:33+00:00
batrovci-bajakovo,2026-08-20T12:14,360,6 h,anonymous,2026-08-20T10:29:47+00:00
batrovci-bajakovo,2026-08-20T12:39,390,6.5 h,anonymous,2026-08-20T10:44:58+00:00
batrovci-bajakovo,2026-08-20T13:54,360,6 h,anonymous_,2026-08-20T12:03:47+00:00
batrovci-bajakovo,2026-08-20T14:08,180,3 h,hak_croatia,2026-08-20T12:16:53+00:00
batrovci-bajakovo,2026-08-20T14:38,180,3 h,hak_croatia,2026-08-20T12:47:20+00:00
batrovci-bajakovo,2026-08-20T15:06,390,6.5 h,anonymous,2026-08-20T13:17:07+00:00
batrovci-bajakovo,2026-08-20T15:28,25,25 min,anonymous,2026-08-20T13:32:18+00:00
batrovci-bajakovo,2026-08-20T15:28,210,3.5 h,anonymous,2026-08-20T13:32:18+00:00
batrovci-bajakovo,2026-08-20T15:59,180,3 h,anonymous,2026-08-20T14:02:39+00:00
batrovci-bajakovo,2026-08-20T16:15,60,60 min,anonymous,2026-08-20T14:20:25+00:00
batrovci-bajakovo,2026-08-20T16:07,25,25 min,anonymous,2026-08-20T14:20:25+00:00
batrovci-bajakovo,2026-08-20T16:28,270,4.5 h,anonymous,2026-08-20T14:35:38+00:00
batrovci-bajakovo,2026-08-20T16:44,420,7 h,anonymous,2026-08-20T14:50:51+00:00
batrovci-bajakovo,2026-08-20T16:44,420,7 h,anonymous,2026-08-20T14:51:25+00:00
batrovci-bajakovo,2026-08-20T16:54,540,9 h,anonymous,2026-08-20T15:06:42+00:00
batrovci-bajakovo,2026-08-20T17:17,750,12.5 h,anonymous,2026-08-20T15:21:53+00:00
batrovci-bajakovo,2026-08-20T17:28,780,13 h,anonymous,2026-08-20T15:38:40+00:00
batrovci-bajakovo,2026-08-20T18:24,750,12.5 h,anonymous_,2026-08-20T16:33:37+00:00
batrovci-bajakovo,2026-08-20T18:38,240,4 h,hak_croatia,2026-08-20T16:47:44+00:00
batrovci-bajakovo,2026-08-20T19:15,150,2.5 h,anonymous,2026-08-20T17:15:38+00:00
batrovci-bajakovo,2026-08-20T20:29,120,2 h,anonymous_,2026-08-20T18:36:42+00:00
batrovci-bajakovo,2026-08-20T20:38,120,2 h,hak_croatia,2026-08-20T18:51:55+00:00
batrovci-bajakovo,2026-08-20T21:15,90,1.5 h,anonymous,2026-08-20T19:23:49+00:00
batrovci-bajakovo,2026-08-20T22:38,5,5 min,anonymous,2026-08-20T20:44:50+00:00
batrovci-bajakovo,2026-08-20T22:38,120,2 h,hak_croatia,2026-08-20T20:44:50+00:00
batrovci-bajakovo,2026-08-20T22:24,60,60 min,anonymous_,2026-08-20T20:44:50+00:00
batrovci-bajakovo,2026-08-20T22:54,5,5 min,anonymous,2026-08-20T21:06:43+00:00
batrovci-bajakovo,2026-08-20T23:56,10,10 min,anonymous_,2026-08-20T22:03:39+00:00
batrovci-bajakovo,2026-08-21T00:08,120,2 h,hak_croatia,2026-08-20T22:12:12+00:00
batrovci-bajakovo,2026-08-21T00:32,120,2 h,anonymous,2026-08-20T22:42:37+00:00
batrovci-bajakovo,2026-08-21T01:58,90,1.5 h,anonymous_,2026-08-21T00:00:06+00:00
batrovci-bajakovo,2026-08-21T02:12,300,5 h,anonymous,2026-08-21T00:15:35+00:00
batrovci-bajakovo,2026-08-21T03:24,270,4.5 h,anonymous_,2026-08-21T01:41:55+00:00
batrovci-bajakovo,2026-08-21T04:28,240,4 h,anonymous_,2026-08-21T02:40:44+00:00
batrovci-bajakovo,2026-08-21T05:29,210,3.5 h,anonymous_,2026-08-21T03:40:58+00:00
batrovci-bajakovo,2026-08-21T05:49,90,1.5 h,hak_croatia,2026-08-21T03:56:10+00:00
batrovci-bajakovo,2026-08-21T06:08,90,1.5 h,hak_croatia,2026-08-21T04:11:21+00:00
batrovci-bajakovo,2026-08-21T06:38,90,1.5 h,hak_croatia,2026-08-21T04:50:04+00:00
batrovci-bajakovo,2026-08-21T07:28,90,1.5 h,hak_croatia,2026-08-21T05:29:53+00:00
batrovci-bajakovo,2026-08-21T07:49,90,1.5 h,hak_croatia,2026-08-21T05:58:23+00:00
batrovci-bajakovo,2026-08-21T08:08,90,1.5 h,hak_croatia,2026-08-21T06:13:33+00:00
batrovci-bajakovo,2026-08-21T08:38,90,1.5 h,hak_croatia,2026-08-21T06:50:13+00:00
batrovci-bajakovo,2026-08-21T09:24,90,1.5 h,anonymous,2026-08-21T07:28:39+00:00
batrovci-bajakovo,2026-08-21T10:25,60,60 min,anonymous_,2026-08-21T08:31:32+00:00
batrovci-bajakovo,2026-08-21T11:18,150,2.5 h,anonymous,2026-08-21T09:24:05+00:00
batrovci-bajakovo,2026-08-21T12:24,120,2 h,anonymous_,2026-08-21T10:30:40+00:00
batrovci-bajakovo,2026-08-21T12:38,120,2 h,hak_croatia,2026-08-21T10:45:55+00:00
batrovci-bajakovo,2026-08-21T13:28,120,2 h,hak_croatia,2026-08-21T11:35:47+00:00
batrovci-bajakovo,2026-08-21T13:49,120,2 h,hak_croatia,2026-08-21T11:51:00+00:00
batrovci-bajakovo,2026-08-21T13:55,150,2.5 h,anonymous,2026-08-21T11:59:20+00:00
batrovci-bajakovo,2026-08-21T14:08,30,30 min,anonymous,2026-08-21T12:14:33+00:00
batrovci-bajakovo,2026-08-21T15:30,30,30 min,anonymous,2026-08-21T13:36:09+00:00
batrovci-bajakovo,2026-08-21T15:27,25,25 min,anonymous_,2026-08-21T13:36:09+00:00
batrovci-bajakovo,2026-08-21T15:59,120,2 h,anonymous,2026-08-21T14:10:49+00:00
batrovci-bajakovo,2026-08-21T16:23,30,30 min,anonymous,2026-08-21T14:26:00+00:00
batrovci-bajakovo,2026-08-21T17:23,240,4 h,anonymous,2026-08-21T15:33:49+00:00
batrovci-bajakovo,2026-08-21T17:36,120,2 h,anonymous,2026-08-21T15:49:01+00:00
batrovci-bajakovo,2026-08-21T18:56,90,1.5 h,anonymous_,2026-08-21T17:02:25+00:00
batrovci-bajakovo,2026-08-21T19:28,180,3 h,hak_croatia,2026-08-21T17:30:07+00:00
batrovci-bajakovo,2026-08-21T19:30,180,3 h,anonymous,2026-08-21T17:45:36+00:00
batrovci-bajakovo,2026-08-21T20:16,30,30 min,anonymous,2026-08-21T18:18:16+00:00
batrovci-bajakovo,2026-08-21T21:01,240,4 h,anonymous,2026-08-21T19:02:33+00:00
batrovci-bajakovo,2026-08-21T21:03,360,6 h,anonymous,2026-08-21T19:17:44+00:00
batrovci-bajakovo,2026-08-21T21:24,600,10 h,anonymous,2026-08-21T19:32:51+00:00
batrovci-bajakovo,2026-08-21T21:36,780,13 h,anonymous,2026-08-21T19:48:02+00:00
batrovci-bajakovo,2026-08-21T21:34,660,11 h,anonymous,2026-08-21T19:48:02+00:00
batrovci-bajakovo,2026-08-21T22:20,780,13 h,anonymous,2026-08-21T20:32:02+00:00
batrovci-bajakovo,2026-08-21T23:12,600,10 h,anonymous,2026-08-21T21:25:11+00:00
batrovci-bajakovo,2026-08-22T00:13,420,7 h,anonymous,2026-08-21T22:21:44+00:00
batrovci-bajakovo,2026-08-22T00:08,480,8 h,anonymous,2026-08-21T22:21:44+00:00
batrovci-bajakovo,2026-08-22T00:44,300,5 h,anonymous,2026-08-21T22:53:44+00:00
batrovci-bajakovo,2026-08-22T02:08,360,6 h,hak_croatia,2026-08-22T00:13:36+00:00
batrovci-bajakovo,2026-08-22T01:59,270,4.5 h,anonymous_,2026-08-22T00:13:36+00:00
batrovci-bajakovo,2026-08-22T02:38,360,6 h,hak_croatia,2026-08-22T00:38:50+00:00
batrovci-bajakovo,2026-08-22T02:28,360,6 h,hak_croatia,2026-08-22T00:38:50+00:00
batrovci-bajakovo,2026-08-22T02:49,360,6 h,hak_croatia,2026-08-22T00:54:03+00:00
batrovci-bajakovo,2026-08-22T03:29,600,10 h,anonymous,2026-08-22T01:39:39+00:00
batrovci-bajakovo,2026-08-22T03:52,360,6 h,anonymous,2026-08-22T01:54:52+00:00
batrovci-bajakovo,2026-08-22T04:43,360,6 h,anonymous,2026-08-22T02:48:26+00:00
batrovci-bajakovo,2026-08-22T05:28,330,5.5 h,anonymous,2026-08-22T03:33:57+00:00
batrovci-bajakovo,2026-08-22T06:38,360,6 h,hak_croatia,2026-08-22T04:39:52+00:00
batrovci-bajakovo,2026-08-22T06:23,300,5 h,anonymous_,2026-08-22T04:39:52+00:00
batrovci-bajakovo,2026-08-22T07:28,360,6 h,hak_croatia,2026-08-22T05:32:44+00:00
batrovci-bajakovo,2026-08-22T07:49,360,6 h,hak_croatia,2026-08-22T05:52:40+00:00
batrovci-bajakovo,2026-08-22T08:04,390,6.5 h,anonymous,2026-08-22T06:07:52+00:00
batrovci-bajakovo,2026-08-22T07:59,420,7 h,anonymous,2026-08-22T06:07:52+00:00
batrovci-bajakovo,2026-08-22T08:13,60,60 min,anonymous,2026-08-22T06:14:53+00:00
batrovci-bajakovo,2026-08-22T08:09,15,15 min,anonymous,2026-08-22T06:14:53+00:00
batrovci-bajakovo,2026-08-22T08:09,150,2.5 h,anonymous,2026-08-22T06:14:53+00:00
batrovci-bajakovo,2026-08-22T08:28,15,15 min,anonymous,2026-08-22T06:30:05+00:00
batrovci-bajakovo,2026-08-22T09:01,210,3.5 h,anonymous,2026-08-22T07:04:54+00:00
batrovci-bajakovo,2026-08-22T09:10,15,15 min,anonymous,2026-08-22T07:20:05+00:00
batrovci-bajakovo,2026-08-22T09:24,15,15 min,anonymous,2026-08-22T07:35:15+00:00
batrovci-bajakovo,2026-08-22T09:39,15,15 min,anonymous,2026-08-22T07:41:16+00:00
batrovci-bajakovo,2026-08-22T10:44,15,15 min,anonymous,2026-08-22T08:52:15+00:00
batrovci-bajakovo,2026-08-22T11:31,150,2.5 h,anonymous,2026-08-22T09:34:22+00:00
batrovci-bajakovo,2026-08-22T11:43,15,15 min,anonymous,2026-08-22T09:46:59+00:00
batrovci-bajakovo,2026-08-22T12:06,180,3 h,anonymous,2026-08-22T10:07:35+00:00
batrovci-bajakovo,2026-08-22T13:26,150,2.5 h,anonymous_,2026-08-22T11:32:25+00:00
batrovci-bajakovo,2026-08-22T13:49,120,2 h,hak_croatia,2026-08-22T11:53:11+00:00
batrovci-bajakovo,2026-08-22T13:54,10,10 min,anonymous,2026-08-22T12:08:23+00:00
batrovci-bajakovo,2026-08-22T15:10,180,3 h,anonymous,2026-08-22T13:11:30+00:00
batrovci-bajakovo,2026-08-22T14:54,5,5 min,anonymous_,2026-08-22T13:11:30+00:00
batrovci-bajakovo,2026-08-22T16:24,150,2.5 h,anonymous_,2026-08-22T14:33:52+00:00
batrovci-bajakovo,2026-08-22T16:38,120,2 h,hak_croatia,2026-08-22T14:49:04+00:00
batrovci-bajakovo,2026-08-22T17:33,180,3 h,anonymous,2026-08-22T15:47:01+00:00
batrovci-bajakovo,2026-08-22T18:17,180,3 h,anonymous,2026-08-22T16:23:08+00:00
batrovci-bajakovo,2026-08-22T18:31,300,5 h,anonymous,2026-08-22T16:36:11+00:00
batrovci-bajakovo,2026-08-22T19:19,360,6 h,anonymous,2026-08-22T17:28:21+00:00
batrovci-bajakovo,2026-08-22T20:38,180,3 h,hak_croatia,2026-08-22T18:38:58+00:00
batrovci-bajakovo,2026-08-22T20:28,330,5.5 h,anonymous_,2026-08-22T18:38:58+00:00
batrovci-bajakovo,2026-08-22T21:34,420,7 h,anonymous,2026-08-22T19:41:06+00:00
batrovci-bajakovo,2026-08-22T21:28,180,3 h,hak_croatia,2026-08-22T19:41:06+00:00
batrovci-bajakovo,2026-08-22T23:05,450,7.5 h,anonymous,2026-08-22T21:11:34+00:00
batrovci-bajakovo,2026-08-22T22:59,390,6.5 h,anonymous_,2026-08-22T21:11:34+00:00
batrovci-bajakovo,2026-08-23T00:26,420,7 h,anonymous_,2026-08-22T22:33:34+00:00
batrovci-bajakovo,2026-08-23T01:30,180,3 h,anonymous,2026-08-22T23:30:48+00:00
batrovci-bajakovo,2026-08-23T01:39,270,4.5 h,anonymous,2026-08-22T23:45:59+00:00
batrovci-bajakovo,2026-08-23T02:56,240,4 h,anonymous_,2026-08-23T01:08:54+00:00
batrovci-bajakovo,2026-08-23T03:58,210,3.5 h,anonymous_,2026-08-23T02:11:39+00:00
batrovci-bajakovo,2026-08-23T04:57,180,3 h,anonymous_,2026-08-23T03:12:01+00:00
batrovci-bajakovo,2026-08-23T05:28,180,3 h,hak_croatia,2026-08-23T03:42:24+00:00
batrovci-bajakovo,2026-08-23T05:49,180,3 h,hak_croatia,2026-08-23T03:57:35+00:00
batrovci-bajakovo,2026-08-23T06:08,180,3 h,hak_croatia,2026-08-23T04:20:57+00:00
batrovci-bajakovo,2026-08-23T06:38,180,3 h,hak_croatia,2026-08-23T04:49:28+00:00
batrovci-bajakovo,2026-08-23T07:28,180,3 h,hak_croatia,2026-08-23T05:32:15+00:00
batrovci-bajakovo,2026-08-23T07:49,180,3 h,hak_croatia,2026-08-23T05:50:11+00:00
batrovci-bajakovo,2026-08-23T07:54,150,2.5 h,anonymous,2026-08-23T06:05:21+00:00
batrovci-bajakovo,2026-08-23T08:43,10,10 min,anonymous,2026-08-23T06:48:48+00:00
batrovci-bajakovo,2026-08-23T09:40,210,3.5 h,anonymous,2026-08-23T07:45:28+00:00
batrovci-bajakovo,2026-08-23T10:22,120,2 h,anonymous,2026-08-23T08:28:13+00:00
batrovci-bajakovo,2026-08-23T10:33,15,15 min,anonymous,2026-08-23T08:43:25+00:00
batrovci-bajakovo,2026-08-23T10:59,210,3.5 h,anonymous,2026-08-23T09:07:54+00:00
batrovci-bajakovo,2026-08-23T11:53,15,15 min,anonymous,2026-08-23T10:08:15+00:00
batrovci-bajakovo,2026-08-23T12:13,40,40 min,anonymous,2026-08-23T10:23:47+00:00
batrovci-bajakovo,2026-08-23T12:25,15,15 min,anonymous,2026-08-23T10:38:59+00:00
batrovci-bajakovo,2026-08-23T12:43,150,2.5 h,anonymous,2026-08-23T10:45:18+00:00
batrovci-bajakovo,2026-08-23T13:05,180,3 h,anonymous,2026-08-23T11:07:52+00:00
batrovci-bajakovo,2026-08-23T13:50,240,4 h,anonymous,2026-08-23T11:55:44+00:00
batrovci-bajakovo,2026-08-23T14:30,150,2.5 h,anonymous,2026-08-23T12:32:06+00:00
batrovci-bajakovo,2026-08-23T14:38,180,3 h,anonymous,2026-08-23T12:47:17+00:00
batrovci-bajakovo,2026-08-23T16:08,120,2 h,hak_croatia,2026-08-23T14:09:23+00:00
batrovci-bajakovo,2026-08-23T15:53,150,2.5 h,anonymous_,2026-08-23T14:09:23+00:00
batrovci-bajakovo,2026-08-23T16:38,120,2 h,hak_croatia,2026-08-23T14:39:48+00:00
batrovci-bajakovo,2026-08-23T17:15,120,2 h,anonymous,2026-08-23T15:22:46+00:00
batrovci-bajakovo,2026-08-23T17:31,150,2.5 h,anonymous,2026-08-23T15:38:02+00:00
batrovci-bajakovo,2026-08-23T18:53,120,2 h,anonymous_,2026-08-23T17:07:58+00:00
batrovci-bajakovo,2026-08-23T19:28,90,1.5 h,hak_croatia,2026-08-23T17:39:51+00:00
batrovci-bajakovo,2026-08-23T19:49,90,1.5 h,hak_croatia,2026-08-23T17:55:03+00:00
batrovci-bajakovo,2026-08-23T20:02,15,15 min,anonymous,2026-08-23T18:16:26+00:00
batrovci-bajakovo,2026-08-23T21:23,10,10 min,anonymous_,2026-08-23T19:41:07+00:00
batrovci-bajakovo,2026-08-23T21:49,90,1.5 h,hak_croatia,2026-08-23T19:56:19+00:00
batrovci-bajakovo,2026-08-23T22:08,90,1.5 h,hak_croatia,2026-08-23T20:16:08+00:00
batrovci-bajakovo,2026-08-23T22:38,90,1.5 h,hak_croatia,2026-08-23T20:50:13+00:00
batrovci-bajakovo,2026-08-23T23:28,30,30 min,hak_croatia,2026-08-23T21:31:30+00:00
batrovci-bajakovo,2026-08-23T23:49,30,30 min,hak_croatia,2026-08-23T21:52:47+00:00
batrovci-bajakovo,2026-08-24T00:08,30,30 min,hak_croatia,2026-08-23T22:07:59+00:00
batrovci-bajakovo,2026-08-24T00:37,60,60 min,anonymous,2026-08-23T22:48:52+00:00
batrovci-bajakovo,2026-08-24T01:20,30,30 min,anonymous,2026-08-23T23:24:43+00:00
batrovci-bajakovo,2026-08-24T01:52,210,3.5 h,anonymous,2026-08-23T23:52:40+00:00
batrovci-bajakovo,2026-08-24T02:28,300,5 h,anonymous,2026-08-24T00:38:13+00:00
batrovci-bajakovo,2026-08-24T03:29,270,4.5 h,anonymous_,2026-08-24T01:39:07+00:00
batrovci-bajakovo,2026-08-24T04:08,30,30 min,hak_croatia,2026-08-24T02:08:56+00:00
batrovci-bajakovo,2026-08-24T04:38,30,30 min,hak_croatia,2026-08-24T02:39:17+00:00
batrovci-bajakovo,2026-08-24T05:24,20,20 min,anonymous,2026-08-24T03:27:48+00:00
batrovci-bajakovo,2026-08-24T05:30,35,35 min,anonymous,2026-08-24T03:42:59+00:00
batrovci-bajakovo,2026-08-24T06:38,30,30 min,hak_croatia,2026-08-24T04:41:00+00:00
batrovci-bajakovo,2026-08-24T06:26,30,30 min,anonymous_,2026-08-24T04:41:00+00:00
batrovci-bajakovo,2026-08-24T07:28,30,30 min,hak_croatia,2026-08-24T05:36:16+00:00
batrovci-bajakovo,2026-08-24T07:49,30,30 min,hak_croatia,2026-08-24T05:50:28+00:00
batrovci-bajakovo,2026-08-24T08:08,30,30 min,hak_croatia,2026-08-24T06:20:49+00:00
batrovci-bajakovo,2026-08-24T08:38,30,30 min,hak_croatia,2026-08-24T06:46:45+00:00
batrovci-bajakovo,2026-08-24T09:28,30,30 min,hak_croatia,2026-08-24T07:32:21+00:00
batrovci-bajakovo,2026-08-24T09:49,30,30 min,hak_croatia,2026-08-24T07:57:04+00:00
batrovci-bajakovo,2026-08-24T10:08,10,10 min,hak_croatia,2026-08-24T08:12:16+00:00
batrovci-bajakovo,2026-08-24T10:46,90,1.5 h,anonymous,2026-08-24T08:46:07+00:00
batrovci-bajakovo,2026-08-24T10:38,60,60 min,hak_croatia,2026-08-24T08:46:07+00:00
batrovci-bajakovo,2026-08-24T11:02,90,1.5 h,anonymous,2026-08-24T09:16:33+00:00
batrovci-bajakovo,2026-08-24T11:24,120,2 h,anonymous,2026-08-24T09:27:37+00:00
batrovci-bajakovo,2026-08-24T11:17,150,2.5 h,anonymous,2026-08-24T09:27:37+00:00
batrovci-bajakovo,2026-08-24T12:23,90,1.5 h,anonymous,2026-08-24T10:35:17+00:00
batrovci-bajakovo,2026-08-24T12:46,90,1.5 h,anonymous,2026-08-24T10:50:29+00:00
batrovci-bajakovo,2026-08-24T13:36,90,1.5 h,anonymous,2026-08-24T11:38:42+00:00
batrovci-bajakovo,2026-08-24T13:30,330,5.5 h,anonymous,2026-08-24T11:38:42+00:00
batrovci-bajakovo,2026-08-24T13:54,120,2 h,anonymous,2026-08-24T12:09:05+00:00
batrovci-bajakovo,2026-08-24T14:10,150,2.5 h,anonymous,2026-08-24T12:17:17+00:00
batrovci-bajakovo,2026-08-24T15:20,150,2.5 h,anonymous,2026-08-24T13:24:59+00:00
batrovci-bajakovo,2026-08-24T16:28,120,2 h,anonymous_,2026-08-24T14:37:14+00:00
batrovci-bajakovo,2026-08-24T16:38,120,2 h,hak_croatia,2026-08-24T14:52:24+00:00
batrovci-bajakovo,2026-08-24T17:28,120,2 h,hak_croatia,2026-08-24T15:37:53+00:00
batrovci-bajakovo,2026-08-24T17:49,120,2 h,hak_croatia,2026-08-24T15:53:06+00:00
batrovci-bajakovo,2026-08-24T17:49,120,2 h,hak_croatia,2026-08-24T15:53:53+00:00
batrovci-bajakovo,2026-08-24T18:08,120,2 h,hak_croatia,2026-08-24T16:09:09+00:00
batrovci-bajakovo,2026-08-24T18:38,120,2 h,hak_croatia,2026-08-24T16:39:32+00:00
