crossing,reported_at,value_min,value_raw,reporter,scraped_at_utc
bogorodica-evzoni,2026-06-16T22:23,10,10 min,anonymous_,2026-06-16T20:59:42+00:00
bogorodica-evzoni,2026-06-16T21:23,5,5 min,anonymous_,2026-06-16T20:59:42+00:00
bogorodica-evzoni,2026-06-16T20:29,10,10 min,anonymous_,2026-06-16T20:59:42+00:00
bogorodica-evzoni,2026-06-16T19:23,5,5 min,anonymous_,2026-06-16T20:59:42+00:00
bogorodica-evzoni,2026-06-16T18:29,10,10 min,anonymous_,2026-06-16T20:59:42+00:00
bogorodica-evzoni,2026-06-16T17:25,15,15 min,anonymous_,2026-06-16T20:59:42+00:00
bogorodica-evzoni,2026-06-16T16:29,5,5 min,anonymous_,2026-06-16T20:59:42+00:00
bogorodica-evzoni,2026-06-16T15:25,10,10 min,anonymous_,2026-06-16T20:59:42+00:00
bogorodica-evzoni,2026-06-16T23:29,5,5 min,anonymous_,2026-06-16T21:45:34+00:00
bogorodica-evzoni,2026-06-17T00:26,10,10 min,anonymous_,2026-06-16T22:30:21+00:00
bogorodica-evzoni,2026-06-17T03:29,10,10 min,anonymous_,2026-06-17T01:40:44+00:00
bogorodica-evzoni,2026-06-17T02:27,15,15 min,anonymous_,2026-06-17T01:40:44+00:00
bogorodica-evzoni,2026-06-17T01:27,5,5 min,anonymous_,2026-06-17T01:40:44+00:00
bogorodica-evzoni,2026-06-17T06:30,15,15 min,anonymous,2026-06-17T05:27:43+00:00
bogorodica-evzoni,2026-06-17T06:29,10,10 min,anonymous_,2026-06-17T05:27:43+00:00
bogorodica-evzoni,2026-06-17T05:25,15,15 min,anonymous_,2026-06-17T05:27:43+00:00
bogorodica-evzoni,2026-06-17T04:28,5,5 min,anonymous_,2026-06-17T05:27:43+00:00
bogorodica-evzoni,2026-06-17T07:26,10,10 min,anonymous_,2026-06-17T06:13:33+00:00
bogorodica-evzoni,2026-06-17T08:25,5,5 min,anonymous_,2026-06-17T06:43:46+00:00
bogorodica-evzoni,2026-06-17T08:44,10,10 min,anonymous,2026-06-17T06:58:52+00:00
bogorodica-evzoni,2026-06-17T09:58,5,5 min,anonymous_,2026-06-17T08:14:24+00:00
bogorodica-evzoni,2026-06-17T10:26,10,10 min,anonymous,2026-06-17T08:29:31+00:00
bogorodica-evzoni,2026-06-17T10:48,15,15 min,anonymous,2026-06-17T08:59:44+00:00
bogorodica-evzoni,2026-06-17T10:47,5,5 min,anonymous,2026-06-17T08:59:44+00:00
bogorodica-evzoni,2026-06-17T11:57,10,10 min,anonymous_,2026-06-17T10:00:11+00:00
bogorodica-evzoni,2026-06-17T12:59,5,5 min,anonymous_,2026-06-17T11:03:24+00:00
bogorodica-evzoni,2026-06-17T13:53,15,15 min,anonymous_,2026-06-17T12:03:46+00:00
bogorodica-evzoni,2026-06-17T14:05,10,10 min,anonymous,2026-06-17T12:18:53+00:00
bogorodica-evzoni,2026-06-17T15:27,5,5 min,anonymous_,2026-06-17T13:34:23+00:00
bogorodica-evzoni,2026-06-17T16:26,15,15 min,anonymous_,2026-06-17T14:42:45+00:00
bogorodica-evzoni,2026-06-17T17:25,10,10 min,anonymous_,2026-06-17T15:43:33+00:00
bogorodica-evzoni,2026-06-17T18:27,5,5 min,anonymous_,2026-06-17T16:43:59+00:00
bogorodica-evzoni,2026-06-17T19:28,15,15 min,anonymous_,2026-06-17T17:42:36+00:00
bogorodica-evzoni,2026-06-17T20:23,10,10 min,anonymous_,2026-06-17T18:43:02+00:00
bogorodica-evzoni,2026-06-17T21:23,5,5 min,anonymous_,2026-06-17T19:40:09+00:00
bogorodica-evzoni,2026-06-17T22:19,10,10 min,anonymous,2026-06-17T20:25:26+00:00
bogorodica-evzoni,2026-06-17T23:25,5,5 min,anonymous_,2026-06-17T21:40:53+00:00
bogorodica-evzoni,2026-06-18T00:25,10,10 min,anonymous_,2026-06-17T22:33:34+00:00
bogorodica-evzoni,2026-06-18T01:24,5,5 min,anonymous_,2026-06-17T23:42:25+00:00
bogorodica-evzoni,2026-06-18T02:23,10,10 min,anonymous_,2026-06-18T00:32:10+00:00
bogorodica-evzoni,2026-06-18T03:23,5,5 min,anonymous_,2026-06-18T01:32:32+00:00
bogorodica-evzoni,2026-06-18T04:23,10,10 min,anonymous_,2026-06-18T02:31:10+00:00
bogorodica-evzoni,2026-06-18T04:38,25,25 min,anonymous,2026-06-18T02:46:16+00:00
bogorodica-evzoni,2026-06-18T05:58,20,20 min,anonymous_,2026-06-18T04:01:44+00:00
bogorodica-evzoni,2026-06-18T06:57,15,15 min,anonymous_,2026-06-18T05:02:08+00:00
bogorodica-evzoni,2026-06-18T07:56,10,10 min,anonymous,2026-06-18T06:02:31+00:00
bogorodica-evzoni,2026-06-18T08:53,5,5 min,anonymous_,2026-06-18T07:10:11+00:00
bogorodica-evzoni,2026-06-18T09:56,10,10 min,anonymous_,2026-06-18T08:10:33+00:00
bogorodica-evzoni,2026-06-18T10:48,25,25 min,anonymous,2026-06-18T08:55:48+00:00
bogorodica-evzoni,2026-06-18T12:05,15,15 min,anonymous,2026-06-18T10:11:14+00:00
bogorodica-evzoni,2026-06-18T11:56,20,20 min,anonymous_,2026-06-18T10:11:14+00:00
bogorodica-evzoni,2026-06-18T13:23,10,10 min,anonymous_,2026-06-18T11:33:17+00:00
bogorodica-evzoni,2026-06-18T14:25,5,5 min,anonymous_,2026-06-18T12:33:43+00:00
bogorodica-evzoni,2026-06-18T14:49,90,1.5 h,anonymous,2026-06-18T13:03:56+00:00
bogorodica-evzoni,2026-06-18T15:55,60,60 min,anonymous_,2026-06-18T14:04:31+00:00
bogorodica-evzoni,2026-06-18T16:17,90,1.5 h,anonymous,2026-06-18T14:19:33+00:00
bogorodica-evzoni,2026-06-18T16:44,25,25 min,anonymous,2026-06-18T14:49:44+00:00
bogorodica-evzoni,2026-06-18T17:46,10,10 min,anonymous,2026-06-18T15:50:06+00:00
bogorodica-evzoni,2026-06-18T18:55,5,5 min,anonymous_,2026-06-18T17:05:32+00:00
bogorodica-evzoni,2026-06-18T19:14,10,10 min,anonymous,2026-06-18T17:20:38+00:00
bogorodica-evzoni,2026-06-18T20:28,5,5 min,anonymous_,2026-06-18T18:38:39+00:00
bogorodica-evzoni,2026-06-18T21:25,10,10 min,anonymous_,2026-06-18T19:39:04+00:00
bogorodica-evzoni,2026-06-18T22:25,5,5 min,anonymous_,2026-06-18T20:31:53+00:00
bogorodica-evzoni,2026-06-18T22:44,15,15 min,anonymous,2026-06-18T20:47:01+00:00
bogorodica-evzoni,2026-06-18T23:55,10,10 min,anonymous_,2026-06-18T22:02:29+00:00
bogorodica-evzoni,2026-06-19T00:57,5,5 min,anonymous_,2026-06-18T23:09:03+00:00
bogorodica-evzoni,2026-06-19T01:53,15,15 min,anonymous_,2026-06-19T00:09:29+00:00
bogorodica-evzoni,2026-06-19T02:55,10,10 min,anonymous_,2026-06-19T01:14:01+00:00
bogorodica-evzoni,2026-06-19T03:56,5,5 min,anonymous_,2026-06-19T02:14:20+00:00
bogorodica-evzoni,2026-06-19T04:53,10,10 min,anonymous_,2026-06-19T03:14:40+00:00
bogorodica-evzoni,2026-06-19T05:57,5,5 min,anonymous_,2026-06-19T04:15:01+00:00
bogorodica-evzoni,2026-06-19T06:54,10,10 min,anonymous_,2026-06-19T05:00:25+00:00
bogorodica-evzoni,2026-06-19T07:40,5,5 min,anonymous,2026-06-19T05:45:00+00:00
bogorodica-evzoni,2026-06-19T07:31,60,60 min,anonymous,2026-06-19T05:45:00+00:00
bogorodica-evzoni,2026-06-19T08:02,60,60 min,anonymous,2026-06-19T06:15:22+00:00
bogorodica-evzoni,2026-06-19T08:47,5,5 min,anonymous,2026-06-19T07:00:41+00:00
bogorodica-evzoni,2026-06-19T09:14,120,2 h,anonymous,2026-06-19T07:15:47+00:00
bogorodica-evzoni,2026-06-19T09:39,90,1.5 h,anonymous,2026-06-19T07:46:01+00:00
bogorodica-evzoni,2026-06-19T09:31,50,50 min,anonymous,2026-06-19T07:46:01+00:00
bogorodica-evzoni,2026-06-19T10:58,60,60 min,anonymous_,2026-06-19T09:01:35+00:00
bogorodica-evzoni,2026-06-19T11:04,55,55 min,Ivana,2026-06-19T09:16:41+00:00
bogorodica-evzoni,2026-06-19T11:40,20,20 min,anonymous,2026-06-19T09:46:54+00:00
bogorodica-evzoni,2026-06-19T12:38,25,25 min,anonymous,2026-06-19T10:49:59+00:00
bogorodica-evzoni,2026-06-19T13:18,150,2.5 h,anonymous,2026-06-19T11:20:10+00:00
bogorodica-evzoni,2026-06-19T13:34,300,5 h,anonymous,2026-06-19T11:35:15+00:00
bogorodica-evzoni,2026-06-19T14:31,90,1.5 h,anonymous,2026-06-19T12:35:37+00:00
bogorodica-evzoni,2026-06-19T14:41,25,25 min,anonymous,2026-06-19T12:50:42+00:00
bogorodica-evzoni,2026-06-19T14:52,5,5 min,anonymous,2026-06-19T13:05:48+00:00
bogorodica-evzoni,2026-06-19T15:57,10,10 min,anonymous_,2026-06-19T14:03:22+00:00
bogorodica-evzoni,2026-06-19T16:57,5,5 min,anonymous_,2026-06-19T15:03:44+00:00
bogorodica-evzoni,2026-06-19T17:39,35,35 min,anonymous,2026-06-19T15:49:01+00:00
bogorodica-evzoni,2026-06-19T18:01,35,35 min,anonymous,2026-06-19T16:04:29+00:00
bogorodica-evzoni,2026-06-19T19:28,30,30 min,anonymous_,2026-06-19T17:41:06+00:00
bogorodica-evzoni,2026-06-19T19:59,25,25 min,anonymous,2026-06-19T18:11:19+00:00
bogorodica-evzoni,2026-06-19T19:57,25,25 min,anonymous,2026-06-19T18:11:19+00:00
bogorodica-evzoni,2026-06-19T20:56,20,20 min,anonymous_,2026-06-19T19:05:46+00:00
bogorodica-evzoni,2026-06-19T21:16,15,15 min,anonymous,2026-06-19T19:20:52+00:00
bogorodica-evzoni,2026-06-19T21:15,10,10 min,anonymous,2026-06-19T19:20:52+00:00
bogorodica-evzoni,2026-06-19T21:39,10,10 min,anonymous,2026-06-19T19:51:06+00:00
bogorodica-evzoni,2026-06-19T22:53,5,5 min,anonymous_,2026-06-19T21:10:51+00:00
bogorodica-evzoni,2026-06-19T23:58,10,10 min,anonymous,2026-06-19T22:09:01+00:00
bogorodica-evzoni,2026-06-20T00:53,5,5 min,anonymous_,2026-06-19T23:11:10+00:00
bogorodica-evzoni,2026-06-20T01:58,10,10 min,anonymous_,2026-06-20T00:09:56+00:00
bogorodica-evzoni,2026-06-20T02:59,5,5 min,anonymous_,2026-06-20T01:10:18+00:00
bogorodica-evzoni,2026-06-20T03:54,10,10 min,anonymous_,2026-06-20T02:10:39+00:00
bogorodica-evzoni,2026-06-20T04:34,20,20 min,anonymous,2026-06-20T02:40:50+00:00
bogorodica-evzoni,2026-06-20T04:45,45,45 min,anonymous,2026-06-20T02:55:56+00:00
bogorodica-evzoni,2026-06-20T05:07,15,15 min,anonymous,2026-06-20T03:11:02+00:00
bogorodica-evzoni,2026-06-20T05:06,45,45 min,anonymous,2026-06-20T03:11:02+00:00
bogorodica-evzoni,2026-06-20T06:18,90,1.5 h,anonymous,2026-06-20T04:26:30+00:00
bogorodica-evzoni,2026-06-20T07:17,90,1.5 h,anonymous,2026-06-20T05:22:53+00:00
bogorodica-evzoni,2026-06-20T08:02,20,20 min,anonymous,2026-06-20T06:08:11+00:00
bogorodica-evzoni,2026-06-20T08:10,150,2.5 h,anonymous,2026-06-20T06:23:31+00:00
bogorodica-evzoni,2026-06-20T09:27,120,2 h,anonymous_,2026-06-20T07:38:56+00:00
bogorodica-evzoni,2026-06-20T10:17,180,3 h,anonymous,2026-06-20T08:30:50+00:00
bogorodica-evzoni,2026-06-20T10:38,180,3 h,anonymous,2026-06-20T08:45:57+00:00
bogorodica-evzoni,2026-06-20T11:57,150,2.5 h,anonymous_,2026-06-20T10:01:28+00:00
bogorodica-evzoni,2026-06-20T12:30,35,35 min,anonymous,2026-06-20T10:31:41+00:00
bogorodica-evzoni,2026-06-20T12:22,240,4 h,anonymous,2026-06-20T10:31:41+00:00
bogorodica-evzoni,2026-06-20T12:39,90,1.5 h,anonymous,2026-06-20T10:43:41+00:00
bogorodica-evzoni,2026-06-20T12:49,210,3.5 h,anonymous,2026-06-20T10:58:48+00:00
bogorodica-evzoni,2026-06-20T13:12,240,4 h,anonymous,2026-06-20T11:14:01+00:00
bogorodica-evzoni,2026-06-20T13:10,120,2 h,anonymous,2026-06-20T11:14:01+00:00
bogorodica-evzoni,2026-06-20T13:09,240,4 h,anonymous,2026-06-20T11:14:01+00:00
bogorodica-evzoni,2026-06-20T13:40,180,3 h,anonymous,2026-06-20T11:44:14+00:00
bogorodica-evzoni,2026-06-20T13:44,240,4 h,anonymous,2026-06-20T11:59:21+00:00
bogorodica-evzoni,2026-06-20T14:58,210,3.5 h,anonymous_,2026-06-20T13:06:52+00:00
bogorodica-evzoni,2026-06-20T15:17,5,5 min,anonymous,2026-06-20T13:21:57+00:00
bogorodica-evzoni,2026-06-20T15:43,180,3 h,anonymous,2026-06-20T13:52:13+00:00
bogorodica-evzoni,2026-06-20T15:37,150,2.5 h,anonymous,2026-06-20T13:52:13+00:00
bogorodica-evzoni,2026-06-20T16:06,360,6 h,anonymous,2026-06-20T14:07:18+00:00
bogorodica-evzoni,2026-06-20T16:16,120,2 h,anonymous,2026-06-20T14:22:24+00:00
bogorodica-evzoni,2026-06-20T16:36,180,3 h,anonymous,2026-06-20T14:37:29+00:00
bogorodica-evzoni,2026-06-20T16:30,180,3 h,anonymous,2026-06-20T14:37:29+00:00
bogorodica-evzoni,2026-06-20T16:46,45,45 min,anonymous,2026-06-20T14:53:33+00:00
bogorodica-evzoni,2026-06-20T17:57,270,4.5 h,anonymous,2026-06-20T16:09:14+00:00
bogorodica-evzoni,2026-06-20T18:36,360,6 h,anonymous,2026-06-20T16:39:25+00:00
bogorodica-evzoni,2026-06-20T18:52,270,4.5 h,anonymous,2026-06-20T16:54:31+00:00
bogorodica-evzoni,2026-06-20T19:22,270,4.5 h,anonymous,2026-06-20T17:24:43+00:00
bogorodica-evzoni,2026-06-20T20:31,10,10 min,anonymous,2026-06-20T18:36:52+00:00
bogorodica-evzoni,2026-06-20T20:28,240,4 h,anonymous_,2026-06-20T18:36:52+00:00
bogorodica-evzoni,2026-06-20T20:59,10,10 min,anonymous,2026-06-20T19:07:05+00:00
bogorodica-evzoni,2026-06-20T21:57,5,5 min,anonymous_,2026-06-20T20:10:14+00:00
bogorodica-evzoni,2026-06-20T22:20,5,5 min,anonymous,2026-06-20T20:25:20+00:00
bogorodica-evzoni,2026-06-20T23:28,10,10 min,anonymous_,2026-06-20T21:30:40+00:00
bogorodica-evzoni,2026-06-20T23:47,5,5 min,anonymous,2026-06-20T21:57:08+00:00
bogorodica-evzoni,2026-06-21T00:15,30,30 min,anonymous,2026-06-20T22:27:20+00:00
bogorodica-evzoni,2026-06-21T01:36,5,5 min,anonymous,2026-06-20T23:37:08+00:00
bogorodica-evzoni,2026-06-21T01:25,25,25 min,anonymous_,2026-06-20T23:37:08+00:00
bogorodica-evzoni,2026-06-21T02:55,15,15 min,anonymous_,2026-06-21T01:08:03+00:00
bogorodica-evzoni,2026-06-21T03:56,10,10 min,anonymous_,2026-06-21T02:12:31+00:00
bogorodica-evzoni,2026-06-21T04:57,60,60 min,anonymous,2026-06-21T02:57:47+00:00
bogorodica-evzoni,2026-06-21T05:00,40,40 min,anonymous,2026-06-21T03:12:53+00:00
bogorodica-evzoni,2026-06-21T05:53,35,35 min,anonymous_,2026-06-21T04:13:20+00:00
bogorodica-evzoni,2026-06-21T06:27,60,60 min,anonymous,2026-06-21T04:28:32+00:00
bogorodica-evzoni,2026-06-21T06:20,60,60 min,anonymous,2026-06-21T04:28:32+00:00
bogorodica-evzoni,2026-06-21T07:25,55,55 min,anonymous_,2026-06-21T05:44:00+00:00
bogorodica-evzoni,2026-06-21T07:54,120,2 h,anonymous,2026-06-21T05:59:05+00:00
bogorodica-evzoni,2026-06-21T08:28,150,2.5 h,anonymous,2026-06-21T06:29:17+00:00
bogorodica-evzoni,2026-06-21T09:26,120,2 h,anonymous_,2026-06-21T07:33:06+00:00
bogorodica-evzoni,2026-06-21T09:46,120,2 h,anonymous,2026-06-21T07:48:13+00:00
bogorodica-evzoni,2026-06-21T09:40,150,2.5 h,anonymous,2026-06-21T07:48:13+00:00
bogorodica-evzoni,2026-06-21T10:48,150,2.5 h,anonymous,2026-06-21T09:03:53+00:00
bogorodica-evzoni,2026-06-21T11:30,10,10 min,anonymous,2026-06-21T09:34:05+00:00
bogorodica-evzoni,2026-06-21T12:01,150,2.5 h,anonymous,2026-06-21T10:04:40+00:00
bogorodica-evzoni,2026-06-21T11:58,180,3 h,anonymous,2026-06-21T10:04:40+00:00
bogorodica-evzoni,2026-06-21T12:21,120,2 h,Luiza,2026-06-21T10:34:53+00:00
bogorodica-evzoni,2026-06-21T12:43,150,2.5 h,anonymous,2026-06-21T10:56:11+00:00
bogorodica-evzoni,2026-06-21T13:21,180,3 h,anonymous,2026-06-21T11:26:23+00:00
bogorodica-evzoni,2026-06-21T14:06,90,1.5 h,anonymous,2026-06-21T12:11:40+00:00
bogorodica-evzoni,2026-06-21T14:36,40,40 min,anonymous,2026-06-21T12:47:27+00:00
bogorodica-evzoni,2026-06-21T14:34,60,60 min,anonymous,2026-06-21T12:47:27+00:00
bogorodica-evzoni,2026-06-21T15:16,300,5 h,anonymous,2026-06-21T13:17:45+00:00
bogorodica-evzoni,2026-06-21T15:09,60,60 min,anonymous,2026-06-21T13:17:45+00:00
bogorodica-evzoni,2026-06-21T15:08,120,2 h,anonymous,2026-06-21T13:17:45+00:00
bogorodica-evzoni,2026-06-21T16:27,270,4.5 h,anonymous_,2026-06-21T14:33:18+00:00
bogorodica-evzoni,2026-06-21T17:23,30,30 min,anonymous,2026-06-21T15:30:07+00:00
bogorodica-evzoni,2026-06-21T17:58,15,15 min,anonymous,2026-06-21T16:00:31+00:00
bogorodica-evzoni,2026-06-21T18:10,5,5 min,anonymous,2026-06-21T16:15:36+00:00
bogorodica-evzoni,2026-06-21T18:19,10,10 min,anonymous,2026-06-21T16:30:42+00:00
bogorodica-evzoni,2026-06-21T19:29,5,5 min,anonymous_,2026-06-21T17:38:39+00:00
bogorodica-evzoni,2026-06-21T20:27,5,5 min,anonymous,2026-06-21T18:39:01+00:00
bogorodica-evzoni,2026-06-21T21:27,10,10 min,anonymous_,2026-06-21T19:30:53+00:00
bogorodica-evzoni,2026-06-21T22:27,5,5 min,anonymous_,2026-06-21T20:33:32+00:00
bogorodica-evzoni,2026-06-21T22:42,5,5 min,anonymous,2026-06-21T20:48:38+00:00
bogorodica-evzoni,2026-06-21T23:24,30,30 min,anonymous,2026-06-21T21:33:58+00:00
bogorodica-evzoni,2026-06-21T23:34,10,10 min,anonymous,2026-06-21T21:47:48+00:00
bogorodica-evzoni,2026-06-22T00:55,5,5 min,anonymous_,2026-06-21T23:09:37+00:00
bogorodica-evzoni,2026-06-22T01:56,15,15 min,anonymous_,2026-06-22T00:10:01+00:00
bogorodica-evzoni,2026-06-22T02:30,10,10 min,anonymous,2026-06-22T00:35:15+00:00
bogorodica-evzoni,2026-06-22T02:37,10,10 min,anonymous,2026-06-22T00:50:21+00:00
bogorodica-evzoni,2026-06-22T03:37,20,20 min,anonymous,2026-06-22T01:50:44+00:00
bogorodica-evzoni,2026-06-22T04:56,15,15 min,anonymous_,2026-06-22T03:06:12+00:00
bogorodica-evzoni,2026-06-22T05:53,10,10 min,anonymous_,2026-06-22T04:06:36+00:00
bogorodica-evzoni,2026-06-22T06:31,90,1.5 h,anonymous,2026-06-22T04:36:49+00:00
bogorodica-evzoni,2026-06-22T07:55,60,60 min,anonymous_,2026-06-22T06:07:31+00:00
bogorodica-evzoni,2026-06-22T08:32,40,40 min,anonymous,2026-06-22T06:37:47+00:00
bogorodica-evzoni,2026-06-22T08:27,120,2 h,anonymous,2026-06-22T06:37:47+00:00
bogorodica-evzoni,2026-06-22T08:55,45,45 min,anonymous,2026-06-22T07:08:00+00:00
bogorodica-evzoni,2026-06-22T09:56,40,40 min,anonymous_,2026-06-22T08:08:25+00:00
bogorodica-evzoni,2026-06-22T10:58,35,35 min,anonymous_,2026-06-22T09:08:51+00:00
bogorodica-evzoni,2026-06-22T11:45,30,30 min,anonymous,2026-06-22T09:54:11+00:00
bogorodica-evzoni,2026-06-22T12:04,30,30 min,anonymous,2026-06-22T10:09:18+00:00
bogorodica-evzoni,2026-06-22T12:15,10,10 min,anonymous,2026-06-22T10:24:24+00:00
bogorodica-evzoni,2026-06-22T12:54,60,60 min,anonymous,2026-06-22T10:54:37+00:00
bogorodica-evzoni,2026-06-22T13:11,150,2.5 h,anonymous,2026-06-22T11:20:33+00:00
bogorodica-evzoni,2026-06-22T12:54,20,20 min,anonymous,2026-06-22T11:20:33+00:00
bogorodica-evzoni,2026-06-22T14:07,10,10 min,anonymous,2026-06-22T12:20:58+00:00
bogorodica-evzoni,2026-06-22T15:14,5,5 min,anonymous,2026-06-22T13:21:22+00:00
bogorodica-evzoni,2026-06-22T15:30,5,5 min,anonymous,2026-06-22T13:36:28+00:00
bogorodica-evzoni,2026-06-22T16:27,15,15 min,anonymous_,2026-06-22T14:36:53+00:00
bogorodica-evzoni,2026-06-22T17:26,10,10 min,anonymous_,2026-06-22T15:37:20+00:00
bogorodica-evzoni,2026-06-22T18:33,5,5 min,anonymous,2026-06-22T16:38:33+00:00
bogorodica-evzoni,2026-06-22T18:28,5,5 min,anonymous_,2026-06-22T16:38:33+00:00
bogorodica-evzoni,2026-06-22T19:59,15,15 min,anonymous_,2026-06-22T18:09:10+00:00
bogorodica-evzoni,2026-06-22T20:58,10,10 min,anonymous_,2026-06-22T19:09:37+00:00
bogorodica-evzoni,2026-06-22T21:53,5,5 min,anonymous_,2026-06-22T20:06:12+00:00
bogorodica-evzoni,2026-06-22T22:59,10,10 min,anonymous_,2026-06-22T21:06:44+00:00
bogorodica-evzoni,2026-06-22T23:35,50,50 min,anonymous,2026-06-22T21:36:57+00:00
bogorodica-evzoni,2026-06-23T00:58,45,45 min,anonymous_,2026-06-22T23:10:19+00:00
bogorodica-evzoni,2026-06-23T01:58,40,40 min,anonymous_,2026-06-23T00:11:10+00:00
bogorodica-evzoni,2026-06-23T02:55,35,35 min,anonymous_,2026-06-23T01:11:32+00:00
bogorodica-evzoni,2026-06-23T03:56,30,30 min,anonymous_,2026-06-23T02:05:50+00:00
bogorodica-evzoni,2026-06-23T04:57,25,25 min,anonymous_,2026-06-23T03:06:12+00:00
bogorodica-evzoni,2026-06-23T05:55,20,20 min,anonymous_,2026-06-23T04:06:34+00:00
bogorodica-evzoni,2026-06-23T06:57,15,15 min,anonymous_,2026-06-23T05:06:57+00:00
bogorodica-evzoni,2026-06-23T07:20,20,20 min,anonymous,2026-06-23T05:22:03+00:00
bogorodica-evzoni,2026-06-23T08:28,15,15 min,anonymous_,2026-06-23T06:43:15+00:00
bogorodica-evzoni,2026-06-23T09:27,10,10 min,anonymous_,2026-06-23T07:43:35+00:00
bogorodica-evzoni,2026-06-23T09:48,25,25 min,anonymous,2026-06-23T07:58:41+00:00
bogorodica-evzoni,2026-06-23T09:47,30,30 min,anonymous,2026-06-23T07:58:41+00:00
bogorodica-evzoni,2026-06-23T11:08,60,60 min,anonymous,2026-06-23T09:14:19+00:00
bogorodica-evzoni,2026-06-23T10:58,20,20 min,anonymous_,2026-06-23T09:14:19+00:00
bogorodica-evzoni,2026-06-23T12:25,55,55 min,anonymous_,2026-06-23T10:30:31+00:00
bogorodica-evzoni,2026-06-23T13:02,20,20 min,anonymous,2026-06-23T11:15:47+00:00
bogorodica-evzoni,2026-06-23T14:27,15,15 min,anonymous_,2026-06-23T12:31:14+00:00
bogorodica-evzoni,2026-06-23T14:40,15,15 min,anonymous,2026-06-23T12:44:30+00:00
bogorodica-evzoni,2026-06-23T14:55,10,10 min,anonymous,2026-06-23T12:59:36+00:00
bogorodica-evzoni,2026-06-23T15:01,10,10 min,anonymous,2026-06-23T13:14:41+00:00
bogorodica-evzoni,2026-06-23T15:59,5,5 min,anonymous,2026-06-23T13:59:59+00:00
bogorodica-evzoni,2026-06-23T16:53,15,15 min,anonymous_,2026-06-23T15:00:35+00:00
bogorodica-evzoni,2026-06-23T17:49,10,10 min,anonymous,2026-06-23T15:57:04+00:00
bogorodica-evzoni,2026-06-23T17:47,10,10 min,anonymous,2026-06-23T15:57:04+00:00
bogorodica-evzoni,2026-06-23T17:46,15,15 min,anonymous,2026-06-23T15:57:04+00:00
bogorodica-evzoni,2026-06-23T18:58,5,5 min,anonymous_,2026-06-23T17:12:32+00:00
bogorodica-evzoni,2026-06-23T19:56,10,10 min,anonymous_,2026-06-23T18:02:46+00:00
bogorodica-evzoni,2026-06-23T20:53,10,10 min,anonymous,2026-06-23T19:03:10+00:00
bogorodica-evzoni,2026-06-23T21:59,5,5 min,anonymous_,2026-06-23T20:01:02+00:00
bogorodica-evzoni,2026-06-23T22:58,15,15 min,anonymous_,2026-06-23T21:01:26+00:00
bogorodica-evzoni,2026-06-23T23:57,10,10 min,anonymous_,2026-06-23T22:03:37+00:00
bogorodica-evzoni,2026-06-24T00:58,5,5 min,anonymous_,2026-06-23T23:12:35+00:00
bogorodica-evzoni,2026-06-24T01:56,10,10 min,anonymous_,2026-06-24T00:14:16+00:00
bogorodica-evzoni,2026-06-24T02:53,5,5 min,anonymous_,2026-06-24T01:14:41+00:00
bogorodica-evzoni,2026-06-24T03:56,15,15 min,anonymous_,2026-06-24T02:04:22+00:00
bogorodica-evzoni,2026-06-24T04:56,10,10 min,anonymous_,2026-06-24T03:05:26+00:00
bogorodica-evzoni,2026-06-24T05:58,5,5 min,anonymous_,2026-06-24T04:05:56+00:00
bogorodica-evzoni,2026-06-24T06:56,15,15 min,anonymous_,2026-06-24T05:06:22+00:00
bogorodica-evzoni,2026-06-24T07:55,10,10 min,anonymous_,2026-06-24T06:09:04+00:00
bogorodica-evzoni,2026-06-24T08:11,15,15 min,anonymous,2026-06-24T06:24:11+00:00
bogorodica-evzoni,2026-06-24T09:11,10,10 min,anonymous,2026-06-24T07:24:38+00:00
bogorodica-evzoni,2026-06-24T10:08,5,5 min,anonymous,2026-06-24T08:09:58+00:00
bogorodica-evzoni,2026-06-24T10:20,15,15 min,anonymous,2026-06-24T08:25:05+00:00
bogorodica-evzoni,2026-06-24T10:30,10,10 min,anonymous,2026-06-24T08:40:11+00:00
bogorodica-evzoni,2026-06-24T10:29,50,50 min,anonymous,2026-06-24T08:40:11+00:00
bogorodica-evzoni,2026-06-24T11:13,10,10 min,anonymous,2026-06-24T09:25:30+00:00
bogorodica-evzoni,2026-06-24T12:27,15,15 min,anonymous,2026-06-24T10:34:35+00:00
bogorodica-evzoni,2026-06-24T12:48,5,5 min,anonymous,2026-06-24T10:49:42+00:00
bogorodica-evzoni,2026-06-24T13:58,10,10 min,anonymous_,2026-06-24T12:05:19+00:00
bogorodica-evzoni,2026-06-24T14:41,150,2.5 h,anonymous,2026-06-24T12:41:56+00:00
bogorodica-evzoni,2026-06-24T15:54,120,2 h,anonymous_,2026-06-24T14:12:30+00:00
bogorodica-evzoni,2026-06-24T16:59,90,1.5 h,anonymous_,2026-06-24T15:12:59+00:00
bogorodica-evzoni,2026-06-24T17:20,10,10 min,anonymous,2026-06-24T15:28:05+00:00
bogorodica-evzoni,2026-06-24T18:29,5,5 min,anonymous_,2026-06-24T16:43:53+00:00
bogorodica-evzoni,2026-06-24T19:27,10,10 min,anonymous_,2026-06-24T17:38:00+00:00
bogorodica-evzoni,2026-06-24T19:46,5,5 min,anonymous,2026-06-24T17:53:06+00:00
bogorodica-evzoni,2026-06-24T19:59,20,20 min,anonymous,2026-06-24T18:08:12+00:00
bogorodica-evzoni,2026-06-24T20:59,15,15 min,anonymous_,2026-06-24T19:09:07+00:00
bogorodica-evzoni,2026-06-24T21:58,10,10 min,anonymous_,2026-06-24T20:01:37+00:00
bogorodica-evzoni,2026-06-24T22:55,5,5 min,anonymous_,2026-06-24T21:01:18+00:00
bogorodica-evzoni,2026-06-24T23:58,10,10 min,anonymous_,2026-06-24T22:01:38+00:00
bogorodica-evzoni,2026-06-25T00:55,5,5 min,anonymous_,2026-06-24T23:07:25+00:00
bogorodica-evzoni,2026-06-25T01:59,10,10 min,anonymous_,2026-06-25T00:03:36+00:00
bogorodica-evzoni,2026-06-25T02:58,5,5 min,anonymous_,2026-06-25T01:03:58+00:00
bogorodica-evzoni,2026-06-25T03:59,15,15 min,anonymous_,2026-06-25T02:08:18+00:00
bogorodica-evzoni,2026-06-25T04:53,10,10 min,anonymous_,2026-06-25T03:08:47+00:00
bogorodica-evzoni,2026-06-25T05:54,5,5 min,anonymous_,2026-06-25T04:09:09+00:00
bogorodica-evzoni,2026-06-25T06:53,10,10 min,anonymous_,2026-06-25T05:09:29+00:00
bogorodica-evzoni,2026-06-25T07:55,5,5 min,anonymous_,2026-06-25T06:09:49+00:00
bogorodica-evzoni,2026-06-25T08:18,30,30 min,anonymous,2026-06-25T06:32:30+00:00
bogorodica-evzoni,2026-06-25T08:37,30,30 min,anonymous,2026-06-25T06:47:37+00:00
bogorodica-evzoni,2026-06-25T08:33,30,30 min,anonymous,2026-06-25T06:47:37+00:00
bogorodica-evzoni,2026-06-25T09:35,25,25 min,anonymous,2026-06-25T07:48:02+00:00
bogorodica-evzoni,2026-06-25T10:11,15,15 min,anonymous,2026-06-25T08:18:16+00:00
bogorodica-evzoni,2026-06-25T10:22,25,25 min,anonymous,2026-06-25T08:33:23+00:00
bogorodica-evzoni,2026-06-25T11:29,20,20 min,anonymous_,2026-06-25T09:33:48+00:00
bogorodica-evzoni,2026-06-25T12:26,10,10 min,anonymous,2026-06-25T10:33:30+00:00
bogorodica-evzoni,2026-06-25T13:29,5,5 min,anonymous_,2026-06-25T11:33:55+00:00
bogorodica-evzoni,2026-06-25T14:15,5,5 min,anonymous,2026-06-25T12:24:32+00:00
bogorodica-evzoni,2026-06-25T14:28,180,3 h,anonymous,2026-06-25T12:39:38+00:00
bogorodica-evzoni,2026-06-25T15:10,5,5 min,anonymous,2026-06-25T13:24:55+00:00
bogorodica-evzoni,2026-06-25T15:30,15,15 min,anonymous,2026-06-25T13:40:01+00:00
bogorodica-evzoni,2026-06-25T16:07,15,15 min,anonymous,2026-06-25T14:10:19+00:00
bogorodica-evzoni,2026-06-25T17:29,10,10 min,anonymous_,2026-06-25T15:35:50+00:00
bogorodica-evzoni,2026-06-25T18:28,5,5 min,anonymous_,2026-06-25T16:36:10+00:00
bogorodica-evzoni,2026-06-25T19:24,15,15 min,anonymous_,2026-06-25T17:43:46+00:00
bogorodica-evzoni,2026-06-25T20:29,10,10 min,anonymous_,2026-06-25T18:44:08+00:00
bogorodica-evzoni,2026-06-25T21:24,5,5 min,anonymous_,2026-06-25T19:43:49+00:00
bogorodica-evzoni,2026-06-25T22:26,15,15 min,anonymous_,2026-06-25T20:44:15+00:00
bogorodica-evzoni,2026-06-25T23:26,60,60 min,anonymous,2026-06-25T21:31:39+00:00
bogorodica-evzoni,2026-06-26T00:01,25,25 min,anonymous,2026-06-25T22:01:53+00:00
bogorodica-evzoni,2026-06-26T01:23,20,20 min,anonymous_,2026-06-25T23:37:50+00:00
bogorodica-evzoni,2026-06-26T02:24,15,15 min,anonymous_,2026-06-26T00:36:14+00:00
bogorodica-evzoni,2026-06-26T03:16,30,30 min,anonymous,2026-06-26T01:21:33+00:00
bogorodica-evzoni,2026-06-26T03:31,20,20 min,anonymous,2026-06-26T01:36:40+00:00
bogorodica-evzoni,2026-06-26T04:59,15,15 min,anonymous_,2026-06-26T03:07:18+00:00
bogorodica-evzoni,2026-06-26T05:56,10,10 min,anonymous_,2026-06-26T04:07:44+00:00
bogorodica-evzoni,2026-06-26T06:53,5,5 min,anonymous_,2026-06-26T05:02:51+00:00
bogorodica-evzoni,2026-06-26T07:55,10,10 min,anonymous_,2026-06-26T06:03:12+00:00
bogorodica-evzoni,2026-06-26T08:21,30,30 min,anonymous,2026-06-26T06:33:23+00:00
bogorodica-evzoni,2026-06-26T09:24,25,25 min,anonymous_,2026-06-26T07:33:44+00:00
bogorodica-evzoni,2026-06-26T09:42,5,5 min,anonymous,2026-06-26T07:48:49+00:00
bogorodica-evzoni,2026-06-26T10:09,10,10 min,anonymous,2026-06-26T08:19:00+00:00
bogorodica-evzoni,2026-06-26T11:33,20,20 min,anonymous,2026-06-26T09:39:09+00:00
bogorodica-evzoni,2026-06-26T11:25,5,5 min,anonymous_,2026-06-26T09:39:09+00:00
bogorodica-evzoni,2026-06-26T12:02,45,45 min,anonymous,2026-06-26T10:09:21+00:00
bogorodica-evzoni,2026-06-26T12:56,15,15 min,anonymous,2026-06-26T11:09:47+00:00
bogorodica-evzoni,2026-06-26T13:20,60,60 min,anonymous,2026-06-26T11:24:58+00:00
bogorodica-evzoni,2026-06-26T13:57,30,30 min,anonymous,2026-06-26T11:58:36+00:00
bogorodica-evzoni,2026-06-26T14:59,25,25 min,anonymous_,2026-06-26T13:14:02+00:00
bogorodica-evzoni,2026-06-26T15:21,5,5 min,anonymous,2026-06-26T13:29:17+00:00
bogorodica-evzoni,2026-06-26T15:58,20,20 min,anonymous,2026-06-26T14:04:54+00:00
bogorodica-evzoni,2026-06-26T15:56,5,5 min,anonymous,2026-06-26T14:04:54+00:00
bogorodica-evzoni,2026-06-26T16:32,5,5 min,anonymous,2026-06-26T14:35:05+00:00
bogorodica-evzoni,2026-06-26T16:42,5,5 min,anonymous,2026-06-26T14:50:11+00:00
bogorodica-evzoni,2026-06-26T17:19,5,5 min,anonymous,2026-06-26T15:20:23+00:00
bogorodica-evzoni,2026-06-26T18:14,20,20 min,anonymous,2026-06-26T16:28:22+00:00
bogorodica-evzoni,2026-06-26T19:32,120,2 h,anonymous,2026-06-26T17:43:53+00:00
bogorodica-evzoni,2026-06-26T19:27,15,15 min,anonymous_,2026-06-26T17:43:53+00:00
bogorodica-evzoni,2026-06-26T20:31,20,20 min,anonymous,2026-06-26T18:31:59+00:00
bogorodica-evzoni,2026-06-26T20:35,10,10 min,anonymous,2026-06-26T18:47:06+00:00
bogorodica-evzoni,2026-06-26T21:12,5,5 min,anonymous,2026-06-26T19:17:20+00:00
bogorodica-evzoni,2026-06-26T22:24,15,15 min,anonymous_,2026-06-26T20:35:24+00:00
bogorodica-evzoni,2026-06-26T23:28,10,10 min,anonymous_,2026-06-26T21:35:45+00:00
bogorodica-evzoni,2026-06-27T00:28,5,5 min,anonymous_,2026-06-26T22:39:00+00:00
bogorodica-evzoni,2026-06-27T01:25,10,10 min,anonymous_,2026-06-26T23:41:15+00:00
bogorodica-evzoni,2026-06-27T02:29,5,5 min,anonymous_,2026-06-27T00:33:28+00:00
bogorodica-evzoni,2026-06-27T03:25,15,15 min,anonymous_,2026-06-27T01:33:49+00:00
bogorodica-evzoni,2026-06-27T04:12,15,15 min,anonymous,2026-06-27T02:19:05+00:00
bogorodica-evzoni,2026-06-27T04:59,10,10 min,anonymous,2026-06-27T03:04:21+00:00
bogorodica-evzoni,2026-06-27T05:05,60,60 min,anonymous,2026-06-27T03:19:27+00:00
bogorodica-evzoni,2026-06-27T06:25,55,55 min,anonymous_,2026-06-27T04:30:25+00:00
bogorodica-evzoni,2026-06-27T07:27,150,2.5 h,anonymous,2026-06-27T05:30:50+00:00
bogorodica-evzoni,2026-06-27T07:41,30,30 min,anonymous,2026-06-27T05:45:57+00:00
bogorodica-evzoni,2026-06-27T08:59,25,25 min,anonymous_,2026-06-27T07:01:30+00:00
bogorodica-evzoni,2026-06-27T09:56,60,60 min,anonymous,2026-06-27T08:08:27+00:00
bogorodica-evzoni,2026-06-27T10:08,5,5 min,anonymous,2026-06-27T08:23:33+00:00
bogorodica-evzoni,2026-06-27T11:29,10,10 min,anonymous_,2026-06-27T09:38:59+00:00
bogorodica-evzoni,2026-06-27T12:16,5,5 min,anonymous,2026-06-27T10:23:30+00:00
bogorodica-evzoni,2026-06-27T13:33,25,25 min,anonymous,2026-06-27T11:38:59+00:00
bogorodica-evzoni,2026-06-27T13:29,15,15 min,anonymous_,2026-06-27T11:38:59+00:00
bogorodica-evzoni,2026-06-27T14:33,5,5 min,anonymous,2026-06-27T12:44:31+00:00
bogorodica-evzoni,2026-06-27T15:02,30,30 min,anonymous,2026-06-27T13:15:03+00:00
bogorodica-evzoni,2026-06-27T16:28,25,25 min,anonymous_,2026-06-27T14:30:41+00:00
bogorodica-evzoni,2026-06-27T17:27,20,20 min,anonymous_,2026-06-27T15:38:07+00:00
bogorodica-evzoni,2026-06-27T18:29,15,15 min,anonymous_,2026-06-27T16:32:06+00:00
bogorodica-evzoni,2026-06-27T19:29,10,10 min,anonymous_,2026-06-27T17:32:31+00:00
bogorodica-evzoni,2026-06-27T20:22,60,60 min,anonymous,2026-06-27T18:34:43+00:00
bogorodica-evzoni,2026-06-27T21:24,55,55 min,anonymous_,2026-06-27T19:33:59+00:00
bogorodica-evzoni,2026-06-27T22:27,50,50 min,anonymous_,2026-06-27T20:31:31+00:00
bogorodica-evzoni,2026-06-27T23:24,45,45 min,anonymous_,2026-06-27T21:32:17+00:00
bogorodica-evzoni,2026-06-28T00:28,40,40 min,anonymous_,2026-06-27T22:32:54+00:00
bogorodica-evzoni,2026-06-28T01:29,35,35 min,anonymous_,2026-06-27T23:33:18+00:00
bogorodica-evzoni,2026-06-28T02:25,30,30 min,anonymous_,2026-06-28T00:38:34+00:00
bogorodica-evzoni,2026-06-28T03:26,45,45 min,anonymous,2026-06-28T01:38:54+00:00
bogorodica-evzoni,2026-06-28T03:39,25,25 min,anonymous,2026-06-28T01:54:00+00:00
bogorodica-evzoni,2026-06-28T04:39,10,10 min,anonymous,2026-06-28T02:42:46+00:00
bogorodica-evzoni,2026-06-28T05:55,5,5 min,anonymous_,2026-06-28T04:13:42+00:00
bogorodica-evzoni,2026-06-28T06:55,10,10 min,anonymous_,2026-06-28T05:14:07+00:00
bogorodica-evzoni,2026-06-28T08:09,15,15 min,anonymous,2026-06-28T06:14:33+00:00
bogorodica-evzoni,2026-06-28T07:58,5,5 min,anonymous_,2026-06-28T06:14:33+00:00
bogorodica-evzoni,2026-06-28T09:22,90,1.5 h,anonymous,2026-06-28T07:36:19+00:00
bogorodica-evzoni,2026-06-28T09:43,30,30 min,anonymous,2026-06-28T07:51:25+00:00
bogorodica-evzoni,2026-06-28T10:09,15,15 min,anonymous,2026-06-28T08:21:37+00:00
bogorodica-evzoni,2026-06-28T11:26,25,25 min,anonymous,2026-06-28T09:37:05+00:00
bogorodica-evzoni,2026-06-28T11:54,30,30 min,anonymous,2026-06-28T10:01:06+00:00
bogorodica-evzoni,2026-06-28T13:01,5,5 min,anonymous,2026-06-28T11:01:29+00:00
bogorodica-evzoni,2026-06-28T12:58,25,25 min,anonymous_,2026-06-28T11:01:29+00:00
bogorodica-evzoni,2026-06-28T13:33,5,5 min,anonymous,2026-06-28T11:42:43+00:00
bogorodica-evzoni,2026-06-28T13:28,5,5 min,anonymous,2026-06-28T11:42:43+00:00
bogorodica-evzoni,2026-06-28T14:20,5,5 min,anonymous,2026-06-28T12:28:00+00:00
bogorodica-evzoni,2026-06-28T15:23,10,10 min,anonymous_,2026-06-28T13:33:43+00:00
bogorodica-evzoni,2026-06-28T15:35,30,30 min,anonymous,2026-06-28T13:48:49+00:00
bogorodica-evzoni,2026-06-28T16:32,5,5 min,anonymous,2026-06-28T14:34:07+00:00
bogorodica-evzoni,2026-06-28T17:56,15,15 min,anonymous_,2026-06-28T16:10:52+00:00
bogorodica-evzoni,2026-06-28T18:28,5,5 min,anonymous,2026-06-28T16:37:08+00:00
bogorodica-evzoni,2026-06-28T19:26,10,10 min,anonymous_,2026-06-28T17:37:29+00:00
bogorodica-evzoni,2026-06-28T20:24,5,5 min,anonymous_,2026-06-28T18:43:03+00:00
bogorodica-evzoni,2026-06-28T20:57,150,2.5 h,anonymous,2026-06-28T19:11:09+00:00
bogorodica-evzoni,2026-06-28T21:43,10,10 min,anonymous,2026-06-28T19:56:30+00:00
bogorodica-evzoni,2026-06-28T22:43,20,20 min,anonymous,2026-06-28T20:51:25+00:00
bogorodica-evzoni,2026-06-28T23:59,15,15 min,anonymous_,2026-06-28T22:05:24+00:00
bogorodica-evzoni,2026-06-29T00:54,10,10 min,anonymous_,2026-06-28T23:11:24+00:00
bogorodica-evzoni,2026-06-29T01:54,5,5 min,anonymous_,2026-06-29T00:10:32+00:00
bogorodica-evzoni,2026-06-29T02:39,15,15 min,anonymous,2026-06-29T00:40:47+00:00
bogorodica-evzoni,2026-06-29T02:36,15,15 min,anonymous,2026-06-29T00:40:47+00:00
bogorodica-evzoni,2026-06-29T03:55,10,10 min,anonymous_,2026-06-29T02:11:25+00:00
bogorodica-evzoni,2026-06-29T04:56,5,5 min,anonymous_,2026-06-29T03:11:49+00:00
bogorodica-evzoni,2026-06-29T05:13,40,40 min,anonymous,2026-06-29T03:26:56+00:00
bogorodica-evzoni,2026-06-29T05:29,15,15 min,anonymous,2026-06-29T03:42:02+00:00
bogorodica-evzoni,2026-06-29T05:43,25,25 min,anonymous,2026-06-29T03:57:09+00:00
bogorodica-evzoni,2026-06-29T06:08,120,2 h,anonymous,2026-06-29T04:12:16+00:00
bogorodica-evzoni,2026-06-29T06:16,5,5 min,anonymous,2026-06-29T04:27:23+00:00
bogorodica-evzoni,2026-06-29T07:24,10,10 min,anonymous_,2026-06-29T05:41:27+00:00
bogorodica-evzoni,2026-06-29T07:52,90,1.5 h,anonymous,2026-06-29T05:56:32+00:00
bogorodica-evzoni,2026-06-29T08:39,5,5 min,anonymous,2026-06-29T06:41:49+00:00
bogorodica-evzoni,2026-06-29T09:22,60,60 min,anonymous,2026-06-29T07:27:05+00:00
bogorodica-evzoni,2026-06-29T09:38,55,55 min,anonymous,2026-06-29T07:42:10+00:00
bogorodica-evzoni,2026-06-29T10:25,60,60 min,anonymous,2026-06-29T08:27:26+00:00
bogorodica-evzoni,2026-06-29T11:29,55,55 min,anonymous_,2026-06-29T09:42:52+00:00
bogorodica-evzoni,2026-06-29T12:25,50,50 min,anonymous_,2026-06-29T10:41:52+00:00
bogorodica-evzoni,2026-06-29T12:42,15,15 min,anonymous,2026-06-29T10:56:57+00:00
bogorodica-evzoni,2026-06-29T13:05,30,30 min,anonymous,2026-06-29T11:12:03+00:00
bogorodica-evzoni,2026-06-29T14:23,25,25 min,anonymous_,2026-06-29T12:42:36+00:00
bogorodica-evzoni,2026-06-29T15:22,5,5 min,anonymous,2026-06-29T13:28:01+00:00
bogorodica-evzoni,2026-06-29T16:24,10,10 min,anonymous_,2026-06-29T14:32:14+00:00
bogorodica-evzoni,2026-06-29T17:29,5,5 min,anonymous_,2026-06-29T15:32:46+00:00
bogorodica-evzoni,2026-06-29T18:23,10,10 min,anonymous_,2026-06-29T16:33:17+00:00
bogorodica-evzoni,2026-06-29T19:23,10,10 min,anonymous,2026-06-29T17:29:54+00:00
bogorodica-evzoni,2026-06-29T20:25,5,5 min,anonymous_,2026-06-29T18:30:29+00:00
bogorodica-evzoni,2026-06-29T21:08,120,2 h,anonymous,2026-06-29T19:15:46+00:00
bogorodica-evzoni,2026-06-29T22:23,90,1.5 h,anonymous_,2026-06-29T20:33:13+00:00
bogorodica-evzoni,2026-06-29T23:22,150,2.5 h,anonymous,2026-06-29T21:30:05+00:00
bogorodica-evzoni,2026-06-29T23:18,10,10 min,anonymous,2026-06-29T21:30:05+00:00
bogorodica-evzoni,2026-06-30T00:25,120,2 h,anonymous_,2026-06-29T22:32:52+00:00
bogorodica-evzoni,2026-06-30T01:24,90,1.5 h,anonymous_,2026-06-29T23:30:04+00:00
bogorodica-evzoni,2026-06-30T02:23,60,60 min,anonymous_,2026-06-30T00:30:40+00:00
bogorodica-evzoni,2026-06-30T03:23,55,55 min,anonymous_,2026-06-30T01:31:01+00:00
bogorodica-evzoni,2026-06-30T04:27,50,50 min,anonymous_,2026-06-30T02:34:35+00:00
bogorodica-evzoni,2026-06-30T05:11,5,5 min,anonymous,2026-06-30T03:19:51+00:00
bogorodica-evzoni,2026-06-30T06:30,15,15 min,anonymous,2026-06-30T04:35:19+00:00
bogorodica-evzoni,2026-06-30T06:29,10,10 min,anonymous_,2026-06-30T04:35:19+00:00
bogorodica-evzoni,2026-06-30T07:24,10,10 min,anonymous_,2026-06-30T05:35:39+00:00
bogorodica-evzoni,2026-06-30T08:23,5,5 min,anonymous_,2026-06-30T06:38:02+00:00
bogorodica-evzoni,2026-06-30T08:39,15,15 min,anonymous,2026-06-30T06:53:28+00:00
bogorodica-evzoni,2026-06-30T10:05,10,10 min,anonymous,2026-06-30T08:09:03+00:00
bogorodica-evzoni,2026-06-30T09:54,10,10 min,anonymous_,2026-06-30T08:09:03+00:00
bogorodica-evzoni,2026-06-30T10:31,90,1.5 h,anonymous,2026-06-30T08:39:14+00:00
bogorodica-evzoni,2026-06-30T11:38,20,20 min,anonymous,2026-06-30T09:39:45+00:00
bogorodica-evzoni,2026-06-30T11:57,20,20 min,anonymous,2026-06-30T09:57:31+00:00
bogorodica-evzoni,2026-06-30T12:35,5,5 min,anonymous,2026-06-30T10:42:54+00:00
bogorodica-evzoni,2026-06-30T13:55,15,15 min,anonymous_,2026-06-30T12:13:36+00:00
bogorodica-evzoni,2026-06-30T14:53,10,10 min,anonymous_,2026-06-30T13:06:43+00:00
bogorodica-evzoni,2026-06-30T15:58,5,5 min,anonymous_,2026-06-30T14:07:05+00:00
bogorodica-evzoni,2026-06-30T16:57,10,10 min,anonymous_,2026-06-30T15:06:50+00:00
bogorodica-evzoni,2026-06-30T17:58,5,5 min,anonymous_,2026-06-30T16:07:12+00:00
bogorodica-evzoni,2026-06-30T18:55,15,15 min,anonymous_,2026-06-30T17:07:34+00:00
bogorodica-evzoni,2026-06-30T20:06,10,10 min,anonymous,2026-06-30T18:14:28+00:00
bogorodica-evzoni,2026-06-30T19:59,10,10 min,anonymous_,2026-06-30T18:14:28+00:00
bogorodica-evzoni,2026-06-30T21:38,60,60 min,anonymous,2026-06-30T19:42:59+00:00
bogorodica-evzoni,2026-06-30T21:26,5,5 min,anonymous_,2026-06-30T19:42:59+00:00
bogorodica-evzoni,2026-06-30T22:55,55,55 min,anonymous_,2026-06-30T21:09:56+00:00
bogorodica-evzoni,2026-06-30T23:59,50,50 min,anonymous_,2026-06-30T22:10:19+00:00
bogorodica-evzoni,2026-07-01T00:54,45,45 min,anonymous_,2026-06-30T23:14:58+00:00
bogorodica-evzoni,2026-07-01T01:55,40,40 min,anonymous_,2026-07-01T00:09:38+00:00
bogorodica-evzoni,2026-07-01T02:56,35,35 min,anonymous_,2026-07-01T01:10:01+00:00
bogorodica-evzoni,2026-07-01T03:28,180,3 h,anonymous,2026-07-01T01:40:11+00:00
bogorodica-evzoni,2026-07-01T04:27,150,2.5 h,anonymous_,2026-07-01T02:40:31+00:00
bogorodica-evzoni,2026-07-01T05:11,90,1.5 h,anonymous,2026-07-01T03:25:46+00:00
bogorodica-evzoni,2026-07-01T05:31,5,5 min,anonymous,2026-07-01T03:40:52+00:00
bogorodica-evzoni,2026-07-01T06:47,180,3 h,anonymous,2026-07-01T04:49:35+00:00
bogorodica-evzoni,2026-07-01T07:03,330,5.5 h,anonymous,2026-07-01T05:04:42+00:00
bogorodica-evzoni,2026-07-01T07:59,120,2 h,anonymous,2026-07-01T06:05:07+00:00
bogorodica-evzoni,2026-07-01T08:59,90,1.5 h,anonymous_,2026-07-01T07:05:36+00:00
bogorodica-evzoni,2026-07-01T09:26,180,3 h,anonymous,2026-07-01T07:35:49+00:00
bogorodica-evzoni,2026-07-01T10:26,270,4.5 h,anonymous,2026-07-01T08:36:19+00:00
bogorodica-evzoni,2026-07-01T11:42,270,4.5 h,anonymous,2026-07-01T09:43:03+00:00
bogorodica-evzoni,2026-07-01T11:26,240,4 h,anonymous_,2026-07-01T09:43:03+00:00
bogorodica-evzoni,2026-07-01T11:46,180,3 h,anonymous,2026-07-01T09:58:09+00:00
bogorodica-evzoni,2026-07-01T12:23,210,3.5 h,anonymous,2026-07-01T10:28:25+00:00
bogorodica-evzoni,2026-07-01T12:14,270,4.5 h,anonymous,2026-07-01T10:28:25+00:00
bogorodica-evzoni,2026-07-01T12:58,35,35 min,anonymous,2026-07-01T10:58:39+00:00
bogorodica-evzoni,2026-07-01T13:13,90,1.5 h,anonymous,2026-07-01T11:13:45+00:00
bogorodica-evzoni,2026-07-01T13:03,5,5 min,anonymous,2026-07-01T11:13:45+00:00
bogorodica-evzoni,2026-07-01T14:30,10,10 min,anonymous,2026-07-01T12:32:31+00:00
bogorodica-evzoni,2026-07-01T14:29,120,2 h,anonymous,2026-07-01T12:32:31+00:00
bogorodica-evzoni,2026-07-01T15:16,5,5 min,anonymous,2026-07-01T13:17:52+00:00
bogorodica-evzoni,2026-07-01T15:25,5,5 min,anonymous,2026-07-01T13:32:59+00:00
bogorodica-evzoni,2026-07-01T16:29,15,15 min,anonymous_,2026-07-01T14:31:08+00:00
bogorodica-evzoni,2026-07-01T16:57,210,3.5 h,anonymous,2026-07-01T15:01:19+00:00
bogorodica-evzoni,2026-07-01T17:44,270,4.5 h,anonymous,2026-07-01T15:46:36+00:00
bogorodica-evzoni,2026-07-01T18:58,240,4 h,anonymous_,2026-07-01T17:06:45+00:00
bogorodica-evzoni,2026-07-01T20:00,45,45 min,anonymous,2026-07-01T18:07:09+00:00
bogorodica-evzoni,2026-07-01T19:59,210,3.5 h,anonymous_,2026-07-01T18:07:09+00:00
bogorodica-evzoni,2026-07-01T20:21,120,2 h,anonymous,2026-07-01T18:22:15+00:00
bogorodica-evzoni,2026-07-01T21:29,90,1.5 h,anonymous_,2026-07-01T19:30:44+00:00
bogorodica-evzoni,2026-07-01T22:33,150,2.5 h,anonymous,2026-07-01T20:42:59+00:00
bogorodica-evzoni,2026-07-01T22:31,30,30 min,anonymous,2026-07-01T20:42:59+00:00
bogorodica-evzoni,2026-07-01T22:26,60,60 min,anonymous_,2026-07-01T20:42:59+00:00
bogorodica-evzoni,2026-07-01T23:04,5,5 min,anonymous,2026-07-01T21:13:14+00:00
bogorodica-evzoni,2026-07-02T00:27,15,15 min,anonymous_,2026-07-01T22:37:09+00:00
bogorodica-evzoni,2026-07-02T01:28,10,10 min,anonymous_,2026-07-01T23:37:32+00:00
bogorodica-evzoni,2026-07-02T02:29,5,5 min,anonymous_,2026-07-02T00:41:34+00:00
bogorodica-evzoni,2026-07-02T03:28,15,15 min,anonymous_,2026-07-02T01:41:58+00:00
bogorodica-evzoni,2026-07-02T04:35,10,10 min,anonymous,2026-07-02T02:38:20+00:00
bogorodica-evzoni,2026-07-02T04:28,10,10 min,anonymous_,2026-07-02T02:38:20+00:00
bogorodica-evzoni,2026-07-02T05:32,35,35 min,anonymous,2026-07-02T03:38:41+00:00
bogorodica-evzoni,2026-07-02T06:54,30,30 min,anonymous_,2026-07-02T05:09:13+00:00
bogorodica-evzoni,2026-07-02T07:14,25,25 min,anonymous,2026-07-02T05:24:19+00:00
bogorodica-evzoni,2026-07-02T08:29,20,20 min,anonymous_,2026-07-02T06:38:09+00:00
bogorodica-evzoni,2026-07-02T09:05,5,5 min,anonymous,2026-07-02T07:08:31+00:00
bogorodica-evzoni,2026-07-02T09:10,5,5 min,anonymous,2026-07-02T07:23:36+00:00
bogorodica-evzoni,2026-07-02T09:51,5,5 min,anonymous,2026-07-02T07:53:50+00:00
bogorodica-evzoni,2026-07-02T09:42,10,10 min,anonymous,2026-07-02T07:53:50+00:00
bogorodica-evzoni,2026-07-02T10:04,10,10 min,anonymous,2026-07-02T08:08:55+00:00
bogorodica-evzoni,2026-07-02T10:30,10,10 min,anonymous,2026-07-02T08:39:08+00:00
bogorodica-evzoni,2026-07-02T10:55,5,5 min,anonymous,2026-07-02T09:09:19+00:00
bogorodica-evzoni,2026-07-02T11:41,5,5 min,anonymous,2026-07-02T09:54:05+00:00
bogorodica-evzoni,2026-07-02T12:59,30,30 min,anonymous,2026-07-02T11:09:35+00:00
bogorodica-evzoni,2026-07-02T13:54,25,25 min,anonymous_,2026-07-02T12:13:38+00:00
bogorodica-evzoni,2026-07-02T14:26,5,5 min,anonymous,2026-07-02T12:28:44+00:00
bogorodica-evzoni,2026-07-02T15:12,20,20 min,anonymous,2026-07-02T13:14:02+00:00
bogorodica-evzoni,2026-07-02T15:58,360,6 h,anonymous,2026-07-02T13:59:18+00:00
bogorodica-evzoni,2026-07-02T15:52,180,3 h,anonymous,2026-07-02T13:59:18+00:00
bogorodica-evzoni,2026-07-02T16:12,540,9 h,anonymous,2026-07-02T14:14:24+00:00
bogorodica-evzoni,2026-07-02T16:40,540,9 h,anonymous,2026-07-02T14:40:52+00:00
bogorodica-evzoni,2026-07-02T16:53,15,15 min,anonymous,2026-07-02T14:56:00+00:00
bogorodica-evzoni,2026-07-02T16:53,180,3 h,anonymous,2026-07-02T14:56:00+00:00
bogorodica-evzoni,2026-07-02T16:52,360,6 h,anonymous,2026-07-02T14:56:00+00:00
bogorodica-evzoni,2026-07-02T16:59,210,3.5 h,anonymous,2026-07-02T15:11:07+00:00
bogorodica-evzoni,2026-07-02T17:38,180,3 h,anonymous,2026-07-02T15:41:20+00:00
bogorodica-evzoni,2026-07-02T17:37,15,15 min,anonymous,2026-07-02T15:41:20+00:00
bogorodica-evzoni,2026-07-02T18:09,300,5 h,anonymous,2026-07-02T16:11:34+00:00
bogorodica-evzoni,2026-07-02T18:19,90,1.5 h,anonymous,2026-07-02T16:23:37+00:00
bogorodica-evzoni,2026-07-02T18:16,150,2.5 h,anonymous,2026-07-02T16:23:37+00:00
bogorodica-evzoni,2026-07-02T18:33,180,3 h,anonymous,2026-07-02T16:38:45+00:00
bogorodica-evzoni,2026-07-02T18:26,30,30 min,anonymous,2026-07-02T16:38:45+00:00
bogorodica-evzoni,2026-07-02T18:46,300,5 h,anonymous,2026-07-02T16:53:51+00:00
bogorodica-evzoni,2026-07-02T18:39,180,3 h,anonymous,2026-07-02T16:53:51+00:00
bogorodica-evzoni,2026-07-02T19:28,300,5 h,anonymous,2026-07-02T17:39:10+00:00
bogorodica-evzoni,2026-07-02T19:41,300,5 h,anonymous,2026-07-02T17:54:17+00:00
bogorodica-evzoni,2026-07-02T20:06,300,5 h,anonymous,2026-07-02T18:09:24+00:00
bogorodica-evzoni,2026-07-02T20:21,300,5 h,anonymous,2026-07-02T18:32:33+00:00
bogorodica-evzoni,2026-07-02T21:12,60,60 min,anonymous,2026-07-02T19:17:51+00:00
bogorodica-evzoni,2026-07-02T21:43,30,30 min,anonymous,2026-07-02T19:48:02+00:00
bogorodica-evzoni,2026-07-02T21:43,35,35 min,anonymous,2026-07-02T19:48:02+00:00
bogorodica-evzoni,2026-07-02T23:06,15,15 min,anonymous,2026-07-02T21:12:42+00:00
bogorodica-evzoni,2026-07-02T22:57,25,25 min,anonymous_,2026-07-02T21:12:42+00:00
bogorodica-evzoni,2026-07-02T23:12,60,60 min,anonymous,2026-07-02T21:20:32+00:00
bogorodica-evzoni,2026-07-03T00:19,55,55 min,anonymous,2026-07-02T22:20:57+00:00
bogorodica-evzoni,2026-07-03T00:34,10,10 min,anonymous,2026-07-02T22:48:27+00:00
bogorodica-evzoni,2026-07-03T01:01,25,25 min,anonymous,2026-07-02T23:03:32+00:00
bogorodica-evzoni,2026-07-03T02:27,20,20 min,anonymous_,2026-07-03T00:43:05+00:00
bogorodica-evzoni,2026-07-03T03:28,15,15 min,anonymous_,2026-07-03T01:37:12+00:00
bogorodica-evzoni,2026-07-03T04:23,20,20 min,anonymous,2026-07-03T02:37:33+00:00
bogorodica-evzoni,2026-07-03T05:28,15,15 min,anonymous_,2026-07-03T03:37:54+00:00
bogorodica-evzoni,2026-07-03T06:05,35,35 min,anonymous,2026-07-03T04:08:04+00:00
bogorodica-evzoni,2026-07-03T06:59,50,50 min,anonymous,2026-07-03T05:08:55+00:00
bogorodica-evzoni,2026-07-03T07:13,60,60 min,anonymous,2026-07-03T05:24:01+00:00
bogorodica-evzoni,2026-07-03T08:09,40,40 min,anonymous,2026-07-03T06:24:23+00:00
bogorodica-evzoni,2026-07-03T08:26,30,30 min,anonymous,2026-07-03T06:39:28+00:00
bogorodica-evzoni,2026-07-03T08:48,10,10 min,anonymous,2026-07-03T06:54:34+00:00
bogorodica-evzoni,2026-07-03T08:48,60,60 min,anonymous,2026-07-03T06:54:34+00:00
bogorodica-evzoni,2026-07-03T09:12,25,25 min,anonymous,2026-07-03T07:24:44+00:00
bogorodica-evzoni,2026-07-03T09:45,35,35 min,anonymous,2026-07-03T07:54:55+00:00
bogorodica-evzoni,2026-07-03T09:43,25,25 min,anonymous,2026-07-03T07:54:55+00:00
bogorodica-evzoni,2026-07-03T10:09,180,3 h,anonymous,2026-07-03T08:10:01+00:00
bogorodica-evzoni,2026-07-03T10:09,35,35 min,anonymous,2026-07-03T08:10:01+00:00
bogorodica-evzoni,2026-07-03T10:02,40,40 min,anonymous,2026-07-03T08:10:01+00:00
bogorodica-evzoni,2026-07-03T11:26,150,2.5 h,anonymous_,2026-07-03T09:30:45+00:00
bogorodica-evzoni,2026-07-03T12:13,5,5 min,anonymous,2026-07-03T10:16:02+00:00
bogorodica-evzoni,2026-07-03T12:05,15,15 min,anonymous,2026-07-03T10:16:02+00:00
bogorodica-evzoni,2026-07-03T12:34,50,50 min,anonymous,2026-07-03T10:46:12+00:00
bogorodica-evzoni,2026-07-03T13:17,120,2 h,anonymous,2026-07-03T11:29:38+00:00
bogorodica-evzoni,2026-07-03T13:33,25,25 min,anonymous,2026-07-03T11:44:44+00:00
bogorodica-evzoni,2026-07-03T14:57,20,20 min,anonymous_,2026-07-03T13:00:28+00:00
bogorodica-evzoni,2026-07-03T15:07,10,10 min,anonymous,2026-07-03T13:15:35+00:00
bogorodica-evzoni,2026-07-03T15:41,30,30 min,anonymous,2026-07-03T13:46:52+00:00
bogorodica-evzoni,2026-07-03T16:17,15,15 min,anonymous,2026-07-03T14:32:09+00:00
bogorodica-evzoni,2026-07-03T16:59,5,5 min,anonymous,2026-07-03T15:02:20+00:00
bogorodica-evzoni,2026-07-03T17:05,60,60 min,anonymous,2026-07-03T15:17:25+00:00
bogorodica-evzoni,2026-07-03T17:57,240,4 h,anonymous,2026-07-03T16:00:46+00:00
bogorodica-evzoni,2026-07-03T18:29,5,5 min,anonymous,2026-07-03T16:30:57+00:00
bogorodica-evzoni,2026-07-03T18:43,15,15 min,anonymous,2026-07-03T16:46:03+00:00
bogorodica-evzoni,2026-07-03T19:53,10,10 min,anonymous_,2026-07-03T18:01:58+00:00
bogorodica-evzoni,2026-07-03T20:11,10,10 min,anonymous,2026-07-03T18:17:03+00:00
bogorodica-evzoni,2026-07-03T20:24,5,5 min,anonymous,2026-07-03T18:37:05+00:00
bogorodica-evzoni,2026-07-03T21:23,5,5 min,anonymous,2026-07-03T19:37:30+00:00
bogorodica-evzoni,2026-07-03T22:32,20,20 min,anonymous,2026-07-03T20:41:36+00:00
bogorodica-evzoni,2026-07-03T22:26,15,15 min,anonymous_,2026-07-03T20:41:36+00:00
bogorodica-evzoni,2026-07-03T23:54,15,15 min,anonymous_,2026-07-03T22:05:47+00:00
bogorodica-evzoni,2026-07-04T00:56,10,10 min,anonymous_,2026-07-03T23:00:53+00:00
bogorodica-evzoni,2026-07-04T01:53,5,5 min,anonymous_,2026-07-04T00:08:48+00:00
bogorodica-evzoni,2026-07-04T02:32,90,1.5 h,anonymous,2026-07-04T00:38:58+00:00
bogorodica-evzoni,2026-07-04T03:07,5,5 min,anonymous,2026-07-04T01:09:09+00:00
bogorodica-evzoni,2026-07-04T04:24,10,10 min,anonymous_,2026-07-04T02:37:35+00:00
bogorodica-evzoni,2026-07-04T05:29,5,5 min,anonymous_,2026-07-04T03:37:57+00:00
bogorodica-evzoni,2026-07-04T05:55,45,45 min,anonymous,2026-07-04T04:08:09+00:00
bogorodica-evzoni,2026-07-04T06:53,40,40 min,anonymous_,2026-07-04T05:02:55+00:00
bogorodica-evzoni,2026-07-04T07:08,60,60 min,anonymous,2026-07-04T05:18:02+00:00
bogorodica-evzoni,2026-07-04T08:09,120,2 h,anonymous,2026-07-04T06:18:27+00:00
bogorodica-evzoni,2026-07-04T08:51,50,50 min,anonymous,2026-07-04T07:03:47+00:00
bogorodica-evzoni,2026-07-04T09:58,45,45 min,anonymous_,2026-07-04T08:01:40+00:00
bogorodica-evzoni,2026-07-04T10:58,40,40 min,anonymous_,2026-07-04T09:02:01+00:00
bogorodica-evzoni,2026-07-04T11:07,20,20 min,anonymous,2026-07-04T09:17:07+00:00
bogorodica-evzoni,2026-07-04T11:31,10,10 min,anonymous,2026-07-04T09:32:13+00:00
bogorodica-evzoni,2026-07-04T12:19,20,20 min,anonymous,2026-07-04T10:22:12+00:00
bogorodica-evzoni,2026-07-04T12:54,15,15 min,anonymous,2026-07-04T11:07:31+00:00
bogorodica-evzoni,2026-07-04T13:57,10,10 min,anonymous_,2026-07-04T12:05:03+00:00
bogorodica-evzoni,2026-07-04T14:57,5,5 min,anonymous_,2026-07-04T13:06:49+00:00
bogorodica-evzoni,2026-07-04T15:59,15,15 min,anonymous_,2026-07-04T14:07:11+00:00
bogorodica-evzoni,2026-07-04T16:58,10,10 min,anonymous_,2026-07-04T15:09:00+00:00
bogorodica-evzoni,2026-07-04T17:58,5,5 min,anonymous_,2026-07-04T16:15:01+00:00
bogorodica-evzoni,2026-07-04T18:53,15,15 min,anonymous_,2026-07-04T17:00:22+00:00
bogorodica-evzoni,2026-07-04T19:54,10,10 min,anonymous_,2026-07-04T18:05:37+00:00
bogorodica-evzoni,2026-07-04T20:57,5,5 min,anonymous_,2026-07-04T19:07:14+00:00
bogorodica-evzoni,2026-07-04T21:59,10,10 min,anonymous_,2026-07-04T20:05:21+00:00
bogorodica-evzoni,2026-07-04T22:57,5,5 min,anonymous_,2026-07-04T21:05:40+00:00
bogorodica-evzoni,2026-07-04T23:54,10,10 min,anonymous_,2026-07-04T22:12:49+00:00
bogorodica-evzoni,2026-07-05T00:57,5,5 min,anonymous_,2026-07-04T23:00:32+00:00
bogorodica-evzoni,2026-07-05T01:58,10,10 min,anonymous_,2026-07-05T00:11:51+00:00
bogorodica-evzoni,2026-07-05T02:58,5,5 min,anonymous_,2026-07-05T01:12:12+00:00
bogorodica-evzoni,2026-07-05T03:57,10,10 min,anonymous_,2026-07-05T02:05:53+00:00
bogorodica-evzoni,2026-07-05T04:49,30,30 min,anonymous,2026-07-05T02:51:08+00:00
bogorodica-evzoni,2026-07-05T05:29,50,50 min,anonymous,2026-07-05T03:36:24+00:00
bogorodica-evzoni,2026-07-05T06:29,45,45 min,anonymous_,2026-07-05T04:36:45+00:00
bogorodica-evzoni,2026-07-05T06:37,90,1.5 h,anonymous,2026-07-05T04:51:51+00:00
bogorodica-evzoni,2026-07-05T07:12,90,1.5 h,anonymous,2026-07-05T05:15:43+00:00
bogorodica-evzoni,2026-07-05T08:26,60,60 min,anonymous_,2026-07-05T06:31:11+00:00
bogorodica-evzoni,2026-07-05T09:24,55,55 min,anonymous_,2026-07-05T07:31:35+00:00
bogorodica-evzoni,2026-07-05T09:44,60,60 min,anonymous,2026-07-05T07:46:40+00:00
bogorodica-evzoni,2026-07-05T10:28,20,20 min,anonymous,2026-07-05T08:36:55+00:00
bogorodica-evzoni,2026-07-05T11:27,15,15 min,anonymous_,2026-07-05T09:37:15+00:00
bogorodica-evzoni,2026-07-05T11:45,20,20 min,anonymous,2026-07-05T09:52:21+00:00
bogorodica-evzoni,2026-07-05T12:59,15,15 min,anonymous_,2026-07-05T11:05:41+00:00
bogorodica-evzoni,2026-07-05T13:55,10,10 min,anonymous_,2026-07-05T12:02:12+00:00
bogorodica-evzoni,2026-07-05T14:56,5,5 min,anonymous_,2026-07-05T13:02:39+00:00
bogorodica-evzoni,2026-07-05T15:54,15,15 min,anonymous_,2026-07-05T14:02:51+00:00
bogorodica-evzoni,2026-07-05T16:27,50,50 min,anonymous,2026-07-05T14:33:07+00:00
bogorodica-evzoni,2026-07-05T17:39,90,1.5 h,anonymous,2026-07-05T15:39:29+00:00
bogorodica-evzoni,2026-07-05T17:29,45,45 min,anonymous_,2026-07-05T15:39:29+00:00
bogorodica-evzoni,2026-07-05T18:29,90,1.5 h,anonymous,2026-07-05T16:38:26+00:00
bogorodica-evzoni,2026-07-05T19:23,60,60 min,anonymous_,2026-07-05T17:38:54+00:00
bogorodica-evzoni,2026-07-05T20:23,55,55 min,anonymous_,2026-07-05T18:36:43+00:00
bogorodica-evzoni,2026-07-05T21:24,50,50 min,anonymous_,2026-07-05T19:32:08+00:00
bogorodica-evzoni,2026-07-05T22:13,10,10 min,anonymous,2026-07-05T20:17:24+00:00
bogorodica-evzoni,2026-07-05T23:23,5,5 min,anonymous_,2026-07-05T21:31:09+00:00
bogorodica-evzoni,2026-07-06T00:26,10,10 min,anonymous_,2026-07-05T22:31:30+00:00
bogorodica-evzoni,2026-07-06T01:26,5,5 min,anonymous_,2026-07-05T23:35:55+00:00
bogorodica-evzoni,2026-07-06T02:25,15,15 min,anonymous_,2026-07-06T00:42:08+00:00
bogorodica-evzoni,2026-07-06T03:28,10,10 min,anonymous_,2026-07-06T01:44:01+00:00
bogorodica-evzoni,2026-07-06T04:23,5,5 min,anonymous_,2026-07-06T02:44:22+00:00
bogorodica-evzoni,2026-07-06T04:51,50,50 min,anonymous,2026-07-06T02:59:28+00:00
bogorodica-evzoni,2026-07-06T05:24,90,1.5 h,anonymous,2026-07-06T03:29:38+00:00
bogorodica-evzoni,2026-07-06T05:47,60,60 min,anonymous,2026-07-06T03:59:51+00:00
bogorodica-evzoni,2026-07-06T06:56,55,55 min,anonymous_,2026-07-06T05:00:38+00:00
bogorodica-evzoni,2026-07-06T07:56,50,50 min,anonymous_,2026-07-06T06:01:00+00:00
bogorodica-evzoni,2026-07-06T08:22,25,25 min,anonymous,2026-07-06T06:23:54+00:00
bogorodica-evzoni,2026-07-06T09:29,20,20 min,anonymous_,2026-07-06T07:39:20+00:00
bogorodica-evzoni,2026-07-06T09:55,90,1.5 h,anonymous,2026-07-06T08:09:30+00:00
bogorodica-evzoni,2026-07-06T11:02,60,60 min,anonymous,2026-07-06T09:09:52+00:00
bogorodica-evzoni,2026-07-06T10:58,60,60 min,anonymous_,2026-07-06T09:09:52+00:00
bogorodica-evzoni,2026-07-06T11:13,120,2 h,anonymous,2026-07-06T09:24:57+00:00
bogorodica-evzoni,2026-07-06T11:29,90,1.5 h,anonymous,2026-07-06T09:40:03+00:00
bogorodica-evzoni,2026-07-06T11:48,240,4 h,anonymous,2026-07-06T09:55:15+00:00
bogorodica-evzoni,2026-07-06T12:53,210,3.5 h,anonymous_,2026-07-06T11:08:40+00:00
bogorodica-evzoni,2026-07-06T13:47,10,10 min,anonymous,2026-07-06T11:54:00+00:00
bogorodica-evzoni,2026-07-06T14:58,5,5 min,anonymous_,2026-07-06T13:09:27+00:00
bogorodica-evzoni,2026-07-06T15:56,10,10 min,anonymous_,2026-07-06T14:09:49+00:00
bogorodica-evzoni,2026-07-06T16:56,5,5 min,anonymous_,2026-07-06T15:09:20+00:00
bogorodica-evzoni,2026-07-06T17:45,90,1.5 h,anonymous,2026-07-06T15:54:38+00:00
bogorodica-evzoni,2026-07-06T18:55,60,60 min,anonymous_,2026-07-06T17:10:12+00:00
bogorodica-evzoni,2026-07-06T19:28,15,15 min,anonymous,2026-07-06T17:30:48+00:00
bogorodica-evzoni,2026-07-06T20:25,20,20 min,anonymous,2026-07-06T18:31:14+00:00
bogorodica-evzoni,2026-07-06T21:25,15,15 min,anonymous,2026-07-06T19:36:17+00:00
bogorodica-evzoni,2026-07-06T21:38,15,15 min,anonymous,2026-07-06T19:51:24+00:00
bogorodica-evzoni,2026-07-06T22:56,10,10 min,anonymous_,2026-07-06T21:06:59+00:00
bogorodica-evzoni,2026-07-06T23:08,120,2 h,anonymous,2026-07-06T21:23:01+00:00
bogorodica-evzoni,2026-07-07T00:24,90,1.5 h,anonymous_,2026-07-06T22:38:37+00:00
bogorodica-evzoni,2026-07-07T01:25,60,60 min,anonymous_,2026-07-06T23:42:26+00:00
bogorodica-evzoni,2026-07-07T02:29,55,55 min,anonymous_,2026-07-07T00:37:48+00:00
bogorodica-evzoni,2026-07-07T03:28,50,50 min,anonymous_,2026-07-07T01:38:14+00:00
bogorodica-evzoni,2026-07-07T04:27,45,45 min,anonymous_,2026-07-07T02:38:41+00:00
bogorodica-evzoni,2026-07-07T05:25,40,40 min,anonymous_,2026-07-07T03:39:04+00:00
bogorodica-evzoni,2026-07-07T06:29,35,35 min,anonymous_,2026-07-07T04:43:11+00:00
bogorodica-evzoni,2026-07-07T07:29,30,30 min,anonymous_,2026-07-07T05:43:36+00:00
bogorodica-evzoni,2026-07-07T08:18,5,5 min,anonymous,2026-07-07T06:28:56+00:00
bogorodica-evzoni,2026-07-07T08:43,5,5 min,anonymous,2026-07-07T06:44:02+00:00
bogorodica-evzoni,2026-07-07T08:36,10,10 min,anonymous,2026-07-07T06:44:02+00:00
bogorodica-evzoni,2026-07-07T09:08,10,10 min,anonymous,2026-07-07T07:14:19+00:00
bogorodica-evzoni,2026-07-07T10:08,10,10 min,anonymous,2026-07-07T08:10:57+00:00
bogorodica-evzoni,2026-07-07T09:56,10,10 min,anonymous,2026-07-07T08:10:57+00:00
bogorodica-evzoni,2026-07-07T10:17,25,25 min,anonymous,2026-07-07T08:26:03+00:00
bogorodica-evzoni,2026-07-07T11:29,20,20 min,anonymous_,2026-07-07T09:41:29+00:00
bogorodica-evzoni,2026-07-07T12:41,120,2 h,anonymous,2026-07-07T10:41:50+00:00
bogorodica-evzoni,2026-07-07T12:39,60,60 min,anonymous,2026-07-07T10:41:50+00:00
bogorodica-evzoni,2026-07-07T12:27,15,15 min,anonymous_,2026-07-07T10:41:50+00:00
bogorodica-evzoni,2026-07-07T12:44,10,10 min,anonymous,2026-07-07T10:56:56+00:00
bogorodica-evzoni,2026-07-07T12:42,60,60 min,anonymous,2026-07-07T10:56:56+00:00
bogorodica-evzoni,2026-07-07T12:41,300,5 h,anonymous,2026-07-07T10:56:56+00:00
bogorodica-evzoni,2026-07-07T13:58,5,5 min,anonymous_,2026-07-07T12:02:55+00:00
bogorodica-evzoni,2026-07-07T14:30,15,15 min,anonymous,2026-07-07T12:33:08+00:00
bogorodica-evzoni,2026-07-07T15:25,10,10 min,anonymous_,2026-07-07T13:44:52+00:00
bogorodica-evzoni,2026-07-07T15:58,15,15 min,anonymous,2026-07-07T13:59:57+00:00
bogorodica-evzoni,2026-07-07T16:59,10,10 min,anonymous_,2026-07-07T15:00:24+00:00
bogorodica-evzoni,2026-07-07T17:53,5,5 min,anonymous_,2026-07-07T16:00:46+00:00
bogorodica-evzoni,2026-07-07T18:59,15,15 min,anonymous_,2026-07-07T17:07:21+00:00
bogorodica-evzoni,2026-07-07T19:59,10,10 min,anonymous_,2026-07-07T18:07:47+00:00
bogorodica-evzoni,2026-07-07T20:56,5,5 min,anonymous_,2026-07-07T19:03:23+00:00
bogorodica-evzoni,2026-07-07T21:46,55,55 min,anonymous,2026-07-07T19:48:40+00:00
bogorodica-evzoni,2026-07-07T22:54,50,50 min,anonymous_,2026-07-07T21:04:11+00:00
bogorodica-evzoni,2026-07-07T23:54,45,45 min,anonymous_,2026-07-07T22:02:37+00:00
bogorodica-evzoni,2026-07-08T00:54,40,40 min,anonymous_,2026-07-07T23:01:47+00:00
bogorodica-evzoni,2026-07-08T01:56,35,35 min,anonymous_,2026-07-08T00:11:41+00:00
bogorodica-evzoni,2026-07-08T02:56,30,30 min,anonymous_,2026-07-08T01:12:02+00:00
bogorodica-evzoni,2026-07-08T03:57,25,25 min,anonymous_,2026-07-08T02:14:52+00:00
bogorodica-evzoni,2026-07-08T04:56,20,20 min,anonymous_,2026-07-08T03:00:23+00:00
bogorodica-evzoni,2026-07-08T05:53,15,15 min,anonymous_,2026-07-08T04:00:48+00:00
bogorodica-evzoni,2026-07-08T06:30,5,5 min,anonymous,2026-07-08T04:31:02+00:00
bogorodica-evzoni,2026-07-08T07:28,15,15 min,anonymous_,2026-07-08T05:37:48+00:00
bogorodica-evzoni,2026-07-08T08:25,10,10 min,anonymous_,2026-07-08T06:38:24+00:00
bogorodica-evzoni,2026-07-08T09:25,5,5 min,anonymous_,2026-07-08T07:32:41+00:00
bogorodica-evzoni,2026-07-08T10:01,20,20 min,anonymous,2026-07-08T08:02:52+00:00
bogorodica-evzoni,2026-07-08T11:18,20,20 min,anonymous,2026-07-08T09:33:25+00:00
bogorodica-evzoni,2026-07-08T12:24,15,15 min,anonymous_,2026-07-08T10:42:23+00:00
bogorodica-evzoni,2026-07-08T13:26,10,10 min,anonymous_,2026-07-08T11:39:11+00:00
bogorodica-evzoni,2026-07-08T13:58,20,20 min,anonymous,2026-07-08T12:09:24+00:00
bogorodica-evzoni,2026-07-08T13:55,60,60 min,anonymous,2026-07-08T12:09:24+00:00
bogorodica-evzoni,2026-07-08T14:53,15,15 min,anonymous_,2026-07-08T13:09:50+00:00
bogorodica-evzoni,2026-07-08T15:53,10,10 min,anonymous_,2026-07-08T14:03:36+00:00
bogorodica-evzoni,2026-07-08T16:12,20,20 min,anonymous,2026-07-08T14:18:42+00:00
bogorodica-evzoni,2026-07-08T17:23,15,15 min,anonymous_,2026-07-08T15:34:14+00:00
bogorodica-evzoni,2026-07-08T18:27,10,10 min,anonymous_,2026-07-08T16:39:27+00:00
bogorodica-evzoni,2026-07-08T19:23,5,5 min,anonymous_,2026-07-08T17:43:54+00:00
bogorodica-evzoni,2026-07-08T20:28,10,10 min,anonymous_,2026-07-08T18:44:17+00:00
bogorodica-evzoni,2026-07-08T21:27,5,5 min,anonymous_,2026-07-08T19:36:25+00:00
bogorodica-evzoni,2026-07-08T22:20,5,5 min,anonymous,2026-07-08T20:31:16+00:00
bogorodica-evzoni,2026-07-08T23:14,35,35 min,anonymous,2026-07-08T21:16:37+00:00
bogorodica-evzoni,2026-07-09T00:29,30,30 min,anonymous_,2026-07-08T22:35:17+00:00
bogorodica-evzoni,2026-07-09T01:28,25,25 min,anonymous_,2026-07-08T23:40:27+00:00
bogorodica-evzoni,2026-07-09T02:28,20,20 min,anonymous_,2026-07-09T00:40:11+00:00
bogorodica-evzoni,2026-07-09T03:26,15,15 min,anonymous_,2026-07-09T01:40:32+00:00
bogorodica-evzoni,2026-07-09T04:28,10,10 min,anonymous_,2026-07-09T02:40:52+00:00
bogorodica-evzoni,2026-07-09T05:27,5,5 min,anonymous_,2026-07-09T03:41:13+00:00
bogorodica-evzoni,2026-07-09T06:28,15,15 min,anonymous_,2026-07-09T04:38:49+00:00
bogorodica-evzoni,2026-07-09T07:26,10,10 min,anonymous_,2026-07-09T05:39:13+00:00
bogorodica-evzoni,2026-07-09T08:12,20,20 min,anonymous,2026-07-09T06:24:35+00:00
bogorodica-evzoni,2026-07-09T09:25,15,15 min,anonymous_,2026-07-09T07:40:08+00:00
bogorodica-evzoni,2026-07-09T10:24,10,10 min,anonymous_,2026-07-09T08:41:46+00:00
bogorodica-evzoni,2026-07-09T11:02,20,20 min,anonymous,2026-07-09T09:11:57+00:00
bogorodica-evzoni,2026-07-09T12:27,15,15 min,anonymous_,2026-07-09T10:42:31+00:00
bogorodica-evzoni,2026-07-09T12:52,20,20 min,anonymous,2026-07-09T10:57:37+00:00
bogorodica-evzoni,2026-07-09T13:08,5,5 min,anonymous,2026-07-09T11:12:43+00:00
bogorodica-evzoni,2026-07-09T13:47,150,2.5 h,anonymous,2026-07-09T11:51:27+00:00
bogorodica-evzoni,2026-07-09T14:57,120,2 h,anonymous_,2026-07-09T13:07:01+00:00
bogorodica-evzoni,2026-07-09T15:08,15,15 min,anonymous,2026-07-09T13:22:08+00:00
bogorodica-evzoni,2026-07-09T15:41,60,60 min,anonymous,2026-07-09T13:52:22+00:00
bogorodica-evzoni,2026-07-09T16:31,5,5 min,anonymous,2026-07-09T14:46:16+00:00
bogorodica-evzoni,2026-07-09T17:34,5,5 min,anonymous,2026-07-09T15:46:42+00:00
bogorodica-evzoni,2026-07-09T18:56,15,15 min,anonymous_,2026-07-09T17:05:40+00:00
bogorodica-evzoni,2026-07-09T19:19,5,5 min,anonymous,2026-07-09T17:20:47+00:00
bogorodica-evzoni,2026-07-09T19:05,240,4 h,anonymous,2026-07-09T17:20:47+00:00
bogorodica-evzoni,2026-07-09T20:24,10,10 min,anonymous_,2026-07-09T18:39:13+00:00
bogorodica-evzoni,2026-07-09T21:28,5,5 min,anonymous_,2026-07-09T19:39:33+00:00
bogorodica-evzoni,2026-07-09T22:25,10,10 min,anonymous_,2026-07-09T20:42:25+00:00
bogorodica-evzoni,2026-07-09T23:28,5,5 min,anonymous_,2026-07-09T21:42:51+00:00
bogorodica-evzoni,2026-07-10T00:24,10,10 min,anonymous_,2026-07-09T22:36:40+00:00
bogorodica-evzoni,2026-07-10T01:27,5,5 min,anonymous_,2026-07-09T23:35:05+00:00
bogorodica-evzoni,2026-07-10T02:27,15,15 min,anonymous_,2026-07-10T00:35:44+00:00
bogorodica-evzoni,2026-07-10T03:27,10,10 min,anonymous_,2026-07-10T01:43:49+00:00
bogorodica-evzoni,2026-07-10T04:29,5,5 min,anonymous_,2026-07-10T02:44:15+00:00
bogorodica-evzoni,2026-07-10T05:39,35,35 min,anonymous,2026-07-10T03:44:39+00:00
bogorodica-evzoni,2026-07-10T05:28,10,10 min,anonymous_,2026-07-10T03:44:39+00:00
bogorodica-evzoni,2026-07-10T06:54,30,30 min,anonymous_,2026-07-10T05:00:24+00:00
bogorodica-evzoni,2026-07-10T07:55,25,25 min,anonymous_,2026-07-10T06:12:50+00:00
bogorodica-evzoni,2026-07-10T08:59,20,20 min,anonymous_,2026-07-10T07:13:11+00:00
bogorodica-evzoni,2026-07-10T09:57,15,15 min,anonymous_,2026-07-10T08:13:45+00:00
bogorodica-evzoni,2026-07-10T10:38,10,10 min,anonymous,2026-07-10T08:43:56+00:00
bogorodica-evzoni,2026-07-10T11:02,10,10 min,anonymous,2026-07-10T09:15:30+00:00
bogorodica-evzoni,2026-07-10T12:27,5,5 min,anonymous_,2026-07-10T10:30:59+00:00
bogorodica-evzoni,2026-07-10T12:58,5,5 min,anonymous,2026-07-10T11:01:11+00:00
bogorodica-evzoni,2026-07-10T13:23,10,10 min,anonymous,2026-07-10T11:31:21+00:00
bogorodica-evzoni,2026-07-10T14:27,5,5 min,anonymous_,2026-07-10T12:37:44+00:00
bogorodica-evzoni,2026-07-10T15:28,15,15 min,anonymous_,2026-07-10T13:34:57+00:00
bogorodica-evzoni,2026-07-10T16:28,10,10 min,anonymous_,2026-07-10T14:35:26+00:00
bogorodica-evzoni,2026-07-10T17:15,40,40 min,anonymous,2026-07-10T15:20:48+00:00
bogorodica-evzoni,2026-07-10T17:29,10,10 min,anonymous,2026-07-10T15:35:56+00:00
bogorodica-evzoni,2026-07-10T18:00,15,15 min,anonymous,2026-07-10T16:01:54+00:00
bogorodica-evzoni,2026-07-10T17:57,40,40 min,anonymous,2026-07-10T16:01:54+00:00
bogorodica-evzoni,2026-07-10T18:05,25,25 min,anonymous,2026-07-10T16:17:01+00:00
bogorodica-evzoni,2026-07-10T18:28,45,45 min,anonymous,2026-07-10T16:32:08+00:00
bogorodica-evzoni,2026-07-10T18:38,5,5 min,anonymous,2026-07-10T16:47:15+00:00
bogorodica-evzoni,2026-07-10T19:54,10,10 min,anonymous_,2026-07-10T18:12:22+00:00
bogorodica-evzoni,2026-07-10T20:56,5,5 min,anonymous_,2026-07-10T19:12:48+00:00
bogorodica-evzoni,2026-07-10T21:55,15,15 min,anonymous_,2026-07-10T20:02:55+00:00
bogorodica-evzoni,2026-07-10T22:53,10,10 min,anonymous_,2026-07-10T21:11:27+00:00
bogorodica-evzoni,2026-07-10T23:56,5,5 min,anonymous_,2026-07-10T22:11:49+00:00
bogorodica-evzoni,2026-07-11T00:59,15,15 min,anonymous_,2026-07-10T23:13:41+00:00
bogorodica-evzoni,2026-07-11T01:54,10,10 min,anonymous_,2026-07-11T00:02:42+00:00
bogorodica-evzoni,2026-07-11T02:57,5,5 min,anonymous_,2026-07-11T01:14:27+00:00
bogorodica-evzoni,2026-07-11T03:55,10,10 min,anonymous_,2026-07-11T02:14:48+00:00
bogorodica-evzoni,2026-07-11T04:38,60,60 min,anonymous,2026-07-11T02:44:59+00:00
bogorodica-evzoni,2026-07-11T05:47,90,1.5 h,anonymous,2026-07-11T03:48:06+00:00
bogorodica-evzoni,2026-07-11T06:56,60,60 min,anonymous_,2026-07-11T05:03:32+00:00
bogorodica-evzoni,2026-07-11T07:42,120,2 h,anonymous,2026-07-11T05:48:49+00:00
bogorodica-evzoni,2026-07-11T08:55,15,15 min,anonymous,2026-07-11T07:04:06+00:00
bogorodica-evzoni,2026-07-11T08:53,5,5 min,anonymous,2026-07-11T07:04:06+00:00
bogorodica-evzoni,2026-07-11T08:53,120,2 h,anonymous,2026-07-11T07:04:06+00:00
bogorodica-evzoni,2026-07-11T09:59,10,10 min,anonymous_,2026-07-11T08:04:27+00:00
bogorodica-evzoni,2026-07-11T10:38,55,55 min,anonymous,2026-07-11T08:40:36+00:00
bogorodica-evzoni,2026-07-11T10:26,15,15 min,anonymous,2026-07-11T08:40:36+00:00
bogorodica-evzoni,2026-07-11T10:44,45,45 min,anonymous,2026-07-11T08:55:47+00:00
bogorodica-evzoni,2026-07-11T11:59,40,40 min,anonymous_,2026-07-11T10:08:10+00:00
bogorodica-evzoni,2026-07-11T12:24,10,10 min,anonymous,2026-07-11T10:38:34+00:00
bogorodica-evzoni,2026-07-11T13:28,15,15 min,anonymous,2026-07-11T11:31:14+00:00
bogorodica-evzoni,2026-07-11T13:52,30,30 min,anonymous,2026-07-11T12:01:27+00:00
bogorodica-evzoni,2026-07-11T13:50,180,3 h,anonymous,2026-07-11T12:01:27+00:00
bogorodica-evzoni,2026-07-11T14:03,20,20 min,anonymous,2026-07-11T12:09:36+00:00
bogorodica-evzoni,2026-07-11T15:31,55,55 min,anonymous,2026-07-11T13:40:15+00:00
bogorodica-evzoni,2026-07-11T15:29,15,15 min,anonymous_,2026-07-11T13:40:15+00:00
bogorodica-evzoni,2026-07-11T16:45,5,5 min,anonymous,2026-07-11T14:58:55+00:00
bogorodica-evzoni,2026-07-11T17:58,15,15 min,anonymous_,2026-07-11T16:09:48+00:00
bogorodica-evzoni,2026-07-11T19:10,40,40 min,anonymous,2026-07-11T17:13:46+00:00
bogorodica-evzoni,2026-07-11T19:01,150,2.5 h,anonymous,2026-07-11T17:13:46+00:00
bogorodica-evzoni,2026-07-11T18:56,10,10 min,anonymous_,2026-07-11T17:13:46+00:00
bogorodica-evzoni,2026-07-11T19:38,5,5 min,anonymous,2026-07-11T17:41:33+00:00
bogorodica-evzoni,2026-07-11T20:23,5,5 min,anonymous,2026-07-11T18:26:51+00:00
bogorodica-evzoni,2026-07-11T20:14,5,5 min,anonymous,2026-07-11T18:26:51+00:00
bogorodica-evzoni,2026-07-11T21:28,10,10 min,anonymous_,2026-07-11T19:31:31+00:00
bogorodica-evzoni,2026-07-11T21:38,5,5 min,anonymous,2026-07-11T19:46:37+00:00
bogorodica-evzoni,2026-07-11T22:54,15,15 min,anonymous_,2026-07-11T21:04:06+00:00
bogorodica-evzoni,2026-07-11T23:08,10,10 min,anonymous,2026-07-11T21:19:13+00:00
bogorodica-evzoni,2026-07-11T23:25,150,2.5 h,anonymous,2026-07-11T21:29:40+00:00
bogorodica-evzoni,2026-07-12T00:04,5,5 min,anonymous,2026-07-11T22:14:59+00:00
bogorodica-evzoni,2026-07-12T01:29,15,15 min,anonymous_,2026-07-11T23:33:24+00:00
bogorodica-evzoni,2026-07-12T02:24,10,10 min,anonymous_,2026-07-12T00:33:51+00:00
bogorodica-evzoni,2026-07-12T03:28,5,5 min,anonymous_,2026-07-12T01:40:54+00:00
bogorodica-evzoni,2026-07-12T04:27,15,15 min,anonymous_,2026-07-12T02:41:14+00:00
bogorodica-evzoni,2026-07-12T05:23,10,10 min,anonymous_,2026-07-12T03:41:33+00:00
bogorodica-evzoni,2026-07-12T06:23,5,5 min,anonymous_,2026-07-12T04:41:54+00:00
bogorodica-evzoni,2026-07-12T06:45,5,5 min,anonymous,2026-07-12T04:58:42+00:00
bogorodica-evzoni,2026-07-12T07:17,40,40 min,anonymous,2026-07-12T05:28:52+00:00
bogorodica-evzoni,2026-07-12T07:39,90,1.5 h,anonymous,2026-07-12T05:43:58+00:00
bogorodica-evzoni,2026-07-12T07:53,15,15 min,anonymous,2026-07-12T05:59:04+00:00
bogorodica-evzoni,2026-07-12T08:07,5,5 min,anonymous,2026-07-12T06:14:09+00:00
bogorodica-evzoni,2026-07-12T09:20,45,45 min,anonymous,2026-07-12T07:20:32+00:00
bogorodica-evzoni,2026-07-12T09:49,20,20 min,anonymous,2026-07-12T07:50:48+00:00
bogorodica-evzoni,2026-07-12T10:54,15,15 min,anonymous_,2026-07-12T09:06:15+00:00
bogorodica-evzoni,2026-07-12T11:45,45,45 min,anonymous,2026-07-12T09:53:27+00:00
bogorodica-evzoni,2026-07-12T12:56,40,40 min,anonymous_,2026-07-12T11:13:21+00:00
bogorodica-evzoni,2026-07-12T14:02,40,40 min,anonymous,2026-07-12T12:05:51+00:00
bogorodica-evzoni,2026-07-12T13:56,35,35 min,anonymous_,2026-07-12T12:05:51+00:00
bogorodica-evzoni,2026-07-12T14:27,40,40 min,anonymous,2026-07-12T12:36:03+00:00
bogorodica-evzoni,2026-07-12T15:03,15,15 min,anonymous,2026-07-12T13:06:15+00:00
bogorodica-evzoni,2026-07-12T16:26,10,10 min,anonymous_,2026-07-12T14:37:51+00:00
bogorodica-evzoni,2026-07-12T17:26,5,5 min,anonymous_,2026-07-12T15:39:54+00:00
bogorodica-evzoni,2026-07-12T18:28,10,10 min,anonymous_,2026-07-12T16:31:06+00:00
bogorodica-evzoni,2026-07-12T19:28,5,5 min,anonymous_,2026-07-12T17:44:48+00:00
bogorodica-evzoni,2026-07-12T20:26,15,15 min,anonymous_,2026-07-12T18:30:08+00:00
bogorodica-evzoni,2026-07-12T21:29,10,10 min,anonymous_,2026-07-12T19:31:58+00:00
bogorodica-evzoni,2026-07-12T22:29,5,5 min,anonymous_,2026-07-12T20:31:42+00:00
bogorodica-evzoni,2026-07-12T23:28,10,10 min,anonymous_,2026-07-12T21:43:42+00:00
bogorodica-evzoni,2026-07-13T00:26,5,5 min,anonymous_,2026-07-12T22:43:05+00:00
bogorodica-evzoni,2026-07-13T01:29,10,10 min,anonymous_,2026-07-12T23:32:35+00:00
bogorodica-evzoni,2026-07-13T02:24,5,5 min,anonymous_,2026-07-13T00:33:04+00:00
bogorodica-evzoni,2026-07-13T03:26,15,15 min,anonymous_,2026-07-13T01:40:50+00:00
bogorodica-evzoni,2026-07-13T04:36,15,15 min,anonymous,2026-07-13T02:41:12+00:00
bogorodica-evzoni,2026-07-13T04:28,10,10 min,anonymous_,2026-07-13T02:41:12+00:00
bogorodica-evzoni,2026-07-13T06:03,40,40 min,anonymous,2026-07-13T04:11:46+00:00
bogorodica-evzoni,2026-07-13T05:58,10,10 min,anonymous_,2026-07-13T04:11:46+00:00
bogorodica-evzoni,2026-07-13T07:27,35,35 min,anonymous_,2026-07-13T05:36:02+00:00
bogorodica-evzoni,2026-07-13T07:41,60,60 min,anonymous,2026-07-13T05:51:08+00:00
bogorodica-evzoni,2026-07-13T08:51,90,1.5 h,anonymous,2026-07-13T06:51:35+00:00
bogorodica-evzoni,2026-07-13T09:02,5,5 min,anonymous,2026-07-13T07:06:48+00:00
bogorodica-evzoni,2026-07-13T09:21,5,5 min,anonymous,2026-07-13T07:21:55+00:00
bogorodica-evzoni,2026-07-13T09:28,5,5 min,anonymous,2026-07-13T07:37:16+00:00
bogorodica-evzoni,2026-07-13T09:44,60,60 min,anonymous,2026-07-13T07:52:23+00:00
bogorodica-evzoni,2026-07-13T09:41,5,5 min,anonymous,2026-07-13T07:52:23+00:00
bogorodica-evzoni,2026-07-13T09:38,30,30 min,anonymous,2026-07-13T07:52:23+00:00
bogorodica-evzoni,2026-07-13T10:52,30,30 min,anonymous,2026-07-13T09:01:11+00:00
bogorodica-evzoni,2026-07-13T11:23,20,20 min,anonymous,2026-07-13T09:31:25+00:00
bogorodica-evzoni,2026-07-13T11:18,20,20 min,anonymous,2026-07-13T09:31:25+00:00
bogorodica-evzoni,2026-07-13T11:32,60,60 min,anonymous,2026-07-13T09:46:31+00:00
bogorodica-evzoni,2026-07-13T12:05,50,50 min,anonymous,2026-07-13T10:16:45+00:00
bogorodica-evzoni,2026-07-13T12:43,150,2.5 h,anonymous,2026-07-13T10:46:58+00:00
bogorodica-evzoni,2026-07-13T12:49,120,2 h,anonymous,2026-07-13T11:02:05+00:00
bogorodica-evzoni,2026-07-13T12:47,90,1.5 h,anonymous,2026-07-13T11:02:05+00:00
bogorodica-evzoni,2026-07-13T14:01,5,5 min,anonymous,2026-07-13T12:11:21+00:00
bogorodica-evzoni,2026-07-13T13:59,90,1.5 h,anonymous_,2026-07-13T12:11:21+00:00
bogorodica-evzoni,2026-07-13T14:16,20,20 min,anonymous,2026-07-13T12:26:27+00:00
bogorodica-evzoni,2026-07-13T15:23,15,15 min,anonymous_,2026-07-13T13:39:55+00:00
bogorodica-evzoni,2026-07-13T16:20,240,4 h,anonymous,2026-07-13T14:25:16+00:00
bogorodica-evzoni,2026-07-13T16:39,240,4 h,anonymous,2026-07-13T14:40:22+00:00
bogorodica-evzoni,2026-07-13T16:28,240,4 h,anonymous,2026-07-13T14:40:22+00:00
bogorodica-evzoni,2026-07-13T16:26,25,25 min,anonymous,2026-07-13T14:40:22+00:00
bogorodica-evzoni,2026-07-13T16:51,240,4 h,anonymous,2026-07-13T14:55:29+00:00
bogorodica-evzoni,2026-07-13T16:43,5,5 min,anonymous,2026-07-13T14:55:29+00:00
bogorodica-evzoni,2026-07-13T17:20,240,4 h,anonymous,2026-07-13T15:25:44+00:00
bogorodica-evzoni,2026-07-13T17:10,240,4 h,anonymous,2026-07-13T15:25:44+00:00
bogorodica-evzoni,2026-07-13T18:21,20,20 min,anonymous,2026-07-13T16:27:13+00:00
bogorodica-evzoni,2026-07-13T19:12,20,20 min,anonymous,2026-07-13T17:12:31+00:00
bogorodica-evzoni,2026-07-13T18:59,240,4 h,anonymous,2026-07-13T17:12:31+00:00
bogorodica-evzoni,2026-07-13T19:29,5,5 min,anonymous,2026-07-13T17:42:43+00:00
bogorodica-evzoni,2026-07-13T19:43,240,4 h,anonymous,2026-07-13T17:57:50+00:00
bogorodica-evzoni,2026-07-13T20:13,240,4 h,anonymous,2026-07-13T18:14:33+00:00
bogorodica-evzoni,2026-07-13T20:44,10,10 min,anonymous,2026-07-13T18:44:48+00:00
bogorodica-evzoni,2026-07-13T21:58,5,5 min,anonymous_,2026-07-13T20:09:43+00:00
bogorodica-evzoni,2026-07-13T22:59,10,10 min,anonymous_,2026-07-13T21:09:47+00:00
bogorodica-evzoni,2026-07-13T23:57,5,5 min,anonymous_,2026-07-13T22:10:08+00:00
bogorodica-evzoni,2026-07-14T00:58,15,15 min,anonymous_,2026-07-13T23:00:07+00:00
bogorodica-evzoni,2026-07-14T01:56,10,10 min,anonymous_,2026-07-14T00:01:55+00:00
bogorodica-evzoni,2026-07-14T02:59,5,5 min,anonymous_,2026-07-14T01:11:52+00:00
bogorodica-evzoni,2026-07-14T03:53,10,10 min,anonymous_,2026-07-14T02:12:17+00:00
bogorodica-evzoni,2026-07-14T04:15,30,30 min,anonymous,2026-07-14T02:27:24+00:00
bogorodica-evzoni,2026-07-14T05:25,25,25 min,anonymous_,2026-07-14T03:41:14+00:00
bogorodica-evzoni,2026-07-14T05:43,60,60 min,anonymous,2026-07-14T03:56:20+00:00
bogorodica-evzoni,2026-07-14T06:48,60,60 min,anonymous,2026-07-14T04:56:42+00:00
bogorodica-evzoni,2026-07-14T07:26,60,60 min,anonymous,2026-07-14T05:26:54+00:00
bogorodica-evzoni,2026-07-14T08:26,55,55 min,anonymous_,2026-07-14T06:30:35+00:00
bogorodica-evzoni,2026-07-14T09:14,270,4.5 h,anonymous,2026-07-14T07:15:58+00:00
bogorodica-evzoni,2026-07-14T09:29,420,7 h,anonymous,2026-07-14T07:31:05+00:00
bogorodica-evzoni,2026-07-14T09:21,420,7 h,anonymous,2026-07-14T07:31:05+00:00
bogorodica-evzoni,2026-07-14T09:37,420,7 h,anonymous,2026-07-14T07:46:12+00:00
bogorodica-evzoni,2026-07-14T09:35,570,9.5 h,anonymous,2026-07-14T07:46:12+00:00
bogorodica-evzoni,2026-07-14T09:57,420,7 h,anonymous,2026-07-14T08:01:19+00:00
bogorodica-evzoni,2026-07-14T10:13,480,8 h,anonymous,2026-07-14T08:16:25+00:00
bogorodica-evzoni,2026-07-14T10:28,480,8 h,anonymous,2026-07-14T08:40:16+00:00
bogorodica-evzoni,2026-07-14T11:04,420,7 h,anonymous,2026-07-14T09:10:27+00:00
bogorodica-evzoni,2026-07-14T10:56,480,8 h,anonymous,2026-07-14T09:10:27+00:00
bogorodica-evzoni,2026-07-14T11:24,480,8 h,anonymous,2026-07-14T09:25:33+00:00
bogorodica-evzoni,2026-07-14T11:29,720,12 h,anonymous,2026-07-14T09:40:39+00:00
bogorodica-evzoni,2026-07-14T11:53,300,5 h,anonymous,2026-07-14T09:55:45+00:00
bogorodica-evzoni,2026-07-14T11:49,480,8 h,anonymous,2026-07-14T09:55:45+00:00
bogorodica-evzoni,2026-07-14T12:06,480,8 h,anonymous,2026-07-14T10:10:50+00:00
bogorodica-evzoni,2026-07-14T12:24,480,8 h,anonymous,2026-07-14T10:36:27+00:00
bogorodica-evzoni,2026-07-14T12:46,240,4 h,anonymous,2026-07-14T10:51:34+00:00
bogorodica-evzoni,2026-07-14T12:40,480,8 h,anonymous,2026-07-14T10:51:34+00:00
bogorodica-evzoni,2026-07-14T12:54,480,8 h,anonymous,2026-07-14T11:06:41+00:00
bogorodica-evzoni,2026-07-14T12:51,390,6.5 h,anonymous,2026-07-14T11:06:41+00:00
bogorodica-evzoni,2026-07-14T13:11,480,8 h,anonymous,2026-07-14T11:21:47+00:00
bogorodica-evzoni,2026-07-14T13:34,630,10.5 h,anonymous,2026-07-14T11:36:54+00:00
bogorodica-evzoni,2026-07-14T13:28,480,8 h,anonymous,2026-07-14T11:36:54+00:00
bogorodica-evzoni,2026-07-14T13:50,750,12.5 h,anonymous,2026-07-14T11:51:07+00:00
bogorodica-evzoni,2026-07-14T14:53,720,12 h,anonymous_,2026-07-14T13:05:01+00:00
bogorodica-evzoni,2026-07-14T16:01,780,13 h,anonymous,2026-07-14T14:05:31+00:00
bogorodica-evzoni,2026-07-14T15:52,540,9 h,anonymous,2026-07-14T14:05:31+00:00
bogorodica-evzoni,2026-07-14T17:25,750,12.5 h,anonymous_,2026-07-14T15:31:19+00:00
bogorodica-evzoni,2026-07-14T17:57,780,13 h,anonymous,2026-07-14T16:01:29+00:00
bogorodica-evzoni,2026-07-14T18:03,780,13 h,anonymous,2026-07-14T16:16:35+00:00
bogorodica-evzoni,2026-07-14T19:24,750,12.5 h,anonymous_,2026-07-14T17:39:40+00:00
bogorodica-evzoni,2026-07-14T20:13,510,8.5 h,anonymous,2026-07-14T18:14:16+00:00
bogorodica-evzoni,2026-07-14T20:02,750,12.5 h,anonymous,2026-07-14T18:14:16+00:00
bogorodica-evzoni,2026-07-14T20:48,330,5.5 h,anonymous,2026-07-14T18:53:27+00:00
bogorodica-evzoni,2026-07-14T20:46,570,9.5 h,anonymous,2026-07-14T18:53:27+00:00
bogorodica-evzoni,2026-07-14T20:59,240,4 h,anonymous,2026-07-14T19:08:34+00:00
bogorodica-evzoni,2026-07-14T21:16,120,2 h,anonymous,2026-07-14T19:23:41+00:00
bogorodica-evzoni,2026-07-14T21:25,360,6 h,anonymous,2026-07-14T19:38:48+00:00
bogorodica-evzoni,2026-07-14T21:48,120,2 h,anonymous,2026-07-14T19:53:55+00:00
bogorodica-evzoni,2026-07-14T22:07,45,45 min,anonymous,2026-07-14T20:09:02+00:00
bogorodica-evzoni,2026-07-14T22:01,60,60 min,anonymous,2026-07-14T20:09:02+00:00
bogorodica-evzoni,2026-07-14T22:33,240,4 h,anonymous,2026-07-14T20:35:19+00:00
bogorodica-evzoni,2026-07-14T23:09,45,45 min,anonymous,2026-07-14T21:20:37+00:00
bogorodica-evzoni,2026-07-15T00:25,40,40 min,anonymous_,2026-07-14T22:35:21+00:00
bogorodica-evzoni,2026-07-15T01:23,35,35 min,anonymous_,2026-07-14T23:30:24+00:00
bogorodica-evzoni,2026-07-15T02:26,30,30 min,anonymous_,2026-07-15T00:30:58+00:00
bogorodica-evzoni,2026-07-15T03:29,25,25 min,anonymous_,2026-07-15T01:41:08+00:00
bogorodica-evzoni,2026-07-15T04:25,20,20 min,anonymous_,2026-07-15T02:41:29+00:00
bogorodica-evzoni,2026-07-15T05:27,15,15 min,anonymous_,2026-07-15T03:41:48+00:00
bogorodica-evzoni,2026-07-15T05:57,30,30 min,anonymous,2026-07-15T04:11:59+00:00
bogorodica-evzoni,2026-07-15T06:26,40,40 min,anonymous,2026-07-15T04:29:33+00:00
bogorodica-evzoni,2026-07-15T07:02,20,20 min,anonymous,2026-07-15T05:14:50+00:00
bogorodica-evzoni,2026-07-15T07:58,240,4 h,anonymous,2026-07-15T06:00:07+00:00
bogorodica-evzoni,2026-07-15T08:13,420,7 h,anonymous,2026-07-15T06:15:24+00:00
bogorodica-evzoni,2026-07-15T08:25,480,8 h,anonymous,2026-07-15T06:30:31+00:00
bogorodica-evzoni,2026-07-15T08:38,300,5 h,anonymous,2026-07-15T06:47:58+00:00
bogorodica-evzoni,2026-07-15T08:35,60,60 min,anonymous,2026-07-15T06:47:58+00:00
bogorodica-evzoni,2026-07-15T08:33,300,5 h,anonymous,2026-07-15T06:47:58+00:00
bogorodica-evzoni,2026-07-15T08:57,300,5 h,anonymous,2026-07-15T07:03:04+00:00
bogorodica-evzoni,2026-07-15T09:29,300,5 h,anonymous,2026-07-15T07:33:17+00:00
bogorodica-evzoni,2026-07-15T09:24,60,60 min,anonymous,2026-07-15T07:33:17+00:00
bogorodica-evzoni,2026-07-15T09:43,300,5 h,anonymous,2026-07-15T07:48:23+00:00
bogorodica-evzoni,2026-07-15T10:00,300,5 h,anonymous,2026-07-15T08:03:29+00:00
bogorodica-evzoni,2026-07-15T10:14,180,3 h,anonymous,2026-07-15T08:18:35+00:00
bogorodica-evzoni,2026-07-15T10:35,300,5 h,anonymous,2026-07-15T08:48:46+00:00
bogorodica-evzoni,2026-07-15T10:54,300,5 h,anonymous,2026-07-15T08:57:37+00:00
bogorodica-evzoni,2026-07-15T11:17,300,5 h,anonymous,2026-07-15T09:27:49+00:00
bogorodica-evzoni,2026-07-15T11:35,300,5 h,anonymous,2026-07-15T09:42:55+00:00
bogorodica-evzoni,2026-07-15T11:50,5,5 min,anonymous,2026-07-15T09:58:01+00:00
bogorodica-evzoni,2026-07-15T11:46,60,60 min,anonymous,2026-07-15T09:58:01+00:00
bogorodica-evzoni,2026-07-15T12:12,40,40 min,anonymous,2026-07-15T10:13:07+00:00
bogorodica-evzoni,2026-07-15T12:04,5,5 min,anonymous,2026-07-15T10:13:07+00:00
bogorodica-evzoni,2026-07-15T12:20,5,5 min,anonymous,2026-07-15T10:28:13+00:00
bogorodica-evzoni,2026-07-15T12:18,40,40 min,anonymous,2026-07-15T10:28:13+00:00
bogorodica-evzoni,2026-07-15T12:46,5,5 min,anonymous,2026-07-15T10:58:24+00:00
bogorodica-evzoni,2026-07-15T13:41,5,5 min,anonymous,2026-07-15T11:45:50+00:00
bogorodica-evzoni,2026-07-15T13:55,5,5 min,anonymous,2026-07-15T12:01:01+00:00
bogorodica-evzoni,2026-07-15T14:47,5,5 min,anonymous,2026-07-15T12:53:22+00:00
bogorodica-evzoni,2026-07-15T15:19,10,10 min,anonymous,2026-07-15T13:23:34+00:00
bogorodica-evzoni,2026-07-15T15:37,15,15 min,anonymous,2026-07-15T13:38:41+00:00
bogorodica-evzoni,2026-07-15T16:37,5,5 min,anonymous,2026-07-15T14:39:02+00:00
bogorodica-evzoni,2026-07-15T16:56,210,3.5 h,anonymous,2026-07-15T15:09:17+00:00
bogorodica-evzoni,2026-07-15T17:55,180,3 h,anonymous_,2026-07-15T16:06:27+00:00
bogorodica-evzoni,2026-07-15T18:53,150,2.5 h,anonymous_,2026-07-15T17:06:51+00:00
bogorodica-evzoni,2026-07-15T19:57,120,2 h,anonymous_,2026-07-15T18:06:48+00:00
bogorodica-evzoni,2026-07-15T20:14,5,5 min,anonymous,2026-07-15T18:21:55+00:00
bogorodica-evzoni,2026-07-15T20:24,5,5 min,anonymous,2026-07-15T18:37:02+00:00
bogorodica-evzoni,2026-07-15T21:43,15,15 min,anonymous,2026-07-15T19:44:34+00:00
bogorodica-evzoni,2026-07-15T21:24,15,15 min,anonymous_,2026-07-15T19:44:34+00:00
bogorodica-evzoni,2026-07-15T23:09,10,10 min,anonymous,2026-07-15T21:12:06+00:00
bogorodica-evzoni,2026-07-15T22:57,10,10 min,anonymous_,2026-07-15T21:12:06+00:00
bogorodica-evzoni,2026-07-16T00:26,5,5 min,anonymous_,2026-07-15T22:40:53+00:00
bogorodica-evzoni,2026-07-16T01:26,10,10 min,anonymous_,2026-07-15T23:35:28+00:00
bogorodica-evzoni,2026-07-16T02:26,5,5 min,anonymous_,2026-07-16T00:36:12+00:00
bogorodica-evzoni,2026-07-16T03:29,10,10 min,anonymous_,2026-07-16T01:35:30+00:00
bogorodica-evzoni,2026-07-16T04:08,10,10 min,anonymous,2026-07-16T02:20:50+00:00
bogorodica-evzoni,2026-07-16T05:23,5,5 min,anonymous_,2026-07-16T03:36:20+00:00
bogorodica-evzoni,2026-07-16T06:25,10,10 min,anonymous_,2026-07-16T04:37:38+00:00
bogorodica-evzoni,2026-07-16T07:28,5,5 min,anonymous_,2026-07-16T05:38:03+00:00
bogorodica-evzoni,2026-07-16T08:16,10,10 min,anonymous,2026-07-16T06:23:30+00:00
bogorodica-evzoni,2026-07-16T09:18,10,10 min,anonymous,2026-07-16T07:21:14+00:00
bogorodica-evzoni,2026-07-16T10:21,240,4 h,anonymous,2026-07-16T08:21:37+00:00
bogorodica-evzoni,2026-07-16T10:38,480,8 h,anonymous,2026-07-16T08:51:58+00:00
bogorodica-evzoni,2026-07-16T10:53,480,8 h,anonymous,2026-07-16T09:07:05+00:00
bogorodica-evzoni,2026-07-16T11:07,300,5 h,anonymous,2026-07-16T09:22:11+00:00
bogorodica-evzoni,2026-07-16T11:30,360,6 h,anonymous,2026-07-16T09:40:55+00:00
bogorodica-evzoni,2026-07-16T11:46,360,6 h,anonymous,2026-07-16T09:56:02+00:00
bogorodica-evzoni,2026-07-16T12:19,240,4 h,anonymous,2026-07-16T10:26:22+00:00
bogorodica-evzoni,2026-07-16T12:17,120,2 h,anonymous,2026-07-16T10:26:22+00:00
bogorodica-evzoni,2026-07-16T12:34,360,6 h,anonymous,2026-07-16T10:41:29+00:00
bogorodica-evzoni,2026-07-16T13:08,360,6 h,anonymous,2026-07-16T11:11:41+00:00
bogorodica-evzoni,2026-07-16T12:58,360,6 h,anonymous,2026-07-16T11:11:41+00:00
bogorodica-evzoni,2026-07-16T13:34,180,3 h,anonymous,2026-07-16T11:35:20+00:00
bogorodica-evzoni,2026-07-16T13:36,360,6 h,anonymous,2026-07-16T11:50:26+00:00
bogorodica-evzoni,2026-07-16T14:03,120,2 h,anonymous,2026-07-16T12:05:33+00:00
bogorodica-evzoni,2026-07-16T14:15,30,30 min,anonymous,2026-07-16T12:20:40+00:00
bogorodica-evzoni,2026-07-16T14:49,30,30 min,anonymous,2026-07-16T12:50:53+00:00
bogorodica-evzoni,2026-07-16T15:16,240,4 h,anonymous,2026-07-16T13:27:15+00:00
bogorodica-evzoni,2026-07-16T15:16,30,30 min,anonymous,2026-07-16T13:27:15+00:00
bogorodica-evzoni,2026-07-16T15:27,60,60 min,anonymous,2026-07-16T13:42:21+00:00
bogorodica-evzoni,2026-07-16T15:52,15,15 min,anonymous,2026-07-16T13:57:27+00:00
bogorodica-evzoni,2026-07-16T15:50,25,25 min,anonymous,2026-07-16T13:57:27+00:00
bogorodica-evzoni,2026-07-16T15:48,240,4 h,anonymous,2026-07-16T13:57:27+00:00
bogorodica-evzoni,2026-07-16T15:48,5,5 min,anonymous,2026-07-16T13:57:27+00:00
bogorodica-evzoni,2026-07-16T15:59,25,25 min,anonymous,2026-07-16T14:12:34+00:00
bogorodica-evzoni,2026-07-16T17:05,15,15 min,anonymous,2026-07-16T15:10:45+00:00
bogorodica-evzoni,2026-07-16T16:58,20,20 min,anonymous_,2026-07-16T15:10:45+00:00
bogorodica-evzoni,2026-07-16T17:15,40,40 min,anonymous,2026-07-16T15:25:52+00:00
bogorodica-evzoni,2026-07-16T17:36,45,45 min,anonymous,2026-07-16T15:40:59+00:00
bogorodica-evzoni,2026-07-16T18:07,240,4 h,anonymous,2026-07-16T16:11:14+00:00
bogorodica-evzoni,2026-07-16T18:19,240,4 h,anonymous,2026-07-16T16:26:21+00:00
bogorodica-evzoni,2026-07-16T18:39,10,10 min,anonymous,2026-07-16T16:41:28+00:00
bogorodica-evzoni,2026-07-16T18:35,240,4 h,anonymous,2026-07-16T16:41:28+00:00
bogorodica-evzoni,2026-07-16T18:31,10,10 min,anonymous,2026-07-16T16:41:28+00:00
bogorodica-evzoni,2026-07-16T18:45,240,4 h,anonymous,2026-07-16T16:45:51+00:00
bogorodica-evzoni,2026-07-16T19:10,240,4 h,anonymous,2026-07-16T17:16:14+00:00
bogorodica-evzoni,2026-07-16T19:21,240,4 h,anonymous,2026-07-16T17:31:21+00:00
bogorodica-evzoni,2026-07-16T20:07,60,60 min,anonymous,2026-07-16T18:11:54+00:00
bogorodica-evzoni,2026-07-16T20:05,5,5 min,anonymous,2026-07-16T18:11:54+00:00
bogorodica-evzoni,2026-07-16T20:19,240,4 h,anonymous,2026-07-16T18:27:01+00:00
bogorodica-evzoni,2026-07-16T21:29,210,3.5 h,anonymous_,2026-07-16T19:31:35+00:00
bogorodica-evzoni,2026-07-16T21:40,240,4 h,anonymous,2026-07-16T19:46:41+00:00
bogorodica-evzoni,2026-07-16T22:06,240,4 h,anonymous,2026-07-16T20:16:53+00:00
bogorodica-evzoni,2026-07-16T22:33,240,4 h,anonymous,2026-07-16T20:45:49+00:00
bogorodica-evzoni,2026-07-16T23:02,240,4 h,anonymous,2026-07-16T21:16:01+00:00
bogorodica-evzoni,2026-07-16T23:35,240,4 h,anonymous,2026-07-16T21:40:43+00:00
bogorodica-evzoni,2026-07-16T23:33,5,5 min,anonymous,2026-07-16T21:40:43+00:00
bogorodica-evzoni,2026-07-17T00:13,15,15 min,anonymous,2026-07-16T22:26:00+00:00
bogorodica-evzoni,2026-07-17T01:23,10,10 min,anonymous_,2026-07-16T23:42:54+00:00
bogorodica-evzoni,2026-07-17T02:24,5,5 min,anonymous_,2026-07-17T00:43:36+00:00
bogorodica-evzoni,2026-07-17T03:30,5,5 min,anonymous,2026-07-17T01:30:59+00:00
bogorodica-evzoni,2026-07-17T03:20,120,2 h,anonymous,2026-07-17T01:30:59+00:00
bogorodica-evzoni,2026-07-17T04:10,15,15 min,anonymous,2026-07-17T02:16:15+00:00
bogorodica-evzoni,2026-07-17T04:39,5,5 min,anonymous,2026-07-17T02:46:26+00:00
bogorodica-evzoni,2026-07-17T05:58,15,15 min,anonymous_,2026-07-17T04:01:52+00:00
bogorodica-evzoni,2026-07-17T06:24,90,1.5 h,anonymous,2026-07-17T04:30:22+00:00
bogorodica-evzoni,2026-07-17T07:27,60,60 min,anonymous_,2026-07-17T05:30:48+00:00
bogorodica-evzoni,2026-07-17T07:51,45,45 min,anonymous,2026-07-17T06:01:01+00:00
bogorodica-evzoni,2026-07-17T08:23,15,15 min,anonymous,2026-07-17T06:31:15+00:00
bogorodica-evzoni,2026-07-17T09:01,20,20 min,anonymous,2026-07-17T07:00:52+00:00
bogorodica-evzoni,2026-07-17T09:00,240,4 h,anonymous,2026-07-17T07:00:52+00:00
bogorodica-evzoni,2026-07-17T08:48,240,4 h,anonymous,2026-07-17T07:00:52+00:00
bogorodica-evzoni,2026-07-17T09:15,240,4 h,anonymous,2026-07-17T07:16:32+00:00
bogorodica-evzoni,2026-07-17T09:42,240,4 h,anonymous,2026-07-17T07:46:45+00:00
bogorodica-evzoni,2026-07-17T09:38,20,20 min,anonymous,2026-07-17T07:46:45+00:00
bogorodica-evzoni,2026-07-17T09:36,240,4 h,anonymous,2026-07-17T07:46:45+00:00
bogorodica-evzoni,2026-07-17T09:36,30,30 min,anonymous,2026-07-17T07:46:45+00:00
bogorodica-evzoni,2026-07-17T10:11,240,4 h,anonymous,2026-07-17T08:16:59+00:00
bogorodica-evzoni,2026-07-17T10:23,240,4 h,anonymous,2026-07-17T08:32:06+00:00
bogorodica-evzoni,2026-07-17T10:19,20,20 min,anonymous,2026-07-17T08:32:06+00:00
bogorodica-evzoni,2026-07-17T10:34,5,5 min,anonymous,2026-07-17T08:47:13+00:00
bogorodica-evzoni,2026-07-17T11:01,240,4 h,anonymous,2026-07-17T09:02:20+00:00
bogorodica-evzoni,2026-07-17T10:58,35,35 min,anonymous,2026-07-17T09:02:20+00:00
bogorodica-evzoni,2026-07-17T10:48,240,4 h,anonymous,2026-07-17T09:02:20+00:00
bogorodica-evzoni,2026-07-17T11:07,240,4 h,anonymous,2026-07-17T09:17:28+00:00
bogorodica-evzoni,2026-07-17T11:18,30,30 min,anonymous,2026-07-17T09:18:43+00:00
bogorodica-evzoni,2026-07-17T11:24,240,4 h,anonymous,2026-07-17T09:33:50+00:00
bogorodica-evzoni,2026-07-17T11:38,240,4 h,anonymous,2026-07-17T09:48:59+00:00
bogorodica-evzoni,2026-07-17T11:56,240,4 h,anonymous,2026-07-17T10:04:06+00:00
bogorodica-evzoni,2026-07-17T12:17,5,5 min,anonymous,2026-07-17T10:19:13+00:00
bogorodica-evzoni,2026-07-17T12:30,240,4 h,anonymous,2026-07-17T10:34:20+00:00
bogorodica-evzoni,2026-07-17T12:57,20,20 min,anonymous,2026-07-17T10:59:33+00:00
bogorodica-evzoni,2026-07-17T12:56,240,4 h,anonymous,2026-07-17T10:59:33+00:00
bogorodica-evzoni,2026-07-17T13:15,240,4 h,anonymous,2026-07-17T11:29:44+00:00
bogorodica-evzoni,2026-07-17T14:09,240,4 h,anonymous,2026-07-17T12:15:02+00:00
bogorodica-evzoni,2026-07-17T14:17,240,4 h,anonymous,2026-07-17T12:18:57+00:00
bogorodica-evzoni,2026-07-17T14:33,240,4 h,anonymous,2026-07-17T12:34:04+00:00
bogorodica-evzoni,2026-07-17T14:53,55,55 min,anonymous,2026-07-17T13:04:18+00:00
bogorodica-evzoni,2026-07-17T15:08,240,4 h,anonymous,2026-07-17T13:19:26+00:00
bogorodica-evzoni,2026-07-17T15:27,5,5 min,anonymous,2026-07-17T13:34:33+00:00
bogorodica-evzoni,2026-07-17T15:21,5,5 min,anonymous,2026-07-17T13:34:33+00:00
bogorodica-evzoni,2026-07-17T15:20,240,4 h,anonymous,2026-07-17T13:34:33+00:00
bogorodica-evzoni,2026-07-17T15:34,240,4 h,anonymous,2026-07-17T13:49:40+00:00
bogorodica-evzoni,2026-07-17T15:54,240,4 h,anonymous,2026-07-17T14:04:47+00:00
bogorodica-evzoni,2026-07-17T16:47,120,2 h,anonymous,2026-07-17T14:53:48+00:00
bogorodica-evzoni,2026-07-17T16:59,10,10 min,anonymous,2026-07-17T15:08:54+00:00
bogorodica-evzoni,2026-07-17T17:43,20,20 min,anonymous,2026-07-17T15:48:47+00:00
bogorodica-evzoni,2026-07-17T18:25,15,15 min,anonymous,2026-07-17T16:34:03+00:00
bogorodica-evzoni,2026-07-17T18:38,5,5 min,anonymous,2026-07-17T16:49:09+00:00
bogorodica-evzoni,2026-07-17T18:56,10,10 min,anonymous,2026-07-17T17:09:46+00:00
bogorodica-evzoni,2026-07-17T19:58,240,4 h,anonymous,2026-07-17T18:10:09+00:00
bogorodica-evzoni,2026-07-17T20:56,240,4 h,anonymous,2026-07-17T18:59:49+00:00
bogorodica-evzoni,2026-07-17T21:11,10,10 min,anonymous,2026-07-17T19:14:56+00:00
bogorodica-evzoni,2026-07-17T22:23,5,5 min,anonymous_,2026-07-17T20:31:21+00:00
bogorodica-evzoni,2026-07-17T22:50,90,1.5 h,anonymous,2026-07-17T21:01:34+00:00
bogorodica-evzoni,2026-07-17T23:56,60,60 min,anonymous_,2026-07-17T22:12:16+00:00
bogorodica-evzoni,2026-07-18T00:56,55,55 min,anonymous_,2026-07-17T23:12:55+00:00
bogorodica-evzoni,2026-07-18T01:54,50,50 min,anonymous_,2026-07-18T00:00:40+00:00
bogorodica-evzoni,2026-07-18T02:59,45,45 min,anonymous_,2026-07-18T01:01:08+00:00
bogorodica-evzoni,2026-07-18T03:54,40,40 min,anonymous_,2026-07-18T02:03:00+00:00
bogorodica-evzoni,2026-07-18T04:57,35,35 min,anonymous_,2026-07-18T03:03:27+00:00
bogorodica-evzoni,2026-07-18T05:59,30,30 min,anonymous_,2026-07-18T04:03:52+00:00
bogorodica-evzoni,2026-07-18T06:08,60,60 min,anonymous,2026-07-18T04:10:30+00:00
bogorodica-evzoni,2026-07-18T06:04,30,30 min,anonymous,2026-07-18T04:10:30+00:00
bogorodica-evzoni,2026-07-18T06:20,90,1.5 h,anonymous,2026-07-18T04:25:35+00:00
bogorodica-evzoni,2026-07-18T06:58,55,55 min,anonymous,2026-07-18T05:10:52+00:00
bogorodica-evzoni,2026-07-18T07:55,50,50 min,anonymous_,2026-07-18T06:11:14+00:00
bogorodica-evzoni,2026-07-18T08:45,60,60 min,anonymous,2026-07-18T06:54:46+00:00
bogorodica-evzoni,2026-07-18T10:06,5,5 min,anonymous,2026-07-18T08:10:22+00:00
bogorodica-evzoni,2026-07-18T09:59,55,55 min,anonymous_,2026-07-18T08:10:22+00:00
bogorodica-evzoni,2026-07-18T10:18,150,2.5 h,anonymous,2026-07-18T08:25:22+00:00
bogorodica-evzoni,2026-07-18T10:34,90,1.5 h,anonymous,2026-07-18T08:40:29+00:00
bogorodica-evzoni,2026-07-18T10:25,5,5 min,anonymous,2026-07-18T08:40:29+00:00
bogorodica-evzoni,2026-07-18T10:49,90,1.5 h,anonymous,2026-07-18T08:55:36+00:00
bogorodica-evzoni,2026-07-18T11:08,180,3 h,anonymous,2026-07-18T09:10:43+00:00
bogorodica-evzoni,2026-07-18T11:04,150,2.5 h,anonymous,2026-07-18T09:10:43+00:00
bogorodica-evzoni,2026-07-18T11:36,60,60 min,anonymous,2026-07-18T09:40:57+00:00
bogorodica-evzoni,2026-07-18T12:02,90,1.5 h,anonymous,2026-07-18T10:17:41+00:00
bogorodica-evzoni,2026-07-18T12:49,50,50 min,anonymous,2026-07-18T11:02:58+00:00
bogorodica-evzoni,2026-07-18T13:10,90,1.5 h,anonymous,2026-07-18T11:15:38+00:00
bogorodica-evzoni,2026-07-18T13:04,150,2.5 h,anonymous,2026-07-18T11:15:38+00:00
bogorodica-evzoni,2026-07-18T13:20,10,10 min,anonymous,2026-07-18T11:30:45+00:00
bogorodica-evzoni,2026-07-18T13:40,5,5 min,anonymous,2026-07-18T11:45:55+00:00
bogorodica-evzoni,2026-07-18T14:11,5,5 min,anonymous,2026-07-18T12:24:08+00:00
bogorodica-evzoni,2026-07-18T15:26,10,10 min,anonymous_,2026-07-18T13:39:37+00:00
bogorodica-evzoni,2026-07-18T16:23,5,5 min,anonymous_,2026-07-18T14:39:31+00:00
bogorodica-evzoni,2026-07-18T17:26,15,15 min,anonymous_,2026-07-18T15:38:08+00:00
bogorodica-evzoni,2026-07-18T18:27,10,10 min,anonymous_,2026-07-18T16:30:06+00:00
bogorodica-evzoni,2026-07-18T19:25,5,5 min,anonymous_,2026-07-18T17:41:23+00:00
bogorodica-evzoni,2026-07-18T20:28,15,15 min,anonymous_,2026-07-18T18:32:29+00:00
bogorodica-evzoni,2026-07-18T21:26,10,10 min,anonymous_,2026-07-18T19:32:58+00:00
bogorodica-evzoni,2026-07-18T22:29,5,5 min,anonymous_,2026-07-18T20:32:35+00:00
bogorodica-evzoni,2026-07-18T23:28,10,10 min,anonymous_,2026-07-18T21:46:37+00:00
bogorodica-evzoni,2026-07-18T23:57,5,5 min,anonymous,2026-07-18T22:01:44+00:00
bogorodica-evzoni,2026-07-19T00:55,15,15 min,anonymous_,2026-07-18T23:13:47+00:00
bogorodica-evzoni,2026-07-19T01:56,10,10 min,anonymous_,2026-07-19T00:02:41+00:00
bogorodica-evzoni,2026-07-19T02:57,5,5 min,anonymous_,2026-07-19T01:03:11+00:00
bogorodica-evzoni,2026-07-19T03:53,15,15 min,anonymous_,2026-07-19T02:07:44+00:00
bogorodica-evzoni,2026-07-19T04:33,20,20 min,anonymous,2026-07-19T02:37:58+00:00
bogorodica-evzoni,2026-07-19T05:56,15,15 min,anonymous_,2026-07-19T04:08:36+00:00
bogorodica-evzoni,2026-07-19T06:42,180,3 h,anonymous,2026-07-19T04:47:49+00:00
bogorodica-evzoni,2026-07-19T07:08,10,10 min,anonymous,2026-07-19T05:18:01+00:00
bogorodica-evzoni,2026-07-19T07:21,120,2 h,anonymous,2026-07-19T05:33:07+00:00
bogorodica-evzoni,2026-07-19T07:47,5,5 min,anonymous,2026-07-19T05:48:16+00:00
bogorodica-evzoni,2026-07-19T08:18,15,15 min,anonymous,2026-07-19T06:18:28+00:00
bogorodica-evzoni,2026-07-19T08:16,120,2 h,anonymous,2026-07-19T06:18:28+00:00
bogorodica-evzoni,2026-07-19T08:05,5,5 min,anonymous,2026-07-19T06:18:28+00:00
bogorodica-evzoni,2026-07-19T08:29,5,5 min,anonymous,2026-07-19T06:33:34+00:00
bogorodica-evzoni,2026-07-19T08:43,5,5 min,anonymous,2026-07-19T06:48:40+00:00
bogorodica-evzoni,2026-07-19T08:39,180,3 h,anonymous,2026-07-19T06:48:40+00:00
bogorodica-evzoni,2026-07-19T08:38,150,2.5 h,anonymous,2026-07-19T06:48:40+00:00
bogorodica-evzoni,2026-07-19T09:01,120,2 h,anonymous,2026-07-19T07:03:46+00:00
bogorodica-evzoni,2026-07-19T09:04,5,5 min,anonymous,2026-07-19T07:10:04+00:00
bogorodica-evzoni,2026-07-19T09:20,210,3.5 h,anonymous,2026-07-19T07:25:11+00:00
bogorodica-evzoni,2026-07-19T09:48,5,5 min,anonymous,2026-07-19T07:55:23+00:00
bogorodica-evzoni,2026-07-19T10:01,5,5 min,anonymous,2026-07-19T08:10:35+00:00
bogorodica-evzoni,2026-07-19T10:16,5,5 min,anonymous,2026-07-19T08:25:42+00:00
bogorodica-evzoni,2026-07-19T11:02,240,4 h,anonymous,2026-07-19T09:11:24+00:00
bogorodica-evzoni,2026-07-19T11:01,20,20 min,anonymous,2026-07-19T09:11:24+00:00
bogorodica-evzoni,2026-07-19T11:15,360,6 h,anonymous,2026-07-19T09:22:14+00:00
bogorodica-evzoni,2026-07-19T11:22,120,2 h,anonymous,2026-07-19T09:37:22+00:00
bogorodica-evzoni,2026-07-19T12:31,240,4 h,anonymous,2026-07-19T10:37:53+00:00
bogorodica-evzoni,2026-07-19T12:29,90,1.5 h,anonymous_,2026-07-19T10:37:53+00:00
bogorodica-evzoni,2026-07-19T12:48,30,30 min,anonymous,2026-07-19T10:50:25+00:00
bogorodica-evzoni,2026-07-19T12:46,240,4 h,anonymous,2026-07-19T10:50:25+00:00
bogorodica-evzoni,2026-07-19T13:03,5,5 min,anonymous,2026-07-19T11:05:31+00:00
bogorodica-evzoni,2026-07-19T12:53,180,3 h,anonymous,2026-07-19T11:05:31+00:00
bogorodica-evzoni,2026-07-19T13:19,5,5 min,anonymous,2026-07-19T11:20:38+00:00
bogorodica-evzoni,2026-07-19T13:12,180,3 h,anonymous,2026-07-19T11:20:38+00:00
bogorodica-evzoni,2026-07-19T13:29,5,5 min,anonymous,2026-07-19T11:35:44+00:00
bogorodica-evzoni,2026-07-19T13:27,120,2 h,anonymous,2026-07-19T11:35:44+00:00
bogorodica-evzoni,2026-07-19T13:45,120,2 h,anonymous,2026-07-19T11:47:15+00:00
bogorodica-evzoni,2026-07-19T13:52,150,2.5 h,anonymous,2026-07-19T12:02:23+00:00
bogorodica-evzoni,2026-07-19T14:38,180,3 h,anonymous,2026-07-19T12:41:23+00:00
bogorodica-evzoni,2026-07-19T14:37,150,2.5 h,anonymous,2026-07-19T12:41:23+00:00
bogorodica-evzoni,2026-07-19T14:44,180,3 h,anonymous,2026-07-19T12:56:29+00:00
bogorodica-evzoni,2026-07-19T15:09,180,3 h,anonymous,2026-07-19T13:11:35+00:00
bogorodica-evzoni,2026-07-19T15:09,150,2.5 h,anonymous,2026-07-19T13:11:35+00:00
bogorodica-evzoni,2026-07-19T15:09,120,2 h,anonymous,2026-07-19T13:11:35+00:00
bogorodica-evzoni,2026-07-19T14:57,5,5 min,anonymous,2026-07-19T13:11:35+00:00
bogorodica-evzoni,2026-07-19T16:15,90,1.5 h,anonymous,2026-07-19T14:16:15+00:00
bogorodica-evzoni,2026-07-19T17:12,5,5 min,anonymous,2026-07-19T15:16:45+00:00
bogorodica-evzoni,2026-07-19T17:40,5,5 min,anonymous,2026-07-19T15:42:29+00:00
bogorodica-evzoni,2026-07-19T18:55,120,2 h,anonymous,2026-07-19T17:01:43+00:00
bogorodica-evzoni,2026-07-19T19:59,90,1.5 h,anonymous_,2026-07-19T18:07:28+00:00
bogorodica-evzoni,2026-07-19T20:58,60,60 min,anonymous_,2026-07-19T19:06:53+00:00
bogorodica-evzoni,2026-07-19T21:55,55,55 min,anonymous_,2026-07-19T20:06:10+00:00
bogorodica-evzoni,2026-07-19T22:58,50,50 min,anonymous_,2026-07-19T21:07:12+00:00
bogorodica-evzoni,2026-07-19T23:57,45,45 min,anonymous_,2026-07-19T22:03:07+00:00
bogorodica-evzoni,2026-07-20T00:21,15,15 min,anonymous,2026-07-19T22:31:22+00:00
bogorodica-evzoni,2026-07-20T01:23,10,10 min,anonymous_,2026-07-19T23:31:48+00:00
bogorodica-evzoni,2026-07-20T02:26,5,5 min,anonymous_,2026-07-20T00:35:01+00:00
bogorodica-evzoni,2026-07-20T03:24,10,10 min,anonymous_,2026-07-20T01:40:37+00:00
bogorodica-evzoni,2026-07-20T04:26,5,5 min,anonymous_,2026-07-20T02:41:02+00:00
bogorodica-evzoni,2026-07-20T05:27,10,10 min,anonymous_,2026-07-20T03:41:27+00:00
bogorodica-evzoni,2026-07-20T06:25,90,1.5 h,anonymous,2026-07-20T04:26:48+00:00
bogorodica-evzoni,2026-07-20T07:23,360,6 h,anonymous,2026-07-20T05:26:19+00:00
bogorodica-evzoni,2026-07-20T07:15,330,5.5 h,anonymous,2026-07-20T05:26:19+00:00
bogorodica-evzoni,2026-07-20T08:17,5,5 min,anonymous,2026-07-20T06:26:47+00:00
bogorodica-evzoni,2026-07-20T08:11,5,5 min,anonymous,2026-07-20T06:26:47+00:00
bogorodica-evzoni,2026-07-20T08:11,120,2 h,anonymous,2026-07-20T06:26:47+00:00
bogorodica-evzoni,2026-07-20T08:40,90,1.5 h,anonymous,2026-07-20T06:41:53+00:00
bogorodica-evzoni,2026-07-20T08:34,5,5 min,anonymous,2026-07-20T06:41:53+00:00
bogorodica-evzoni,2026-07-20T08:56,5,5 min,anonymous,2026-07-20T06:56:59+00:00
bogorodica-evzoni,2026-07-20T09:06,5,5 min,anonymous,2026-07-20T07:12:08+00:00
bogorodica-evzoni,2026-07-20T08:57,5,5 min,anonymous,2026-07-20T07:12:08+00:00
bogorodica-evzoni,2026-07-20T09:22,90,1.5 h,anonymous,2026-07-20T07:27:14+00:00
bogorodica-evzoni,2026-07-20T09:53,5,5 min,anonymous,2026-07-20T07:57:27+00:00
bogorodica-evzoni,2026-07-20T10:24,120,2 h,anonymous,2026-07-20T08:30:56+00:00
bogorodica-evzoni,2026-07-20T10:20,210,3.5 h,anonymous,2026-07-20T08:30:56+00:00
bogorodica-evzoni,2026-07-20T10:53,210,3.5 h,anonymous,2026-07-20T09:01:07+00:00
bogorodica-evzoni,2026-07-20T10:50,150,2.5 h,anonymous,2026-07-20T09:01:07+00:00
bogorodica-evzoni,2026-07-20T10:48,120,2 h,anonymous,2026-07-20T09:01:07+00:00
bogorodica-evzoni,2026-07-20T11:12,5,5 min,anonymous,2026-07-20T09:16:13+00:00
bogorodica-evzoni,2026-07-20T11:27,210,3.5 h,anonymous,2026-07-20T09:31:20+00:00
bogorodica-evzoni,2026-07-20T11:40,5,5 min,anonymous,2026-07-20T09:46:25+00:00
bogorodica-evzoni,2026-07-20T11:54,180,3 h,anonymous,2026-07-20T10:01:32+00:00
bogorodica-evzoni,2026-07-20T12:16,5,5 min,anonymous,2026-07-20T10:16:37+00:00
bogorodica-evzoni,2026-07-20T12:07,5,5 min,anonymous,2026-07-20T10:16:37+00:00
bogorodica-evzoni,2026-07-20T12:26,240,4 h,anonymous,2026-07-20T10:31:43+00:00
bogorodica-evzoni,2026-07-20T13:01,5,5 min,anonymous,2026-07-20T11:01:54+00:00
bogorodica-evzoni,2026-07-20T13:13,5,5 min,anonymous,2026-07-20T11:17:19+00:00
bogorodica-evzoni,2026-07-20T13:35,5,5 min,anonymous,2026-07-20T11:47:33+00:00
bogorodica-evzoni,2026-07-20T14:13,120,2 h,anonymous,2026-07-20T12:17:46+00:00
bogorodica-evzoni,2026-07-20T14:23,60,60 min,anonymous,2026-07-20T12:32:53+00:00
bogorodica-evzoni,2026-07-20T14:21,5,5 min,anonymous,2026-07-20T12:32:53+00:00
bogorodica-evzoni,2026-07-20T14:19,180,3 h,anonymous,2026-07-20T12:32:53+00:00
bogorodica-evzoni,2026-07-20T14:44,5,5 min,anonymous,2026-07-20T12:47:59+00:00
bogorodica-evzoni,2026-07-20T14:38,240,4 h,anonymous,2026-07-20T12:47:59+00:00
bogorodica-evzoni,2026-07-20T14:36,120,2 h,anonymous,2026-07-20T12:47:59+00:00
bogorodica-evzoni,2026-07-20T14:33,300,5 h,anonymous,2026-07-20T12:47:59+00:00
bogorodica-evzoni,2026-07-20T15:17,5,5 min,anonymous,2026-07-20T13:18:13+00:00
bogorodica-evzoni,2026-07-20T15:12,240,4 h,anonymous,2026-07-20T13:18:13+00:00
bogorodica-evzoni,2026-07-20T15:45,60,60 min,anonymous,2026-07-20T13:50:58+00:00
bogorodica-evzoni,2026-07-20T15:51,5,5 min,anonymous,2026-07-20T14:06:04+00:00
bogorodica-evzoni,2026-07-20T16:17,5,5 min,anonymous,2026-07-20T14:21:11+00:00
bogorodica-evzoni,2026-07-20T16:06,180,3 h,anonymous,2026-07-20T14:21:11+00:00
bogorodica-evzoni,2026-07-20T16:26,240,4 h,anonymous,2026-07-20T14:36:17+00:00
bogorodica-evzoni,2026-07-20T16:21,150,2.5 h,anonymous,2026-07-20T14:36:17+00:00
bogorodica-evzoni,2026-07-20T16:44,5,5 min,anonymous,2026-07-20T14:51:23+00:00
bogorodica-evzoni,2026-07-20T16:41,150,2.5 h,anonymous,2026-07-20T14:51:23+00:00
bogorodica-evzoni,2026-07-20T16:37,300,5 h,anonymous,2026-07-20T14:51:23+00:00
bogorodica-evzoni,2026-07-20T17:58,10,10 min,anonymous_,2026-07-20T16:10:14+00:00
bogorodica-evzoni,2026-07-20T18:40,20,20 min,anonymous,2026-07-20T16:40:28+00:00
bogorodica-evzoni,2026-07-20T19:57,15,15 min,anonymous_,2026-07-20T18:05:30+00:00
bogorodica-evzoni,2026-07-20T20:08,15,15 min,anonymous,2026-07-20T18:20:38+00:00
bogorodica-evzoni,2026-07-20T21:23,10,10 min,anonymous_,2026-07-20T19:35:44+00:00
bogorodica-evzoni,2026-07-20T22:18,35,35 min,anonymous,2026-07-20T20:21:02+00:00
bogorodica-evzoni,2026-07-20T23:27,30,30 min,anonymous_,2026-07-20T21:39:24+00:00
bogorodica-evzoni,2026-07-21T00:27,25,25 min,anonymous_,2026-07-20T22:38:44+00:00
bogorodica-evzoni,2026-07-21T01:28,20,20 min,anonymous_,2026-07-20T23:40:59+00:00
bogorodica-evzoni,2026-07-21T02:23,15,15 min,anonymous_,2026-07-21T00:30:22+00:00
bogorodica-evzoni,2026-07-21T03:23,10,10 min,anonymous_,2026-07-21T01:30:47+00:00
bogorodica-evzoni,2026-07-21T04:23,5,5 min,anonymous_,2026-07-21T02:31:12+00:00
bogorodica-evzoni,2026-07-21T05:29,10,10 min,anonymous_,2026-07-21T03:31:36+00:00
bogorodica-evzoni,2026-07-21T06:23,5,5 min,anonymous_,2026-07-21T04:37:13+00:00
bogorodica-evzoni,2026-07-21T06:38,30,30 min,anonymous,2026-07-21T04:52:18+00:00
bogorodica-evzoni,2026-07-21T07:12,120,2 h,anonymous,2026-07-21T05:22:29+00:00
bogorodica-evzoni,2026-07-21T08:25,90,1.5 h,anonymous_,2026-07-21T06:37:35+00:00
bogorodica-evzoni,2026-07-21T09:23,120,2 h,anonymous,2026-07-21T07:38:00+00:00
bogorodica-evzoni,2026-07-21T10:07,60,60 min,anonymous,2026-07-21T08:08:13+00:00
bogorodica-evzoni,2026-07-21T11:04,50,50 min,anonymous,2026-07-21T09:09:10+00:00
bogorodica-evzoni,2026-07-21T12:27,45,45 min,anonymous_,2026-07-21T10:44:08+00:00
bogorodica-evzoni,2026-07-21T13:27,40,40 min,anonymous_,2026-07-21T11:36:13+00:00
bogorodica-evzoni,2026-07-21T14:26,35,35 min,anonymous_,2026-07-21T12:36:40+00:00
bogorodica-evzoni,2026-07-21T14:38,5,5 min,anonymous,2026-07-21T12:50:19+00:00
bogorodica-evzoni,2026-07-21T15:58,10,10 min,anonymous,2026-07-21T14:05:58+00:00
bogorodica-evzoni,2026-07-21T16:41,15,15 min,anonymous,2026-07-21T14:51:20+00:00
bogorodica-evzoni,2026-07-21T17:58,10,10 min,anonymous_,2026-07-21T16:07:41+00:00
bogorodica-evzoni,2026-07-21T18:55,5,5 min,anonymous_,2026-07-21T17:02:47+00:00
bogorodica-evzoni,2026-07-21T19:53,15,15 min,anonymous_,2026-07-21T18:03:56+00:00
bogorodica-evzoni,2026-07-21T20:53,10,10 min,anonymous_,2026-07-21T19:13:22+00:00
bogorodica-evzoni,2026-07-21T21:55,5,5 min,anonymous_,2026-07-21T20:13:46+00:00
bogorodica-evzoni,2026-07-21T22:57,10,10 min,anonymous_,2026-07-21T21:08:41+00:00
bogorodica-evzoni,2026-07-21T23:59,5,5 min,anonymous_,2026-07-21T22:13:10+00:00
bogorodica-evzoni,2026-07-22T00:57,10,10 min,anonymous_,2026-07-21T23:10:36+00:00
bogorodica-evzoni,2026-07-22T01:53,5,5 min,anonymous_,2026-07-22T00:13:47+00:00
bogorodica-evzoni,2026-07-22T02:53,10,10 min,anonymous_,2026-07-22T01:11:29+00:00
bogorodica-evzoni,2026-07-22T03:55,5,5 min,anonymous_,2026-07-22T02:11:49+00:00
bogorodica-evzoni,2026-07-22T04:53,15,15 min,anonymous_,2026-07-22T03:12:11+00:00
bogorodica-evzoni,2026-07-22T06:12,50,50 min,anonymous,2026-07-22T04:12:31+00:00
bogorodica-evzoni,2026-07-22T05:54,10,10 min,anonymous_,2026-07-22T04:12:31+00:00
bogorodica-evzoni,2026-07-22T07:04,10,10 min,anonymous,2026-07-22T05:09:17+00:00
bogorodica-evzoni,2026-07-22T08:34,5,5 min,anonymous,2026-07-22T06:39:50+00:00
bogorodica-evzoni,2026-07-22T08:25,5,5 min,anonymous_,2026-07-22T06:39:50+00:00
bogorodica-evzoni,2026-07-22T09:05,5,5 min,anonymous,2026-07-22T07:10:00+00:00
bogorodica-evzoni,2026-07-22T09:53,90,1.5 h,anonymous,2026-07-22T07:56:52+00:00
bogorodica-evzoni,2026-07-22T10:54,60,60 min,anonymous_,2026-07-22T09:12:23+00:00
bogorodica-evzoni,2026-07-22T11:54,55,55 min,anonymous_,2026-07-22T10:04:00+00:00
bogorodica-evzoni,2026-07-22T12:10,240,4 h,anonymous,2026-07-22T10:19:08+00:00
bogorodica-evzoni,2026-07-22T12:23,240,4 h,anonymous,2026-07-22T10:34:14+00:00
bogorodica-evzoni,2026-07-22T12:22,20,20 min,anonymous,2026-07-22T10:34:14+00:00
bogorodica-evzoni,2026-07-22T13:00,240,4 h,anonymous,2026-07-22T11:04:29+00:00
bogorodica-evzoni,2026-07-22T13:05,10,10 min,anonymous,2026-07-22T11:19:36+00:00
bogorodica-evzoni,2026-07-22T13:25,120,2 h,anonymous,2026-07-22T11:34:42+00:00
bogorodica-evzoni,2026-07-22T13:20,240,4 h,anonymous,2026-07-22T11:34:42+00:00
bogorodica-evzoni,2026-07-22T13:47,150,2.5 h,anonymous,2026-07-22T11:49:50+00:00
bogorodica-evzoni,2026-07-22T13:40,270,4.5 h,anonymous,2026-07-22T11:49:50+00:00
bogorodica-evzoni,2026-07-22T13:56,300,5 h,anonymous,2026-07-22T12:00:42+00:00
bogorodica-evzoni,2026-07-22T14:03,300,5 h,anonymous,2026-07-22T12:15:50+00:00
bogorodica-evzoni,2026-07-22T14:38,540,9 h,anonymous,2026-07-22T12:46:04+00:00
bogorodica-evzoni,2026-07-22T14:35,300,5 h,anonymous,2026-07-22T12:46:04+00:00
bogorodica-evzoni,2026-07-22T14:59,300,5 h,anonymous,2026-07-22T13:01:11+00:00
bogorodica-evzoni,2026-07-22T15:15,300,5 h,anonymous,2026-07-22T13:16:18+00:00
bogorodica-evzoni,2026-07-22T15:32,420,7 h,anonymous,2026-07-22T13:46:31+00:00
bogorodica-evzoni,2026-07-22T16:55,390,6.5 h,anonymous_,2026-07-22T15:03:48+00:00
bogorodica-evzoni,2026-07-22T17:54,360,6 h,anonymous_,2026-07-22T16:10:06+00:00
bogorodica-evzoni,2026-07-22T18:22,15,15 min,anonymous,2026-07-22T16:25:13+00:00
bogorodica-evzoni,2026-07-22T18:21,120,2 h,anonymous,2026-07-22T16:25:13+00:00
bogorodica-evzoni,2026-07-22T19:24,10,10 min,anonymous_,2026-07-22T17:36:52+00:00
bogorodica-evzoni,2026-07-22T20:29,5,5 min,anonymous_,2026-07-22T18:37:22+00:00
bogorodica-evzoni,2026-07-22T21:27,10,10 min,anonymous_,2026-07-22T19:31:44+00:00
bogorodica-evzoni,2026-07-22T22:29,5,5 min,anonymous_,2026-07-22T20:32:52+00:00
bogorodica-evzoni,2026-07-22T23:27,15,15 min,anonymous_,2026-07-22T21:33:38+00:00
bogorodica-evzoni,2026-07-23T00:26,10,10 min,anonymous_,2026-07-22T22:44:26+00:00
bogorodica-evzoni,2026-07-23T01:24,5,5 min,anonymous_,2026-07-22T23:34:54+00:00
bogorodica-evzoni,2026-07-23T02:27,15,15 min,anonymous_,2026-07-23T00:35:15+00:00
bogorodica-evzoni,2026-07-23T03:25,10,10 min,anonymous_,2026-07-23T01:38:37+00:00
bogorodica-evzoni,2026-07-23T04:24,5,5 min,anonymous_,2026-07-23T02:38:58+00:00
bogorodica-evzoni,2026-07-23T04:59,40,40 min,anonymous,2026-07-23T03:09:09+00:00
bogorodica-evzoni,2026-07-23T05:53,35,35 min,anonymous_,2026-07-23T04:09:30+00:00
bogorodica-evzoni,2026-07-23T06:34,60,60 min,anonymous,2026-07-23T04:39:41+00:00
bogorodica-evzoni,2026-07-23T07:43,90,1.5 h,anonymous,2026-07-23T05:56:49+00:00
bogorodica-evzoni,2026-07-23T08:19,300,5 h,anonymous,2026-07-23T06:27:00+00:00
bogorodica-evzoni,2026-07-23T08:34,300,5 h,anonymous,2026-07-23T06:42:06+00:00
bogorodica-evzoni,2026-07-23T09:02,300,5 h,anonymous,2026-07-23T07:12:16+00:00
bogorodica-evzoni,2026-07-23T09:01,90,1.5 h,anonymous,2026-07-23T07:12:16+00:00
bogorodica-evzoni,2026-07-23T09:39,240,4 h,anonymous,2026-07-23T07:40:02+00:00
bogorodica-evzoni,2026-07-23T09:28,5,5 min,anonymous,2026-07-23T07:40:02+00:00
bogorodica-evzoni,2026-07-23T09:25,240,4 h,anonymous,2026-07-23T07:40:02+00:00
bogorodica-evzoni,2026-07-23T09:54,240,4 h,anonymous,2026-07-23T07:55:09+00:00
bogorodica-evzoni,2026-07-23T10:00,5,5 min,anonymous,2026-07-23T08:10:16+00:00
bogorodica-evzoni,2026-07-23T10:18,240,4 h,anonymous,2026-07-23T08:25:23+00:00
bogorodica-evzoni,2026-07-23T10:30,240,4 h,anonymous,2026-07-23T08:40:30+00:00
bogorodica-evzoni,2026-07-23T10:43,240,4 h,anonymous,2026-07-23T08:55:39+00:00
bogorodica-evzoni,2026-07-23T10:58,5,5 min,anonymous,2026-07-23T09:10:47+00:00
bogorodica-evzoni,2026-07-23T11:37,240,4 h,anonymous,2026-07-23T09:41:01+00:00
bogorodica-evzoni,2026-07-23T11:55,240,4 h,anonymous,2026-07-23T09:56:09+00:00
bogorodica-evzoni,2026-07-23T11:45,30,30 min,anonymous,2026-07-23T09:56:09+00:00
bogorodica-evzoni,2026-07-23T11:42,30,30 min,anonymous,2026-07-23T09:56:09+00:00
bogorodica-evzoni,2026-07-23T12:12,20,20 min,anonymous,2026-07-23T10:17:25+00:00
bogorodica-evzoni,2026-07-23T12:11,180,3 h,anonymous,2026-07-23T10:17:25+00:00
bogorodica-evzoni,2026-07-23T12:18,35,35 min,anonymous,2026-07-23T10:32:31+00:00
bogorodica-evzoni,2026-07-23T12:55,240,4 h,anonymous,2026-07-23T11:02:43+00:00
bogorodica-evzoni,2026-07-23T13:32,240,4 h,anonymous,2026-07-23T11:32:54+00:00
bogorodica-evzoni,2026-07-23T13:20,240,4 h,anonymous,2026-07-23T11:32:54+00:00
bogorodica-evzoni,2026-07-23T13:50,300,5 h,anonymous,2026-07-23T11:59:41+00:00
bogorodica-evzoni,2026-07-23T14:04,300,5 h,anonymous,2026-07-23T12:14:48+00:00
bogorodica-evzoni,2026-07-23T14:26,120,2 h,anonymous,2026-07-23T12:29:54+00:00
bogorodica-evzoni,2026-07-23T14:22,300,5 h,anonymous,2026-07-23T12:29:54+00:00
bogorodica-evzoni,2026-07-23T14:39,300,5 h,anonymous,2026-07-23T12:45:01+00:00
bogorodica-evzoni,2026-07-23T14:57,300,5 h,anonymous,2026-07-23T13:00:08+00:00
bogorodica-evzoni,2026-07-23T15:08,300,5 h,anonymous,2026-07-23T13:16:04+00:00
bogorodica-evzoni,2026-07-23T15:30,300,5 h,anonymous,2026-07-23T13:31:10+00:00
bogorodica-evzoni,2026-07-23T15:42,300,5 h,anonymous,2026-07-23T13:46:17+00:00
bogorodica-evzoni,2026-07-23T15:34,90,1.5 h,anonymous,2026-07-23T13:46:17+00:00
bogorodica-evzoni,2026-07-23T15:55,300,5 h,anonymous,2026-07-23T14:01:24+00:00
bogorodica-evzoni,2026-07-23T16:14,60,60 min,anonymous,2026-07-23T14:16:30+00:00
bogorodica-evzoni,2026-07-23T16:27,20,20 min,anonymous,2026-07-23T14:41:22+00:00
bogorodica-evzoni,2026-07-23T16:44,240,4 h,anonymous,2026-07-23T14:56:28+00:00
bogorodica-evzoni,2026-07-23T18:07,240,4 h,anonymous,2026-07-23T16:11:37+00:00
bogorodica-evzoni,2026-07-23T17:53,210,3.5 h,anonymous_,2026-07-23T16:11:37+00:00
bogorodica-evzoni,2026-07-23T18:20,30,30 min,anonymous,2026-07-23T16:26:45+00:00
bogorodica-evzoni,2026-07-23T18:56,240,4 h,anonymous,2026-07-23T16:56:59+00:00
bogorodica-evzoni,2026-07-23T19:20,240,4 h,anonymous,2026-07-23T17:27:11+00:00
bogorodica-evzoni,2026-07-23T19:46,240,4 h,anonymous,2026-07-23T17:51:23+00:00
bogorodica-evzoni,2026-07-23T20:14,240,4 h,anonymous,2026-07-23T18:21:35+00:00
bogorodica-evzoni,2026-07-23T21:11,15,15 min,anonymous,2026-07-23T19:13:46+00:00
bogorodica-evzoni,2026-07-23T22:24,10,10 min,anonymous_,2026-07-23T20:33:05+00:00
bogorodica-evzoni,2026-07-23T23:26,5,5 min,anonymous_,2026-07-23T21:31:15+00:00
bogorodica-evzoni,2026-07-24T00:25,15,15 min,anonymous_,2026-07-23T22:31:38+00:00
bogorodica-evzoni,2026-07-24T01:25,10,10 min,anonymous_,2026-07-23T23:32:56+00:00
bogorodica-evzoni,2026-07-24T02:27,5,5 min,anonymous_,2026-07-24T00:33:19+00:00
bogorodica-evzoni,2026-07-24T03:11,30,30 min,anonymous,2026-07-24T01:18:05+00:00
bogorodica-evzoni,2026-07-24T04:26,25,25 min,anonymous_,2026-07-24T02:33:35+00:00
bogorodica-evzoni,2026-07-24T05:27,20,20 min,anonymous_,2026-07-24T03:33:59+00:00
bogorodica-evzoni,2026-07-24T06:22,30,30 min,anonymous,2026-07-24T04:26:49+00:00
bogorodica-evzoni,2026-07-24T06:41,60,60 min,anonymous,2026-07-24T04:41:55+00:00
bogorodica-evzoni,2026-07-24T06:33,50,50 min,anonymous,2026-07-24T04:41:55+00:00
bogorodica-evzoni,2026-07-24T07:02,45,45 min,anonymous,2026-07-24T05:12:08+00:00
bogorodica-evzoni,2026-07-24T08:16,15,15 min,anonymous,2026-07-24T06:27:38+00:00
bogorodica-evzoni,2026-07-24T09:29,10,10 min,anonymous_,2026-07-24T07:44:04+00:00
bogorodica-evzoni,2026-07-24T09:46,180,3 h,anonymous,2026-07-24T07:59:12+00:00
bogorodica-evzoni,2026-07-24T10:01,5,5 min,anonymous,2026-07-24T08:14:18+00:00
bogorodica-evzoni,2026-07-24T11:23,15,15 min,anonymous_,2026-07-24T09:39:14+00:00
bogorodica-evzoni,2026-07-24T12:07,15,15 min,anonymous,2026-07-24T10:09:26+00:00
bogorodica-evzoni,2026-07-24T13:25,10,10 min,anonymous_,2026-07-24T11:42:20+00:00
bogorodica-evzoni,2026-07-24T14:28,5,5 min,anonymous_,2026-07-24T12:42:44+00:00
bogorodica-evzoni,2026-07-24T14:44,10,10 min,anonymous,2026-07-24T12:57:56+00:00
bogorodica-evzoni,2026-07-24T14:42,120,2 h,anonymous,2026-07-24T12:57:56+00:00
bogorodica-evzoni,2026-07-24T15:57,5,5 min,anonymous_,2026-07-24T14:05:39+00:00
bogorodica-evzoni,2026-07-24T16:57,10,10 min,anonymous_,2026-07-24T15:03:56+00:00
bogorodica-evzoni,2026-07-24T17:54,5,5 min,anonymous_,2026-07-24T16:04:36+00:00
bogorodica-evzoni,2026-07-24T18:57,10,10 min,anonymous_,2026-07-24T17:08:43+00:00
bogorodica-evzoni,2026-07-24T20:07,15,15 min,anonymous,2026-07-24T18:09:08+00:00
bogorodica-evzoni,2026-07-24T19:54,5,5 min,anonymous_,2026-07-24T18:09:08+00:00
bogorodica-evzoni,2026-07-24T20:23,5,5 min,anonymous,2026-07-24T18:24:14+00:00
bogorodica-evzoni,2026-07-24T21:24,10,10 min,anonymous_,2026-07-24T19:41:15+00:00
bogorodica-evzoni,2026-07-24T22:23,5,5 min,anonymous_,2026-07-24T20:35:52+00:00
bogorodica-evzoni,2026-07-24T23:27,10,10 min,anonymous_,2026-07-24T21:33:56+00:00
bogorodica-evzoni,2026-07-25T00:23,5,5 min,anonymous_,2026-07-24T22:31:22+00:00
bogorodica-evzoni,2026-07-25T01:23,10,10 min,anonymous_,2026-07-24T23:31:43+00:00
bogorodica-evzoni,2026-07-25T02:29,5,5 min,anonymous_,2026-07-25T00:38:35+00:00
bogorodica-evzoni,2026-07-25T03:23,10,10 min,anonymous_,2026-07-25T01:30:34+00:00
bogorodica-evzoni,2026-07-25T03:56,55,55 min,anonymous,2026-07-25T02:00:47+00:00
bogorodica-evzoni,2026-07-25T04:58,50,50 min,anonymous_,2026-07-25T03:01:10+00:00
bogorodica-evzoni,2026-07-25T05:56,45,45 min,anonymous_,2026-07-25T04:01:33+00:00
bogorodica-evzoni,2026-07-25T06:54,40,40 min,anonymous_,2026-07-25T05:03:31+00:00
bogorodica-evzoni,2026-07-25T07:17,120,2 h,anonymous,2026-07-25T05:18:37+00:00
bogorodica-evzoni,2026-07-25T08:07,150,2.5 h,anonymous,2026-07-25T06:18:59+00:00
bogorodica-evzoni,2026-07-25T09:23,5,5 min,anonymous,2026-07-25T07:29:51+00:00
bogorodica-evzoni,2026-07-25T09:55,150,2.5 h,anonymous,2026-07-25T08:00:03+00:00
bogorodica-evzoni,2026-07-25T10:29,150,2.5 h,anonymous,2026-07-25T08:30:39+00:00
bogorodica-evzoni,2026-07-25T10:15,210,3.5 h,anonymous,2026-07-25T08:30:39+00:00
bogorodica-evzoni,2026-07-25T10:37,150,2.5 h,anonymous,2026-07-25T08:45:58+00:00
bogorodica-evzoni,2026-07-25T10:32,210,3.5 h,anonymous,2026-07-25T08:45:58+00:00
bogorodica-evzoni,2026-07-25T10:46,90,1.5 h,anonymous,2026-07-25T09:01:03+00:00
bogorodica-evzoni,2026-07-25T11:03,90,1.5 h,anonymous,2026-07-25T09:08:21+00:00
bogorodica-evzoni,2026-07-25T11:09,180,3 h,anonymous,2026-07-25T09:23:28+00:00
bogorodica-evzoni,2026-07-25T12:27,150,2.5 h,anonymous_,2026-07-25T10:39:14+00:00
bogorodica-evzoni,2026-07-25T12:45,60,60 min,anonymous,2026-07-25T10:48:11+00:00
bogorodica-evzoni,2026-07-25T13:05,5,5 min,anonymous,2026-07-25T11:18:26+00:00
bogorodica-evzoni,2026-07-25T13:26,90,1.5 h,anonymous,2026-07-25T11:33:36+00:00
bogorodica-evzoni,2026-07-25T14:02,15,15 min,anonymous,2026-07-25T12:08:53+00:00
bogorodica-evzoni,2026-07-25T15:24,10,10 min,anonymous_,2026-07-25T13:56:53+00:00
bogorodica-evzoni,2026-07-25T16:25,5,5 min,anonymous_,2026-07-25T14:42:15+00:00
bogorodica-evzoni,2026-07-25T17:26,15,15 min,anonymous_,2026-07-25T15:30:37+00:00
bogorodica-evzoni,2026-07-25T18:28,10,10 min,anonymous_,2026-07-25T16:45:25+00:00
bogorodica-evzoni,2026-07-25T19:24,5,5 min,anonymous_,2026-07-25T17:41:19+00:00
bogorodica-evzoni,2026-07-25T20:29,15,15 min,anonymous_,2026-07-25T18:32:28+00:00
bogorodica-evzoni,2026-07-25T21:28,10,10 min,anonymous_,2026-07-25T19:32:55+00:00
bogorodica-evzoni,2026-07-25T22:34,5,5 min,anonymous,2026-07-25T20:35:54+00:00
bogorodica-evzoni,2026-07-25T22:28,5,5 min,anonymous_,2026-07-25T20:35:54+00:00
bogorodica-evzoni,2026-07-25T23:50,5,5 min,anonymous,2026-07-25T21:55:01+00:00
bogorodica-evzoni,2026-07-26T00:54,10,10 min,anonymous_,2026-07-25T23:10:04+00:00
bogorodica-evzoni,2026-07-26T01:59,5,5 min,anonymous_,2026-07-26T00:00:37+00:00
bogorodica-evzoni,2026-07-26T02:29,25,25 min,anonymous,2026-07-26T00:30:49+00:00
bogorodica-evzoni,2026-07-26T03:29,20,20 min,anonymous_,2026-07-26T01:33:24+00:00
bogorodica-evzoni,2026-07-26T04:26,15,15 min,anonymous_,2026-07-26T02:33:55+00:00
bogorodica-evzoni,2026-07-26T05:18,50,50 min,anonymous,2026-07-26T03:19:14+00:00
bogorodica-evzoni,2026-07-26T06:08,90,1.5 h,anonymous,2026-07-26T04:19:43+00:00
bogorodica-evzoni,2026-07-26T06:27,35,35 min,anonymous,2026-07-26T04:34:50+00:00
bogorodica-evzoni,2026-07-26T07:12,50,50 min,anonymous,2026-07-26T05:17:38+00:00
bogorodica-evzoni,2026-07-26T08:08,120,2 h,anonymous,2026-07-26T06:18:00+00:00
bogorodica-evzoni,2026-07-26T09:29,90,1.5 h,anonymous_,2026-07-26T07:42:49+00:00
bogorodica-evzoni,2026-07-26T09:56,120,2 h,anonymous,2026-07-26T07:57:55+00:00
bogorodica-evzoni,2026-07-26T10:14,150,2.5 h,anonymous,2026-07-26T08:28:08+00:00
bogorodica-evzoni,2026-07-26T11:25,120,2 h,anonymous_,2026-07-26T09:37:11+00:00
bogorodica-evzoni,2026-07-26T12:33,20,20 min,anonymous,2026-07-26T10:37:38+00:00
bogorodica-evzoni,2026-07-26T12:26,90,1.5 h,anonymous,2026-07-26T10:37:38+00:00
bogorodica-evzoni,2026-07-26T12:40,15,15 min,anonymous,2026-07-26T10:52:44+00:00
bogorodica-evzoni,2026-07-26T13:53,10,10 min,anonymous_,2026-07-26T12:07:53+00:00
bogorodica-evzoni,2026-07-26T14:56,5,5 min,anonymous_,2026-07-26T13:03:51+00:00
bogorodica-evzoni,2026-07-26T15:56,10,10 min,anonymous_,2026-07-26T14:05:37+00:00
bogorodica-evzoni,2026-07-26T16:55,5,5 min,anonymous_,2026-07-26T15:12:40+00:00
bogorodica-evzoni,2026-07-26T17:59,5,5 min,anonymous,2026-07-26T16:04:05+00:00
bogorodica-evzoni,2026-07-26T18:13,150,2.5 h,anonymous,2026-07-26T16:19:12+00:00
bogorodica-evzoni,2026-07-26T19:17,120,2 h,anonymous,2026-07-26T17:17:31+00:00
bogorodica-evzoni,2026-07-26T20:13,5,5 min,anonymous,2026-07-26T18:24:14+00:00
bogorodica-evzoni,2026-07-26T20:09,5,5 min,anonymous,2026-07-26T18:24:14+00:00
bogorodica-evzoni,2026-07-26T21:10,15,15 min,anonymous,2026-07-26T19:16:20+00:00
bogorodica-evzoni,2026-07-26T22:27,10,10 min,anonymous_,2026-07-26T20:30:59+00:00
bogorodica-evzoni,2026-07-26T23:29,5,5 min,anonymous_,2026-07-26T21:38:53+00:00
bogorodica-evzoni,2026-07-27T00:26,15,15 min,anonymous_,2026-07-26T22:31:31+00:00
bogorodica-evzoni,2026-07-27T01:28,10,10 min,anonymous_,2026-07-26T23:31:56+00:00
bogorodica-evzoni,2026-07-27T02:23,25,25 min,anonymous,2026-07-27T00:32:37+00:00
bogorodica-evzoni,2026-07-27T03:29,20,20 min,anonymous_,2026-07-27T01:32:04+00:00
bogorodica-evzoni,2026-07-27T04:31,55,55 min,anonymous,2026-07-27T02:32:30+00:00
bogorodica-evzoni,2026-07-27T04:26,15,15 min,anonymous_,2026-07-27T02:32:30+00:00
bogorodica-evzoni,2026-07-27T06:01,20,20 min,anonymous,2026-07-27T04:03:06+00:00
bogorodica-evzoni,2026-07-27T05:54,50,50 min,anonymous_,2026-07-27T04:03:06+00:00
bogorodica-evzoni,2026-07-27T07:25,15,15 min,anonymous_,2026-07-27T05:33:24+00:00
bogorodica-evzoni,2026-07-27T08:25,180,3 h,anonymous,2026-07-27T06:33:48+00:00
bogorodica-evzoni,2026-07-27T08:44,240,4 h,anonymous,2026-07-27T06:48:54+00:00
bogorodica-evzoni,2026-07-27T08:56,10,10 min,anonymous,2026-07-27T07:04:01+00:00
bogorodica-evzoni,2026-07-27T09:17,15,15 min,anonymous,2026-07-27T07:19:07+00:00
bogorodica-evzoni,2026-07-27T09:31,330,5.5 h,anonymous,2026-07-27T07:34:13+00:00
bogorodica-evzoni,2026-07-27T09:29,120,2 h,anonymous,2026-07-27T07:34:13+00:00
bogorodica-evzoni,2026-07-27T10:33,360,6 h,anonymous,2026-07-27T08:48:04+00:00
bogorodica-evzoni,2026-07-27T11:21,120,2 h,anonymous,2026-07-27T09:33:23+00:00
bogorodica-evzoni,2026-07-27T11:38,360,6 h,anonymous,2026-07-27T09:48:30+00:00
bogorodica-evzoni,2026-07-27T12:23,420,7 h,anonymous,2026-07-27T10:33:51+00:00
bogorodica-evzoni,2026-07-27T13:07,210,3.5 h,anonymous,2026-07-27T11:19:11+00:00
bogorodica-evzoni,2026-07-27T13:55,420,7 h,anonymous,2026-07-27T12:00:43+00:00
bogorodica-evzoni,2026-07-27T14:43,420,7 h,anonymous,2026-07-27T12:46:03+00:00
bogorodica-evzoni,2026-07-27T14:55,420,7 h,anonymous,2026-07-27T13:01:10+00:00
bogorodica-evzoni,2026-07-27T15:36,300,5 h,anonymous,2026-07-27T13:46:36+00:00
bogorodica-evzoni,2026-07-27T16:53,270,4.5 h,anonymous_,2026-07-27T15:02:13+00:00
bogorodica-evzoni,2026-07-27T17:42,10,10 min,anonymous,2026-07-27T15:47:34+00:00
bogorodica-evzoni,2026-07-27T17:32,60,60 min,anonymous,2026-07-27T15:47:34+00:00
bogorodica-evzoni,2026-07-27T18:21,180,3 h,anonymous,2026-07-27T16:30:56+00:00
bogorodica-evzoni,2026-07-27T19:28,150,2.5 h,anonymous_,2026-07-27T17:31:20+00:00
bogorodica-evzoni,2026-07-27T20:25,120,2 h,anonymous_,2026-07-27T18:39:21+00:00
bogorodica-evzoni,2026-07-27T21:27,90,1.5 h,anonymous_,2026-07-27T19:39:43+00:00
bogorodica-evzoni,2026-07-27T22:26,60,60 min,anonymous_,2026-07-27T20:30:01+00:00
bogorodica-evzoni,2026-07-27T23:26,55,55 min,anonymous_,2026-07-27T21:35:33+00:00
bogorodica-evzoni,2026-07-27T23:44,5,5 min,anonymous,2026-07-27T21:50:39+00:00
bogorodica-evzoni,2026-07-28T00:57,15,15 min,anonymous_,2026-07-27T23:01:42+00:00
bogorodica-evzoni,2026-07-28T01:55,10,10 min,anonymous_,2026-07-28T00:10:43+00:00
bogorodica-evzoni,2026-07-28T02:55,5,5 min,anonymous_,2026-07-28T01:09:54+00:00
bogorodica-evzoni,2026-07-28T03:59,10,10 min,anonymous_,2026-07-28T02:10:13+00:00
bogorodica-evzoni,2026-07-28T04:59,5,5 min,anonymous_,2026-07-28T03:10:34+00:00
bogorodica-evzoni,2026-07-28T05:57,15,15 min,anonymous_,2026-07-28T04:10:56+00:00
bogorodica-evzoni,2026-07-28T06:54,10,10 min,anonymous_,2026-07-28T05:01:31+00:00
bogorodica-evzoni,2026-07-28T07:53,5,5 min,anonymous_,2026-07-28T06:01:53+00:00
bogorodica-evzoni,2026-07-28T08:42,10,10 min,anonymous,2026-07-28T06:47:11+00:00
bogorodica-evzoni,2026-07-28T08:35,240,4 h,anonymous,2026-07-28T06:47:11+00:00
bogorodica-evzoni,2026-07-28T08:52,240,4 h,anonymous,2026-07-28T07:02:18+00:00
bogorodica-evzoni,2026-07-28T09:17,270,4.5 h,anonymous,2026-07-28T07:20:56+00:00
bogorodica-evzoni,2026-07-28T09:35,270,4.5 h,anonymous,2026-07-28T07:36:04+00:00
bogorodica-evzoni,2026-07-28T09:53,270,4.5 h,anonymous,2026-07-28T08:06:18+00:00
bogorodica-evzoni,2026-07-28T10:16,270,4.5 h,anonymous,2026-07-28T08:21:24+00:00
bogorodica-evzoni,2026-07-28T10:11,210,3.5 h,anonymous,2026-07-28T08:21:24+00:00
bogorodica-evzoni,2026-07-28T11:01,270,4.5 h,anonymous,2026-07-28T09:06:44+00:00
bogorodica-evzoni,2026-07-28T11:33,40,40 min,anonymous,2026-07-28T09:36:56+00:00
bogorodica-evzoni,2026-07-28T11:25,270,4.5 h,anonymous,2026-07-28T09:36:56+00:00
bogorodica-evzoni,2026-07-28T11:54,270,4.5 h,anonymous,2026-07-28T10:01:49+00:00
bogorodica-evzoni,2026-07-28T12:53,270,4.5 h,anonymous,2026-07-28T11:02:15+00:00
bogorodica-evzoni,2026-07-28T13:17,270,4.5 h,anonymous,2026-07-28T11:17:22+00:00
bogorodica-evzoni,2026-07-28T14:05,270,4.5 h,anonymous,2026-07-28T12:06:59+00:00
bogorodica-evzoni,2026-07-28T14:48,270,4.5 h,anonymous,2026-07-28T12:52:20+00:00
bogorodica-evzoni,2026-07-28T15:12,270,4.5 h,anonymous,2026-07-28T13:22:34+00:00
bogorodica-evzoni,2026-07-28T15:40,300,5 h,anonymous,2026-07-28T13:52:46+00:00
bogorodica-evzoni,2026-07-28T17:04,30,30 min,anonymous,2026-07-28T15:04:07+00:00
bogorodica-evzoni,2026-07-28T16:57,270,4.5 h,anonymous_,2026-07-28T15:04:07+00:00
bogorodica-evzoni,2026-07-28T18:23,25,25 min,anonymous_,2026-07-28T16:35:49+00:00
bogorodica-evzoni,2026-07-28T19:24,20,20 min,anonymous_,2026-07-28T17:36:14+00:00
bogorodica-evzoni,2026-07-28T19:53,25,25 min,anonymous,2026-07-28T18:04:35+00:00
bogorodica-evzoni,2026-07-28T20:56,20,20 min,anonymous_,2026-07-28T19:14:17+00:00
bogorodica-evzoni,2026-07-28T21:58,15,15 min,anonymous_,2026-07-28T20:14:45+00:00
bogorodica-evzoni,2026-07-28T22:57,10,10 min,anonymous_,2026-07-28T21:08:00+00:00
bogorodica-evzoni,2026-07-28T23:56,5,5 min,anonymous_,2026-07-28T22:06:37+00:00
bogorodica-evzoni,2026-07-29T00:58,15,15 min,anonymous_,2026-07-28T23:10:42+00:00
bogorodica-evzoni,2026-07-29T01:57,10,10 min,anonymous_,2026-07-29T00:00:35+00:00
bogorodica-evzoni,2026-07-29T02:54,5,5 min,anonymous_,2026-07-29T01:00:58+00:00
bogorodica-evzoni,2026-07-29T03:57,15,15 min,anonymous_,2026-07-29T02:14:01+00:00
bogorodica-evzoni,2026-07-29T05:04,30,30 min,anonymous,2026-07-29T03:14:23+00:00
bogorodica-evzoni,2026-07-29T04:58,10,10 min,anonymous_,2026-07-29T03:14:23+00:00
bogorodica-evzoni,2026-07-29T05:48,20,20 min,anonymous,2026-07-29T03:59:42+00:00
bogorodica-evzoni,2026-07-29T06:59,15,15 min,anonymous_,2026-07-29T05:07:26+00:00
bogorodica-evzoni,2026-07-29T07:29,90,1.5 h,anonymous,2026-07-29T05:37:37+00:00
bogorodica-evzoni,2026-07-29T08:00,5,5 min,anonymous,2026-07-29T06:07:51+00:00
bogorodica-evzoni,2026-07-29T08:24,5,5 min,anonymous,2026-07-29T06:38:04+00:00
bogorodica-evzoni,2026-07-29T08:45,5,5 min,anonymous,2026-07-29T06:53:39+00:00
bogorodica-evzoni,2026-07-29T09:14,20,20 min,anonymous,2026-07-29T07:23:52+00:00
bogorodica-evzoni,2026-07-29T09:10,5,5 min,anonymous,2026-07-29T07:23:52+00:00
bogorodica-evzoni,2026-07-29T09:54,5,5 min,anonymous,2026-07-29T07:59:56+00:00
bogorodica-evzoni,2026-07-29T10:36,240,4 h,anonymous,2026-07-29T08:45:28+00:00
bogorodica-evzoni,2026-07-29T11:04,240,4 h,anonymous,2026-07-29T09:15:45+00:00
bogorodica-evzoni,2026-07-29T11:25,25,25 min,anonymous,2026-07-29T09:30:51+00:00
bogorodica-evzoni,2026-07-29T11:39,240,4 h,anonymous,2026-07-29T09:45:57+00:00
bogorodica-evzoni,2026-07-29T11:39,25,25 min,anonymous,2026-07-29T09:45:57+00:00
bogorodica-evzoni,2026-07-29T11:48,330,5.5 h,anonymous,2026-07-29T10:01:03+00:00
bogorodica-evzoni,2026-07-29T12:21,120,2 h,anonymous,2026-07-29T10:30:10+00:00
bogorodica-evzoni,2026-07-29T12:59,240,4 h,anonymous,2026-07-29T11:00:39+00:00
bogorodica-evzoni,2026-07-29T13:35,240,4 h,anonymous,2026-07-29T11:46:00+00:00
bogorodica-evzoni,2026-07-29T13:57,240,4 h,anonymous,2026-07-29T12:01:06+00:00
bogorodica-evzoni,2026-07-29T14:55,240,4 h,anonymous,2026-07-29T12:55:18+00:00
bogorodica-evzoni,2026-07-29T14:40,15,15 min,anonymous,2026-07-29T12:55:18+00:00
bogorodica-evzoni,2026-07-29T15:50,240,4 h,anonymous,2026-07-29T13:56:47+00:00
bogorodica-evzoni,2026-07-29T16:59,210,3.5 h,anonymous_,2026-07-29T15:10:58+00:00
bogorodica-evzoni,2026-07-29T17:54,180,3 h,anonymous_,2026-07-29T16:11:22+00:00
bogorodica-evzoni,2026-07-29T18:58,150,2.5 h,anonymous_,2026-07-29T17:12:21+00:00
bogorodica-evzoni,2026-07-29T19:37,5,5 min,anonymous,2026-07-29T17:42:35+00:00
bogorodica-evzoni,2026-07-29T19:44,240,4 h,anonymous,2026-07-29T17:53:34+00:00
bogorodica-evzoni,2026-07-29T20:26,10,10 min,anonymous,2026-07-29T18:38:52+00:00
bogorodica-evzoni,2026-07-29T20:50,10,10 min,anonymous,2026-07-29T18:53:59+00:00
bogorodica-evzoni,2026-07-29T21:54,5,5 min,anonymous_,2026-07-29T20:08:59+00:00
bogorodica-evzoni,2026-07-29T22:54,15,15 min,anonymous_,2026-07-29T21:10:17+00:00
bogorodica-evzoni,2026-07-29T23:57,10,10 min,anonymous_,2026-07-29T22:11:56+00:00
bogorodica-evzoni,2026-07-30T00:59,5,5 min,anonymous_,2026-07-29T23:14:03+00:00
bogorodica-evzoni,2026-07-30T01:55,10,10 min,anonymous_,2026-07-30T00:01:53+00:00
bogorodica-evzoni,2026-07-30T02:53,5,5 min,anonymous_,2026-07-30T01:02:17+00:00
bogorodica-evzoni,2026-07-30T03:53,15,15 min,anonymous_,2026-07-30T02:06:19+00:00
bogorodica-evzoni,2026-07-30T04:58,10,10 min,anonymous_,2026-07-30T03:06:43+00:00
bogorodica-evzoni,2026-07-30T05:54,5,5 min,anonymous_,2026-07-30T04:07:08+00:00
bogorodica-evzoni,2026-07-30T07:01,240,4 h,anonymous,2026-07-30T05:02:09+00:00
bogorodica-evzoni,2026-07-30T06:48,5,5 min,anonymous,2026-07-30T05:02:09+00:00
bogorodica-evzoni,2026-07-30T07:14,35,35 min,anonymous,2026-07-30T05:17:19+00:00
bogorodica-evzoni,2026-07-30T07:44,240,4 h,anonymous,2026-07-30T05:47:31+00:00
bogorodica-evzoni,2026-07-30T08:09,10,10 min,anonymous,2026-07-30T06:17:43+00:00
bogorodica-evzoni,2026-07-30T08:18,240,4 h,anonymous,2026-07-30T06:32:49+00:00
bogorodica-evzoni,2026-07-30T08:35,5,5 min,anonymous,2026-07-30T06:46:06+00:00
bogorodica-evzoni,2026-07-30T08:47,240,4 h,anonymous,2026-07-30T07:01:12+00:00
bogorodica-evzoni,2026-07-30T09:13,240,4 h,anonymous,2026-07-30T07:16:17+00:00
bogorodica-evzoni,2026-07-30T09:07,10,10 min,anonymous,2026-07-30T07:16:17+00:00
bogorodica-evzoni,2026-07-30T09:27,240,4 h,anonymous,2026-07-30T07:31:23+00:00
bogorodica-evzoni,2026-07-30T09:50,240,4 h,anonymous,2026-07-30T08:01:35+00:00
bogorodica-evzoni,2026-07-30T10:39,240,4 h,anonymous,2026-07-30T08:46:50+00:00
bogorodica-evzoni,2026-07-30T10:52,240,4 h,anonymous,2026-07-30T09:01:56+00:00
bogorodica-evzoni,2026-07-30T10:49,45,45 min,anonymous,2026-07-30T09:01:56+00:00
bogorodica-evzoni,2026-07-30T11:38,240,4 h,anonymous,2026-07-30T09:52:17+00:00
bogorodica-evzoni,2026-07-30T12:16,240,4 h,anonymous,2026-07-30T10:22:28+00:00
bogorodica-evzoni,2026-07-30T12:12,480,8 h,anonymous,2026-07-30T10:22:28+00:00
bogorodica-evzoni,2026-07-30T12:26,270,4.5 h,anonymous,2026-07-30T10:37:34+00:00
bogorodica-evzoni,2026-07-30T13:39,5,5 min,anonymous,2026-07-30T11:42:30+00:00
bogorodica-evzoni,2026-07-30T13:23,240,4 h,anonymous_,2026-07-30T11:42:30+00:00
bogorodica-evzoni,2026-07-30T13:43,240,4 h,anonymous,2026-07-30T11:57:41+00:00
bogorodica-evzoni,2026-07-30T14:18,30,30 min,anonymous,2026-07-30T12:27:53+00:00
bogorodica-evzoni,2026-07-30T14:36,5,5 min,anonymous,2026-07-30T12:43:08+00:00
bogorodica-evzoni,2026-07-30T14:55,240,4 h,anonymous,2026-07-30T12:58:14+00:00
bogorodica-evzoni,2026-07-30T15:08,240,4 h,anonymous,2026-07-30T13:11:46+00:00
bogorodica-evzoni,2026-07-30T15:29,10,10 min,anonymous,2026-07-30T13:42:02+00:00
bogorodica-evzoni,2026-07-30T15:27,240,4 h,anonymous,2026-07-30T13:42:02+00:00
bogorodica-evzoni,2026-07-30T15:43,5,5 min,anonymous,2026-07-30T13:57:09+00:00
bogorodica-evzoni,2026-07-30T16:49,5,5 min,anonymous,2026-07-30T14:57:40+00:00
bogorodica-evzoni,2026-07-30T17:15,5,5 min,anonymous,2026-07-30T15:27:44+00:00
bogorodica-evzoni,2026-07-30T17:28,30,30 min,anonymous,2026-07-30T15:42:51+00:00
bogorodica-evzoni,2026-07-30T18:40,5,5 min,anonymous,2026-07-30T16:43:18+00:00
bogorodica-evzoni,2026-07-30T18:29,25,25 min,anonymous_,2026-07-30T16:43:18+00:00
bogorodica-evzoni,2026-07-30T19:03,5,5 min,anonymous,2026-07-30T17:06:42+00:00
bogorodica-evzoni,2026-07-30T20:23,10,10 min,anonymous_,2026-07-30T18:37:23+00:00
bogorodica-evzoni,2026-07-30T20:52,10,10 min,anonymous,2026-07-30T18:57:54+00:00
bogorodica-evzoni,2026-07-30T21:59,5,5 min,anonymous_,2026-07-30T20:08:22+00:00
bogorodica-evzoni,2026-07-30T22:54,15,15 min,anonymous_,2026-07-30T21:08:52+00:00
bogorodica-evzoni,2026-07-30T23:57,10,10 min,anonymous_,2026-07-30T22:06:56+00:00
bogorodica-evzoni,2026-07-31T00:55,5,5 min,anonymous_,2026-07-30T23:00:03+00:00
bogorodica-evzoni,2026-07-31T01:54,10,10 min,anonymous_,2026-07-31T00:01:21+00:00
bogorodica-evzoni,2026-07-31T02:54,5,5 min,anonymous_,2026-07-31T01:01:51+00:00
bogorodica-evzoni,2026-07-31T03:56,10,10 min,anonymous_,2026-07-31T02:03:26+00:00
bogorodica-evzoni,2026-07-31T04:41,40,40 min,anonymous,2026-07-31T02:48:44+00:00
bogorodica-evzoni,2026-07-31T05:06,45,45 min,anonymous,2026-07-31T03:18:56+00:00
bogorodica-evzoni,2026-07-31T06:04,90,1.5 h,anonymous,2026-07-31T04:19:46+00:00
bogorodica-evzoni,2026-07-31T06:28,60,60 min,anonymous,2026-07-31T04:34:52+00:00
bogorodica-evzoni,2026-07-31T07:11,60,60 min,anonymous,2026-07-31T05:18:40+00:00
bogorodica-evzoni,2026-07-31T08:19,240,4 h,anonymous,2026-07-31T06:34:14+00:00
bogorodica-evzoni,2026-07-31T08:46,240,4 h,anonymous,2026-07-31T06:49:21+00:00
bogorodica-evzoni,2026-07-31T09:03,5,5 min,anonymous,2026-07-31T07:04:28+00:00
bogorodica-evzoni,2026-07-31T09:07,240,4 h,anonymous,2026-07-31T07:19:35+00:00
bogorodica-evzoni,2026-07-31T09:29,10,10 min,anonymous,2026-07-31T07:34:42+00:00
bogorodica-evzoni,2026-07-31T09:25,240,4 h,anonymous,2026-07-31T07:34:42+00:00
bogorodica-evzoni,2026-07-31T09:46,240,4 h,anonymous,2026-07-31T07:55:51+00:00
bogorodica-evzoni,2026-07-31T10:10,240,4 h,anonymous,2026-07-31T08:10:58+00:00
bogorodica-evzoni,2026-07-31T10:27,240,4 h,anonymous,2026-07-31T08:41:48+00:00
bogorodica-evzoni,2026-07-31T10:51,10,10 min,anonymous,2026-07-31T08:56:56+00:00
bogorodica-evzoni,2026-07-31T10:50,10,10 min,anonymous,2026-07-31T08:56:56+00:00
bogorodica-evzoni,2026-07-31T10:49,240,4 h,anonymous,2026-07-31T08:56:56+00:00
bogorodica-evzoni,2026-07-31T10:45,45,45 min,anonymous,2026-07-31T08:56:56+00:00
bogorodica-evzoni,2026-07-31T11:01,15,15 min,anonymous,2026-07-31T09:12:02+00:00
bogorodica-evzoni,2026-07-31T11:38,240,4 h,anonymous,2026-07-31T09:42:16+00:00
bogorodica-evzoni,2026-07-31T12:04,240,4 h,anonymous,2026-07-31T10:12:31+00:00
bogorodica-evzoni,2026-07-31T12:42,240,4 h,anonymous,2026-07-31T10:53:05+00:00
bogorodica-evzoni,2026-07-31T12:55,20,20 min,anonymous,2026-07-31T11:08:11+00:00
bogorodica-evzoni,2026-07-31T13:08,240,4 h,anonymous,2026-07-31T11:23:17+00:00
bogorodica-evzoni,2026-07-31T13:33,15,15 min,anonymous,2026-07-31T11:38:24+00:00
bogorodica-evzoni,2026-07-31T13:42,240,4 h,anonymous,2026-07-31T11:53:30+00:00
bogorodica-evzoni,2026-07-31T14:57,10,10 min,anonymous,2026-07-31T13:01:06+00:00
bogorodica-evzoni,2026-07-31T14:49,240,4 h,anonymous,2026-07-31T13:01:06+00:00
bogorodica-evzoni,2026-07-31T15:36,240,4 h,anonymous,2026-07-31T13:46:25+00:00
bogorodica-evzoni,2026-07-31T15:59,10,10 min,anonymous,2026-07-31T14:01:31+00:00
bogorodica-evzoni,2026-07-31T15:48,240,4 h,anonymous,2026-07-31T14:01:31+00:00
bogorodica-evzoni,2026-07-31T16:59,5,5 min,anonymous_,2026-07-31T15:01:56+00:00
bogorodica-evzoni,2026-07-31T17:19,15,15 min,anonymous,2026-07-31T15:20:42+00:00
bogorodica-evzoni,2026-07-31T17:19,15,15 min,Goran_,2026-07-31T15:20:42+00:00
bogorodica-evzoni,2026-07-31T17:47,240,4 h,anonymous,2026-07-31T15:50:54+00:00
bogorodica-evzoni,2026-07-31T17:59,5,5 min,anonymous,2026-07-31T16:06:00+00:00
bogorodica-evzoni,2026-07-31T17:57,240,4 h,anonymous,2026-07-31T16:06:00+00:00
bogorodica-evzoni,2026-07-31T18:19,10,10 min,anonymous,2026-07-31T16:21:06+00:00
bogorodica-evzoni,2026-07-31T18:29,30,30 min,anonymous,2026-07-31T16:36:12+00:00
bogorodica-evzoni,2026-07-31T18:42,240,4 h,anonymous,2026-07-31T16:51:20+00:00
bogorodica-evzoni,2026-07-31T19:32,450,7.5 h,anonymous,2026-07-31T17:39:44+00:00
bogorodica-evzoni,2026-07-31T19:27,390,6.5 h,anonymous,2026-07-31T17:39:44+00:00
bogorodica-evzoni,2026-07-31T19:42,50,50 min,anonymous,2026-07-31T17:54:51+00:00
bogorodica-evzoni,2026-07-31T19:40,30,30 min,anonymous,2026-07-31T17:54:51+00:00
bogorodica-evzoni,2026-07-31T19:39,240,4 h,anonymous,2026-07-31T17:54:51+00:00
bogorodica-evzoni,2026-07-31T20:28,20,20 min,anonymous,2026-07-31T18:40:10+00:00
bogorodica-evzoni,2026-07-31T20:50,15,15 min,anonymous,2026-07-31T18:56:14+00:00
bogorodica-evzoni,2026-07-31T20:59,240,4 h,anonymous,2026-07-31T19:11:21+00:00
bogorodica-evzoni,2026-07-31T21:46,300,5 h,anonymous,2026-07-31T19:56:40+00:00
bogorodica-evzoni,2026-07-31T21:58,150,2.5 h,anonymous,2026-07-31T20:11:46+00:00
bogorodica-evzoni,2026-07-31T21:58,150,2.5 h,anonymous,2026-07-31T20:12:20+00:00
bogorodica-evzoni,2026-07-31T22:54,120,2 h,anonymous_,2026-07-31T21:12:45+00:00
bogorodica-evzoni,2026-07-31T23:21,240,4 h,anonymous,2026-07-31T21:27:51+00:00
bogorodica-evzoni,2026-07-31T23:42,210,3.5 h,anonymous,2026-07-31T21:47:10+00:00
bogorodica-evzoni,2026-08-01T00:16,5,5 min,anonymous,2026-07-31T22:17:22+00:00
bogorodica-evzoni,2026-08-01T01:19,5,5 min,anonymous,2026-07-31T23:24:08+00:00
bogorodica-evzoni,2026-08-01T02:23,10,10 min,anonymous_,2026-08-01T00:31:57+00:00
bogorodica-evzoni,2026-08-01T02:57,25,25 min,anonymous,2026-08-01T01:02:07+00:00
bogorodica-evzoni,2026-08-01T03:53,20,20 min,anonymous_,2026-08-01T02:05:19+00:00
bogorodica-evzoni,2026-08-01T04:46,60,60 min,anonymous,2026-08-01T02:50:40+00:00
bogorodica-evzoni,2026-08-01T04:58,60,60 min,anonymous,2026-08-01T03:05:47+00:00
bogorodica-evzoni,2026-08-01T05:24,15,15 min,anonymous,2026-08-01T03:35:59+00:00
bogorodica-evzoni,2026-08-01T05:23,90,1.5 h,anonymous,2026-08-01T03:35:59+00:00
bogorodica-evzoni,2026-08-01T06:27,40,40 min,anonymous,2026-08-01T04:36:26+00:00
bogorodica-evzoni,2026-08-01T07:31,180,3 h,anonymous,2026-08-01T05:43:54+00:00
bogorodica-evzoni,2026-08-01T07:25,35,35 min,anonymous_,2026-08-01T05:43:54+00:00
bogorodica-evzoni,2026-08-01T07:52,15,15 min,anonymous,2026-08-01T05:59:01+00:00
bogorodica-evzoni,2026-08-01T08:41,90,1.5 h,anonymous,2026-08-01T06:44:19+00:00
bogorodica-evzoni,2026-08-01T09:11,10,10 min,anonymous,2026-08-01T07:14:32+00:00
bogorodica-evzoni,2026-08-01T09:27,10,10 min,anonymous,2026-08-01T07:34:18+00:00
bogorodica-evzoni,2026-08-01T09:48,10,10 min,anonymous,2026-08-01T07:49:24+00:00
bogorodica-evzoni,2026-08-01T09:46,180,3 h,anonymous,2026-08-01T07:49:24+00:00
bogorodica-evzoni,2026-08-01T09:44,60,60 min,anonymous,2026-08-01T07:49:24+00:00
bogorodica-evzoni,2026-08-01T09:36,10,10 min,anonymous,2026-08-01T07:49:24+00:00
bogorodica-evzoni,2026-08-01T10:01,10,10 min,anonymous,2026-08-01T08:05:06+00:00
bogorodica-evzoni,2026-08-01T09:57,180,3 h,anonymous,2026-08-01T08:05:06+00:00
bogorodica-evzoni,2026-08-01T09:55,10,10 min,anonymous,2026-08-01T08:05:06+00:00
bogorodica-evzoni,2026-08-01T09:53,240,4 h,anonymous,2026-08-01T08:05:06+00:00
bogorodica-evzoni,2026-08-01T09:50,150,2.5 h,anonymous,2026-08-01T08:05:06+00:00
bogorodica-evzoni,2026-08-01T10:08,240,4 h,anonymous,2026-08-01T08:20:13+00:00
bogorodica-evzoni,2026-08-01T10:06,10,10 min,anonymous,2026-08-01T08:20:13+00:00
bogorodica-evzoni,2026-08-01T10:33,15,15 min,anonymous,2026-08-01T08:35:19+00:00
bogorodica-evzoni,2026-08-01T10:43,10,10 min,anonymous,2026-08-01T08:50:32+00:00
bogorodica-evzoni,2026-08-01T10:40,240,4 h,anonymous,2026-08-01T08:50:32+00:00
bogorodica-evzoni,2026-08-01T11:00,240,4 h,anonymous,2026-08-01T09:05:38+00:00
bogorodica-evzoni,2026-08-01T10:55,10,10 min,anonymous,2026-08-01T09:05:38+00:00
bogorodica-evzoni,2026-08-01T11:17,60,60 min,anonymous,2026-08-01T09:20:44+00:00
bogorodica-evzoni,2026-08-01T11:11,10,10 min,anonymous,2026-08-01T09:20:44+00:00
bogorodica-evzoni,2026-08-01T11:22,10,10 min,anonymous,2026-08-01T09:28:24+00:00
bogorodica-evzoni,2026-08-01T11:31,5,5 min,anonymous,2026-08-01T09:43:39+00:00
bogorodica-evzoni,2026-08-01T11:31,10,10 min,anonymous,2026-08-01T09:43:39+00:00
bogorodica-evzoni,2026-08-01T11:57,240,4 h,anonymous,2026-08-01T09:58:46+00:00
bogorodica-evzoni,2026-08-01T12:02,10,10 min,anonymous,2026-08-01T10:13:54+00:00
bogorodica-evzoni,2026-08-01T13:23,5,5 min,anonymous_,2026-08-01T11:34:13+00:00
bogorodica-evzoni,2026-08-01T14:21,90,1.5 h,anonymous,2026-08-01T12:25:02+00:00
bogorodica-evzoni,2026-08-01T14:10,60,60 min,anonymous,2026-08-01T12:25:02+00:00
bogorodica-evzoni,2026-08-01T14:50,5,5 min,anonymous,2026-08-01T12:55:16+00:00
bogorodica-evzoni,2026-08-01T14:57,90,1.5 h,anonymous,2026-08-01T13:10:23+00:00
bogorodica-evzoni,2026-08-01T15:40,15,15 min,anonymous,2026-08-01T13:41:16+00:00
bogorodica-evzoni,2026-08-01T15:32,5,5 min,anonymous,2026-08-01T13:41:16+00:00
bogorodica-evzoni,2026-08-01T16:34,240,4 h,anonymous,2026-08-01T14:47:20+00:00
bogorodica-evzoni,2026-08-01T16:49,420,7 h,anonymous,2026-08-01T15:02:25+00:00
bogorodica-evzoni,2026-08-01T17:59,390,6.5 h,anonymous_,2026-08-01T16:12:56+00:00
bogorodica-evzoni,2026-08-01T18:39,150,2.5 h,anonymous,2026-08-01T16:47:44+00:00
bogorodica-evzoni,2026-08-01T19:41,20,20 min,anonymous,2026-08-01T17:42:50+00:00
bogorodica-evzoni,2026-08-01T20:11,240,4 h,anonymous,2026-08-01T18:13:16+00:00
bogorodica-evzoni,2026-08-01T20:29,240,4 h,anonymous,2026-08-01T18:34:19+00:00
bogorodica-evzoni,2026-08-01T20:39,240,4 h,anonymous,2026-08-01T18:49:26+00:00
bogorodica-evzoni,2026-08-01T21:14,120,2 h,anonymous,2026-08-01T19:19:39+00:00
bogorodica-evzoni,2026-08-01T21:31,50,50 min,anonymous,2026-08-01T19:34:48+00:00
bogorodica-evzoni,2026-08-01T21:28,10,10 min,anonymous,2026-08-01T19:34:48+00:00
bogorodica-evzoni,2026-08-01T21:21,240,4 h,anonymous,2026-08-01T19:34:48+00:00
bogorodica-evzoni,2026-08-01T21:49,240,4 h,anonymous,2026-08-01T19:49:29+00:00
bogorodica-evzoni,2026-08-01T21:39,30,30 min,anonymous,2026-08-01T19:49:29+00:00
bogorodica-evzoni,2026-08-01T21:36,240,4 h,anonymous,2026-08-01T19:49:29+00:00
bogorodica-evzoni,2026-08-01T22:07,5,5 min,anonymous,2026-08-01T20:20:37+00:00
bogorodica-evzoni,2026-08-01T22:43,240,4 h,anonymous,2026-08-01T20:52:26+00:00
bogorodica-evzoni,2026-08-01T23:06,240,4 h,anonymous,2026-08-01T21:07:31+00:00
bogorodica-evzoni,2026-08-02T00:27,210,3.5 h,anonymous_,2026-08-01T22:33:48+00:00
bogorodica-evzoni,2026-08-02T01:25,180,3 h,anonymous_,2026-08-01T23:34:14+00:00
bogorodica-evzoni,2026-08-02T02:28,150,2.5 h,anonymous_,2026-08-02T00:35:21+00:00
bogorodica-evzoni,2026-08-02T03:08,25,25 min,anonymous,2026-08-02T01:11:31+00:00
bogorodica-evzoni,2026-08-02T03:20,15,15 min,anonymous,2026-08-02T01:26:37+00:00
bogorodica-evzoni,2026-08-02T03:50,50,50 min,anonymous,2026-08-02T01:56:57+00:00
bogorodica-evzoni,2026-08-02T04:58,120,2 h,anonymous,2026-08-02T03:12:24+00:00
bogorodica-evzoni,2026-08-02T05:58,90,1.5 h,anonymous_,2026-08-02T04:12:45+00:00
bogorodica-evzoni,2026-08-02T06:38,5,5 min,anonymous,2026-08-02T04:42:56+00:00
bogorodica-evzoni,2026-08-02T07:54,10,10 min,anonymous_,2026-08-02T06:14:34+00:00
bogorodica-evzoni,2026-08-02T08:25,50,50 min,anonymous,2026-08-02T06:29:41+00:00
bogorodica-evzoni,2026-08-02T09:23,45,45 min,anonymous_,2026-08-02T07:40:02+00:00
bogorodica-evzoni,2026-08-02T10:28,40,40 min,anonymous_,2026-08-02T08:40:30+00:00
bogorodica-evzoni,2026-08-02T11:10,40,40 min,anonymous,2026-08-02T09:10:45+00:00
bogorodica-evzoni,2026-08-02T11:12,40,40 min,anonymous,2026-08-02T09:25:53+00:00
bogorodica-evzoni,2026-08-02T12:36,50,50 min,anonymous,2026-08-02T10:36:21+00:00
bogorodica-evzoni,2026-08-02T12:27,35,35 min,anonymous_,2026-08-02T10:36:21+00:00
bogorodica-evzoni,2026-08-02T13:16,25,25 min,anonymous,2026-08-02T11:20:32+00:00
bogorodica-evzoni,2026-08-02T14:27,20,20 min,anonymous_,2026-08-02T12:43:15+00:00
bogorodica-evzoni,2026-08-02T15:25,15,15 min,anonymous_,2026-08-02T13:43:40+00:00
bogorodica-evzoni,2026-08-02T16:27,10,10 min,anonymous_,2026-08-02T14:33:30+00:00
bogorodica-evzoni,2026-08-02T17:24,5,5 min,anonymous_,2026-08-02T15:44:13+00:00
bogorodica-evzoni,2026-08-02T18:16,5,5 min,anonymous,2026-08-02T16:26:00+00:00
bogorodica-evzoni,2026-08-02T19:23,15,15 min,anonymous_,2026-08-02T17:38:57+00:00
bogorodica-evzoni,2026-08-02T20:23,10,10 min,anonymous_,2026-08-02T18:39:25+00:00
bogorodica-evzoni,2026-08-02T21:25,5,5 min,anonymous_,2026-08-02T19:30:51+00:00
bogorodica-evzoni,2026-08-02T22:28,15,15 min,anonymous_,2026-08-02T20:31:20+00:00
bogorodica-evzoni,2026-08-02T23:28,10,10 min,anonymous_,2026-08-02T21:37:22+00:00
bogorodica-evzoni,2026-08-03T00:29,5,5 min,anonymous_,2026-08-02T22:38:42+00:00
bogorodica-evzoni,2026-08-03T01:24,5,5 min,anonymous,2026-08-02T23:31:10+00:00
bogorodica-evzoni,2026-08-03T02:28,10,10 min,anonymous_,2026-08-03T00:31:35+00:00
bogorodica-evzoni,2026-08-03T03:25,5,5 min,anonymous_,2026-08-03T01:44:48+00:00
bogorodica-evzoni,2026-08-03T04:27,10,10 min,anonymous_,2026-08-03T02:30:04+00:00
bogorodica-evzoni,2026-08-03T04:42,90,1.5 h,anonymous,2026-08-03T02:45:22+00:00
bogorodica-evzoni,2026-08-03T05:28,120,2 h,anonymous,2026-08-03T03:30:37+00:00
bogorodica-evzoni,2026-08-03T05:51,180,3 h,anonymous,2026-08-03T04:00:48+00:00
bogorodica-evzoni,2026-08-03T06:58,150,2.5 h,anonymous,2026-08-03T05:10:27+00:00
bogorodica-evzoni,2026-08-03T06:57,35,35 min,anonymous,2026-08-03T05:10:27+00:00
bogorodica-evzoni,2026-08-03T07:53,120,2 h,anonymous_,2026-08-03T06:10:54+00:00
bogorodica-evzoni,2026-08-03T08:24,60,60 min,anonymous,2026-08-03T06:26:02+00:00
bogorodica-evzoni,2026-08-03T08:20,5,5 min,anonymous,2026-08-03T06:26:02+00:00
bogorodica-evzoni,2026-08-03T08:19,180,3 h,anonymous,2026-08-03T06:26:02+00:00
bogorodica-evzoni,2026-08-03T08:13,10,10 min,anonymous,2026-08-03T06:26:02+00:00
bogorodica-evzoni,2026-08-03T08:47,10,10 min,anonymous,2026-08-03T06:56:17+00:00
bogorodica-evzoni,2026-08-03T08:42,180,3 h,anonymous,2026-08-03T06:56:17+00:00
bogorodica-evzoni,2026-08-03T09:06,420,7 h,anonymous,2026-08-03T07:11:26+00:00
bogorodica-evzoni,2026-08-03T09:03,300,5 h,anonymous,2026-08-03T07:11:26+00:00
bogorodica-evzoni,2026-08-03T09:02,240,4 h,anonymous,2026-08-03T07:11:26+00:00
bogorodica-evzoni,2026-08-03T09:14,240,4 h,anonymous,2026-08-03T07:26:39+00:00
bogorodica-evzoni,2026-08-03T09:11,35,35 min,anonymous,2026-08-03T07:26:39+00:00
bogorodica-evzoni,2026-08-03T09:11,10,10 min,anonymous,2026-08-03T07:26:39+00:00
bogorodica-evzoni,2026-08-03T09:11,210,3.5 h,anonymous,2026-08-03T07:26:39+00:00
bogorodica-evzoni,2026-08-03T09:35,10,10 min,anonymous,2026-08-03T07:41:56+00:00
bogorodica-evzoni,2026-08-03T09:47,10,10 min,anonymous,2026-08-03T07:57:11+00:00
bogorodica-evzoni,2026-08-03T10:11,10,10 min,anonymous,2026-08-03T08:12:33+00:00
bogorodica-evzoni,2026-08-03T10:04,180,3 h,anonymous,2026-08-03T08:12:33+00:00
bogorodica-evzoni,2026-08-03T10:30,180,3 h,anonymous,2026-08-03T08:30:46+00:00
bogorodica-evzoni,2026-08-03T10:28,10,10 min,anonymous,2026-08-03T08:30:46+00:00
bogorodica-evzoni,2026-08-03T10:21,240,4 h,anonymous,2026-08-03T08:30:46+00:00
bogorodica-evzoni,2026-08-03T10:56,60,60 min,anonymous,2026-08-03T09:01:08+00:00
bogorodica-evzoni,2026-08-03T10:51,10,10 min,anonymous,2026-08-03T09:01:08+00:00
bogorodica-evzoni,2026-08-03T11:06,10,10 min,anonymous,2026-08-03T09:16:15+00:00
bogorodica-evzoni,2026-08-03T11:42,10,10 min,anonymous,2026-08-03T09:46:30+00:00
bogorodica-evzoni,2026-08-03T11:37,240,4 h,anonymous,2026-08-03T09:46:30+00:00
bogorodica-evzoni,2026-08-03T11:32,10,10 min,anonymous,2026-08-03T09:46:30+00:00
bogorodica-evzoni,2026-08-03T11:51,150,2.5 h,anonymous,2026-08-03T10:01:37+00:00
bogorodica-evzoni,2026-08-03T11:51,60,60 min,anonymous,2026-08-03T10:01:37+00:00
bogorodica-evzoni,2026-08-03T12:13,60,60 min,anonymous,2026-08-03T10:16:44+00:00
bogorodica-evzoni,2026-08-03T12:11,270,4.5 h,anonymous,2026-08-03T10:16:44+00:00
bogorodica-evzoni,2026-08-03T12:30,10,10 min,anonymous,2026-08-03T10:31:52+00:00
bogorodica-evzoni,2026-08-03T12:28,60,60 min,anonymous,2026-08-03T10:31:52+00:00
bogorodica-evzoni,2026-08-03T12:19,5,5 min,anonymous,2026-08-03T10:31:52+00:00
bogorodica-evzoni,2026-08-03T12:42,10,10 min,anonymous,2026-08-03T10:46:59+00:00
bogorodica-evzoni,2026-08-03T12:55,240,4 h,anonymous,2026-08-03T11:02:06+00:00
bogorodica-evzoni,2026-08-03T13:08,15,15 min,anonymous,2026-08-03T11:17:13+00:00
bogorodica-evzoni,2026-08-03T13:08,60,60 min,anonymous,2026-08-03T11:17:13+00:00
bogorodica-evzoni,2026-08-03T13:02,300,5 h,anonymous,2026-08-03T11:17:13+00:00
bogorodica-evzoni,2026-08-03T13:32,15,15 min,anonymous,2026-08-03T11:32:21+00:00
bogorodica-evzoni,2026-08-03T13:47,210,3.5 h,anonymous,2026-08-03T11:47:29+00:00
bogorodica-evzoni,2026-08-03T13:52,15,15 min,anonymous,2026-08-03T12:05:09+00:00
bogorodica-evzoni,2026-08-03T14:20,15,15 min,anonymous,2026-08-03T12:20:16+00:00
bogorodica-evzoni,2026-08-03T14:29,240,4 h,anonymous,2026-08-03T12:35:57+00:00
bogorodica-evzoni,2026-08-03T14:45,120,2 h,anonymous,2026-08-03T12:51:04+00:00
bogorodica-evzoni,2026-08-03T14:45,300,5 h,anonymous,2026-08-03T12:51:04+00:00
bogorodica-evzoni,2026-08-03T14:39,480,8 h,anonymous,2026-08-03T12:51:04+00:00
bogorodica-evzoni,2026-08-03T15:04,180,3 h,anonymous,2026-08-03T13:06:11+00:00
bogorodica-evzoni,2026-08-03T15:01,210,3.5 h,anonymous,2026-08-03T13:06:11+00:00
bogorodica-evzoni,2026-08-03T15:00,210,3.5 h,anonymous,2026-08-03T13:06:11+00:00
bogorodica-evzoni,2026-08-03T15:14,5,5 min,anonymous,2026-08-03T13:21:32+00:00
bogorodica-evzoni,2026-08-03T15:10,120,2 h,anonymous,2026-08-03T13:21:32+00:00
bogorodica-evzoni,2026-08-03T15:29,120,2 h,anonymous,2026-08-03T13:36:39+00:00
bogorodica-evzoni,2026-08-03T15:27,150,2.5 h,anonymous,2026-08-03T13:36:39+00:00
bogorodica-evzoni,2026-08-03T15:27,210,3.5 h,anonymous,2026-08-03T13:36:39+00:00
bogorodica-evzoni,2026-08-03T15:27,180,3 h,anonymous,2026-08-03T13:36:39+00:00
bogorodica-evzoni,2026-08-03T15:26,150,2.5 h,anonymous,2026-08-03T13:36:39+00:00
bogorodica-evzoni,2026-08-03T15:24,10,10 min,anonymous,2026-08-03T13:36:39+00:00
bogorodica-evzoni,2026-08-03T15:42,5,5 min,anonymous,2026-08-03T13:51:46+00:00
bogorodica-evzoni,2026-08-03T16:02,5,5 min,anonymous,2026-08-03T14:07:06+00:00
bogorodica-evzoni,2026-08-03T16:37,5,5 min,anonymous,2026-08-03T14:52:25+00:00
bogorodica-evzoni,2026-08-03T17:14,5,5 min,anonymous,2026-08-03T15:22:38+00:00
bogorodica-evzoni,2026-08-03T17:29,90,1.5 h,anonymous,2026-08-03T15:37:44+00:00
bogorodica-evzoni,2026-08-03T17:29,240,4 h,anonymous,2026-08-03T15:37:44+00:00
bogorodica-evzoni,2026-08-03T17:27,120,2 h,anonymous,2026-08-03T15:37:44+00:00
bogorodica-evzoni,2026-08-03T18:29,60,60 min,anonymous_,2026-08-03T16:39:17+00:00
bogorodica-evzoni,2026-08-03T19:34,240,4 h,anonymous,2026-08-03T17:39:49+00:00
bogorodica-evzoni,2026-08-03T19:25,55,55 min,anonymous_,2026-08-03T17:39:49+00:00
bogorodica-evzoni,2026-08-03T19:57,10,10 min,anonymous,2026-08-03T18:10:03+00:00
bogorodica-evzoni,2026-08-03T20:56,5,5 min,anonymous_,2026-08-03T19:14:47+00:00
bogorodica-evzoni,2026-08-03T21:18,5,5 min,anonymous,2026-08-03T19:29:53+00:00
bogorodica-evzoni,2026-08-03T22:23,15,15 min,anonymous_,2026-08-03T20:31:36+00:00
bogorodica-evzoni,2026-08-03T23:23,10,10 min,anonymous_,2026-08-03T21:32:01+00:00
bogorodica-evzoni,2026-08-04T00:24,5,5 min,anonymous,2026-08-03T22:34:46+00:00
bogorodica-evzoni,2026-08-04T01:10,5,5 min,anonymous,2026-08-03T23:22:38+00:00
bogorodica-evzoni,2026-08-04T02:24,10,10 min,anonymous_,2026-08-04T00:31:36+00:00
bogorodica-evzoni,2026-08-04T02:50,5,5 min,anonymous,2026-08-04T01:01:48+00:00
bogorodica-evzoni,2026-08-04T03:56,15,15 min,anonymous_,2026-08-04T02:10:57+00:00
bogorodica-evzoni,2026-08-04T04:59,10,10 min,anonymous_,2026-08-04T03:11:21+00:00
bogorodica-evzoni,2026-08-04T05:15,90,1.5 h,anonymous,2026-08-04T03:26:28+00:00
bogorodica-evzoni,2026-08-04T06:25,60,60 min,anonymous_,2026-08-04T04:34:14+00:00
bogorodica-evzoni,2026-08-04T07:25,55,55 min,anonymous_,2026-08-04T05:34:39+00:00
bogorodica-evzoni,2026-08-04T07:54,90,1.5 h,anonymous,2026-08-04T06:04:51+00:00
bogorodica-evzoni,2026-08-04T08:34,10,10 min,anonymous,2026-08-04T06:35:03+00:00
bogorodica-evzoni,2026-08-04T08:48,10,10 min,anonymous,2026-08-04T06:50:14+00:00
bogorodica-evzoni,2026-08-04T09:11,10,10 min,anonymous,2026-08-04T07:20:03+00:00
bogorodica-evzoni,2026-08-04T09:31,10,10 min,anonymous,2026-08-04T07:35:10+00:00
bogorodica-evzoni,2026-08-04T10:03,10,10 min,anonymous,2026-08-04T08:05:24+00:00
bogorodica-evzoni,2026-08-04T10:27,15,15 min,anonymous,2026-08-04T08:35:40+00:00
bogorodica-evzoni,2026-08-04T10:37,120,2 h,anonymous,2026-08-04T08:50:47+00:00
bogorodica-evzoni,2026-08-04T11:55,90,1.5 h,anonymous_,2026-08-04T10:05:24+00:00
bogorodica-evzoni,2026-08-04T12:20,270,4.5 h,anonymous,2026-08-04T10:20:31+00:00
bogorodica-evzoni,2026-08-04T13:12,30,30 min,anonymous,2026-08-04T11:21:10+00:00
bogorodica-evzoni,2026-08-04T14:04,5,5 min,anonymous,2026-08-04T12:06:32+00:00
bogorodica-evzoni,2026-08-04T14:07,5,5 min,anonymous,2026-08-04T12:16:12+00:00
bogorodica-evzoni,2026-08-04T15:03,210,3.5 h,anonymous,2026-08-04T13:16:39+00:00
bogorodica-evzoni,2026-08-04T16:27,180,3 h,anonymous_,2026-08-04T14:32:14+00:00
bogorodica-evzoni,2026-08-04T16:35,20,20 min,anonymous,2026-08-04T14:45:19+00:00
bogorodica-evzoni,2026-08-04T17:15,5,5 min,anonymous,2026-08-04T15:15:39+00:00
bogorodica-evzoni,2026-08-04T18:27,10,10 min,anonymous_,2026-08-04T16:31:16+00:00
bogorodica-evzoni,2026-08-04T18:54,240,4 h,anonymous,2026-08-04T16:58:54+00:00
bogorodica-evzoni,2026-08-04T19:03,270,4.5 h,anonymous,2026-08-04T17:14:02+00:00
bogorodica-evzoni,2026-08-04T19:26,5,5 min,anonymous,2026-08-04T17:29:09+00:00
bogorodica-evzoni,2026-08-04T19:23,35,35 min,anonymous,2026-08-04T17:29:09+00:00
bogorodica-evzoni,2026-08-04T20:27,10,10 min,anonymous_,2026-08-04T18:34:57+00:00
bogorodica-evzoni,2026-08-04T21:26,5,5 min,anonymous_,2026-08-04T19:35:25+00:00
bogorodica-evzoni,2026-08-04T22:29,10,10 min,anonymous_,2026-08-04T20:34:21+00:00
bogorodica-evzoni,2026-08-04T23:29,5,5 min,anonymous,2026-08-04T21:38:50+00:00
bogorodica-evzoni,2026-08-05T00:25,15,15 min,anonymous_,2026-08-04T22:39:11+00:00
bogorodica-evzoni,2026-08-05T01:23,10,10 min,anonymous_,2026-08-04T23:40:13+00:00
bogorodica-evzoni,2026-08-05T02:29,5,5 min,anonymous_,2026-08-05T00:32:29+00:00
bogorodica-evzoni,2026-08-05T03:25,15,15 min,anonymous_,2026-08-05T01:40:08+00:00
bogorodica-evzoni,2026-08-05T04:28,10,10 min,anonymous_,2026-08-05T02:40:29+00:00
bogorodica-evzoni,2026-08-05T05:15,50,50 min,anonymous,2026-08-05T03:25:46+00:00
bogorodica-evzoni,2026-08-05T06:26,45,45 min,anonymous_,2026-08-05T04:32:23+00:00
bogorodica-evzoni,2026-08-05T07:29,40,40 min,anonymous_,2026-08-05T05:32:50+00:00
bogorodica-evzoni,2026-08-05T07:35,40,40 min,anonymous,2026-08-05T05:47:57+00:00
bogorodica-evzoni,2026-08-05T08:17,50,50 min,anonymous,2026-08-05T06:18:11+00:00
bogorodica-evzoni,2026-08-05T08:04,270,4.5 h,anonymous,2026-08-05T06:18:11+00:00
bogorodica-evzoni,2026-08-05T08:38,270,4.5 h,anonymous,2026-08-05T06:48:24+00:00
bogorodica-evzoni,2026-08-05T08:59,270,4.5 h,anonymous,2026-08-05T07:03:31+00:00
bogorodica-evzoni,2026-08-05T09:39,270,4.5 h,anonymous,2026-08-05T07:50:37+00:00
bogorodica-evzoni,2026-08-05T10:04,270,4.5 h,anonymous,2026-08-05T08:05:43+00:00
bogorodica-evzoni,2026-08-05T10:23,300,5 h,anonymous,2026-08-05T08:35:55+00:00
bogorodica-evzoni,2026-08-05T10:42,270,4.5 h,anonymous,2026-08-05T08:51:01+00:00
bogorodica-evzoni,2026-08-05T11:18,270,4.5 h,anonymous,2026-08-05T09:21:13+00:00
bogorodica-evzoni,2026-08-05T11:35,270,4.5 h,anonymous,2026-08-05T09:36:19+00:00
bogorodica-evzoni,2026-08-05T11:52,180,3 h,anonymous,2026-08-05T10:03:02+00:00
bogorodica-evzoni,2026-08-05T12:19,270,4.5 h,anonymous,2026-08-05T10:33:17+00:00
bogorodica-evzoni,2026-08-05T13:31,270,4.5 h,anonymous,2026-08-05T11:33:43+00:00
bogorodica-evzoni,2026-08-05T13:25,240,4 h,anonymous_,2026-08-05T11:33:43+00:00
bogorodica-evzoni,2026-08-05T14:00,270,4.5 h,anonymous,2026-08-05T12:03:57+00:00
bogorodica-evzoni,2026-08-05T14:11,270,4.5 h,anonymous,2026-08-05T12:24:28+00:00
bogorodica-evzoni,2026-08-05T15:25,240,4 h,anonymous_,2026-08-05T13:39:58+00:00
bogorodica-evzoni,2026-08-05T16:27,210,3.5 h,anonymous_,2026-08-05T14:40:07+00:00
bogorodica-evzoni,2026-08-05T17:27,180,3 h,anonymous_,2026-08-05T15:40:39+00:00
bogorodica-evzoni,2026-08-05T18:11,270,4.5 h,anonymous,2026-08-05T16:24:02+00:00
bogorodica-evzoni,2026-08-05T19:02,50,50 min,anonymous,2026-08-05T17:09:22+00:00
bogorodica-evzoni,2026-08-05T18:59,270,4.5 h,anonymous,2026-08-05T17:09:22+00:00
bogorodica-evzoni,2026-08-05T20:29,45,45 min,anonymous_,2026-08-05T18:39:07+00:00
bogorodica-evzoni,2026-08-05T20:51,5,5 min,anonymous,2026-08-05T18:54:15+00:00
bogorodica-evzoni,2026-08-05T20:51,5,5 min,anonymous,2026-08-05T19:14:52+00:00
bogorodica-evzoni,2026-08-05T21:18,10,10 min,anonymous,2026-08-05T19:24:30+00:00
bogorodica-evzoni,2026-08-05T22:25,5,5 min,anonymous_,2026-08-05T20:30:05+00:00
bogorodica-evzoni,2026-08-05T23:24,10,10 min,anonymous_,2026-08-05T21:37:05+00:00
bogorodica-evzoni,2026-08-06T00:27,5,5 min,anonymous_,2026-08-05T22:33:09+00:00
bogorodica-evzoni,2026-08-06T01:27,10,10 min,anonymous_,2026-08-05T23:33:24+00:00
bogorodica-evzoni,2026-08-06T02:24,5,5 min,anonymous_,2026-08-06T00:34:14+00:00
bogorodica-evzoni,2026-08-06T02:43,10,10 min,anonymous,2026-08-06T00:49:25+00:00
bogorodica-evzoni,2026-08-06T03:59,5,5 min,anonymous_,2026-08-06T02:01:02+00:00
bogorodica-evzoni,2026-08-06T04:53,15,15 min,anonymous_,2026-08-06T03:01:48+00:00
bogorodica-evzoni,2026-08-06T05:56,10,10 min,anonymous_,2026-08-06T04:02:37+00:00
bogorodica-evzoni,2026-08-06T06:31,10,10 min,anonymous,2026-08-06T04:39:15+00:00
bogorodica-evzoni,2026-08-06T06:48,15,15 min,anonymous,2026-08-06T04:54:31+00:00
bogorodica-evzoni,2026-08-06T07:57,10,10 min,anonymous_,2026-08-06T06:10:45+00:00
bogorodica-evzoni,2026-08-06T08:31,60,60 min,anonymous,2026-08-06T06:41:09+00:00
bogorodica-evzoni,2026-08-06T08:47,15,15 min,anonymous,2026-08-06T06:56:21+00:00
bogorodica-evzoni,2026-08-06T09:10,15,15 min,anonymous,2026-08-06T07:11:33+00:00
bogorodica-evzoni,2026-08-06T10:23,10,10 min,anonymous_,2026-08-06T08:37:30+00:00
bogorodica-evzoni,2026-08-06T11:29,240,4 h,anonymous,2026-08-06T09:38:14+00:00
bogorodica-evzoni,2026-08-06T11:46,20,20 min,anonymous,2026-08-06T09:53:25+00:00
bogorodica-evzoni,2026-08-06T11:44,240,4 h,anonymous,2026-08-06T09:53:25+00:00
bogorodica-evzoni,2026-08-06T12:03,240,4 h,anonymous,2026-08-06T10:05:24+00:00
bogorodica-evzoni,2026-08-06T12:48,10,10 min,anonymous,2026-08-06T10:50:55+00:00
bogorodica-evzoni,2026-08-06T13:11,10,10 min,anonymous,2026-08-06T11:21:16+00:00
bogorodica-evzoni,2026-08-06T14:07,10,10 min,anonymous,2026-08-06T12:15:28+00:00
bogorodica-evzoni,2026-08-06T14:30,10,10 min,anonymous,2026-08-06T12:30:40+00:00
bogorodica-evzoni,2026-08-06T15:05,240,4 h,anonymous,2026-08-06T13:16:34+00:00
bogorodica-evzoni,2026-08-06T15:21,15,15 min,anonymous,2026-08-06T13:31:45+00:00
bogorodica-evzoni,2026-08-06T15:36,240,4 h,anonymous,2026-08-06T13:46:56+00:00
bogorodica-evzoni,2026-08-06T16:28,15,15 min,anonymous,2026-08-06T14:32:33+00:00
bogorodica-evzoni,2026-08-06T17:29,10,10 min,anonymous_,2026-08-06T15:41:06+00:00
bogorodica-evzoni,2026-08-06T18:00,5,5 min,anonymous,2026-08-06T16:11:28+00:00
bogorodica-evzoni,2026-08-07T01:19,10,10 min,anonymous,2026-08-07T00:19:19+00:00
bogorodica-evzoni,2026-08-07T00:26,180,3 h,anonymous_,2026-08-07T00:19:19+00:00
bogorodica-evzoni,2026-08-06T23:25,210,3.5 h,anonymous_,2026-08-07T00:19:19+00:00
bogorodica-evzoni,2026-08-06T22:17,240,4 h,anonymous,2026-08-07T00:19:19+00:00
bogorodica-evzoni,2026-08-06T21:34,240,4 h,anonymous,2026-08-07T00:19:19+00:00
bogorodica-evzoni,2026-08-06T21:29,10,10 min,anonymous,2026-08-07T00:19:19+00:00
bogorodica-evzoni,2026-08-06T21:16,240,4 h,anonymous,2026-08-07T00:19:19+00:00
bogorodica-evzoni,2026-08-06T20:18,5,5 min,anonymous,2026-08-07T00:19:19+00:00
bogorodica-evzoni,2026-08-07T02:27,5,5 min,anonymous_,2026-08-07T00:34:32+00:00
bogorodica-evzoni,2026-08-07T03:26,15,15 min,anonymous_,2026-08-07T01:35:19+00:00
bogorodica-evzoni,2026-08-07T04:23,10,10 min,anonymous_,2026-08-07T03:21:36+00:00
bogorodica-evzoni,2026-08-07T05:27,30,30 min,anonymous,2026-08-07T03:36:48+00:00
bogorodica-evzoni,2026-08-07T06:23,25,25 min,anonymous_,2026-08-07T04:37:35+00:00
bogorodica-evzoni,2026-08-07T07:29,20,20 min,anonymous_,2026-08-07T05:41:02+00:00
bogorodica-evzoni,2026-08-07T07:51,240,4 h,anonymous,2026-08-07T05:56:14+00:00
bogorodica-evzoni,2026-08-07T08:21,5,5 min,anonymous,2026-08-07T06:26:38+00:00
bogorodica-evzoni,2026-08-07T08:15,240,4 h,anonymous,2026-08-07T06:26:38+00:00
bogorodica-evzoni,2026-08-07T08:39,240,4 h,anonymous,2026-08-07T06:52:20+00:00
bogorodica-evzoni,2026-08-07T09:05,5,5 min,anonymous,2026-08-07T07:07:32+00:00
bogorodica-evzoni,2026-08-07T08:52,240,4 h,anonymous,2026-08-07T07:07:32+00:00
bogorodica-evzoni,2026-08-07T09:32,5,5 min,anonymous,2026-08-07T07:37:59+00:00
bogorodica-evzoni,2026-08-07T09:30,240,4 h,anonymous,2026-08-07T07:37:59+00:00
bogorodica-evzoni,2026-08-07T10:07,240,4 h,anonymous,2026-08-07T08:12:43+00:00
bogorodica-evzoni,2026-08-07T10:25,5,5 min,anonymous,2026-08-07T08:27:58+00:00
bogorodica-evzoni,2026-08-07T10:45,240,4 h,anonymous,2026-08-07T08:58:18+00:00
bogorodica-evzoni,2026-08-07T11:11,480,8 h,anonymous,2026-08-07T09:12:14+00:00
bogorodica-evzoni,2026-08-07T11:09,240,4 h,anonymous,2026-08-07T09:12:14+00:00
bogorodica-evzoni,2026-08-07T11:48,240,4 h,anonymous,2026-08-07T09:57:49+00:00
bogorodica-evzoni,2026-08-07T11:46,240,4 h,anonymous,2026-08-07T09:57:49+00:00
bogorodica-evzoni,2026-08-07T11:59,240,4 h,anonymous,2026-08-07T10:13:09+00:00
bogorodica-evzoni,2026-08-07T12:30,240,4 h,anonymous,2026-08-07T10:30:38+00:00
bogorodica-evzoni,2026-08-07T12:20,25,25 min,anonymous,2026-08-07T10:30:38+00:00
bogorodica-evzoni,2026-08-07T12:59,20,20 min,anonymous,2026-08-07T11:02:08+00:00
bogorodica-evzoni,2026-08-07T12:55,240,4 h,anonymous,2026-08-07T11:02:08+00:00
bogorodica-evzoni,2026-08-07T13:41,240,4 h,anonymous,2026-08-07T11:42:35+00:00
bogorodica-evzoni,2026-08-07T13:55,5,5 min,anonymous,2026-08-07T11:58:05+00:00
bogorodica-evzoni,2026-08-07T14:40,240,4 h,anonymous,2026-08-07T12:48:03+00:00
bogorodica-evzoni,2026-08-07T15:17,420,7 h,anonymous,2026-08-07T13:18:26+00:00
bogorodica-evzoni,2026-08-07T15:13,240,4 h,anonymous,2026-08-07T13:18:26+00:00
bogorodica-evzoni,2026-08-07T15:44,240,4 h,anonymous,2026-08-07T13:47:16+00:00
bogorodica-evzoni,2026-08-07T16:26,10,10 min,anonymous,2026-08-07T14:32:53+00:00
bogorodica-evzoni,2026-08-07T16:25,240,4 h,anonymous,2026-08-07T14:32:53+00:00
bogorodica-evzoni,2026-08-07T17:02,240,4 h,anonymous,2026-08-07T15:05:41+00:00
bogorodica-evzoni,2026-08-07T17:17,240,4 h,anonymous,2026-08-07T15:20:52+00:00
bogorodica-evzoni,2026-08-07T18:25,210,3.5 h,anonymous_,2026-08-07T16:43:26+00:00
bogorodica-evzoni,2026-08-07T19:12,240,4 h,anonymous,2026-08-07T17:13:48+00:00
bogorodica-evzoni,2026-08-07T20:06,240,4 h,anonymous,2026-08-07T18:14:16+00:00
bogorodica-evzoni,2026-08-07T21:12,390,6.5 h,anonymous,2026-08-07T19:12:22+00:00
bogorodica-evzoni,2026-08-07T22:29,240,4 h,anonymous,2026-08-07T20:34:55+00:00
bogorodica-evzoni,2026-08-07T23:09,20,20 min,anonymous,2026-08-07T21:20:05+00:00
bogorodica-evzoni,2026-08-07T23:23,20,20 min,anonymous,2026-08-07T21:35:17+00:00
bogorodica-evzoni,2026-08-08T00:26,15,15 min,anonymous_,2026-08-07T22:41:14+00:00
bogorodica-evzoni,2026-08-08T00:50,60,60 min,anonymous,2026-08-07T22:56:25+00:00
bogorodica-evzoni,2026-08-08T01:30,35,35 min,anonymous,2026-08-07T23:39:33+00:00
bogorodica-evzoni,2026-08-08T01:49,15,15 min,anonymous,2026-08-07T23:51:50+00:00
bogorodica-evzoni,2026-08-08T02:54,10,10 min,anonymous_,2026-08-08T01:12:25+00:00
bogorodica-evzoni,2026-08-08T04:01,30,30 min,anonymous,2026-08-08T02:13:04+00:00
bogorodica-evzoni,2026-08-08T03:55,5,5 min,anonymous_,2026-08-08T02:13:04+00:00
bogorodica-evzoni,2026-08-08T04:32,240,4 h,anonymous,2026-08-08T02:43:24+00:00
bogorodica-evzoni,2026-08-08T04:52,30,30 min,anonymous,2026-08-08T02:58:41+00:00
bogorodica-evzoni,2026-08-08T05:58,25,25 min,anonymous_,2026-08-08T04:14:32+00:00
bogorodica-evzoni,2026-08-08T06:31,180,3 h,anonymous,2026-08-08T04:32:40+00:00
bogorodica-evzoni,2026-08-08T07:12,90,1.5 h,anonymous,2026-08-08T05:27:32+00:00
bogorodica-evzoni,2026-08-08T07:49,120,2 h,anonymous,2026-08-08T05:57:57+00:00
bogorodica-evzoni,2026-08-08T07:46,25,25 min,anonymous,2026-08-08T05:57:57+00:00
bogorodica-evzoni,2026-08-08T08:10,150,2.5 h,anonymous,2026-08-08T06:15:57+00:00
bogorodica-evzoni,2026-08-08T08:35,120,2 h,anonymous,2026-08-08T06:46:20+00:00
bogorodica-evzoni,2026-08-08T09:40,90,1.5 h,anonymous,2026-08-08T07:54:20+00:00
bogorodica-evzoni,2026-08-08T10:55,60,60 min,anonymous_,2026-08-08T09:10:40+00:00
bogorodica-evzoni,2026-08-08T11:54,55,55 min,anonymous_,2026-08-08T10:05:07+00:00
bogorodica-evzoni,2026-08-08T12:27,60,60 min,anonymous,2026-08-08T10:32:46+00:00
bogorodica-evzoni,2026-08-08T12:46,20,20 min,anonymous,2026-08-08T10:47:59+00:00
bogorodica-evzoni,2026-08-08T13:35,15,15 min,anonymous,2026-08-08T11:37:55+00:00
bogorodica-evzoni,2026-08-08T14:13,240,4 h,anonymous,2026-08-08T12:17:00+00:00
bogorodica-evzoni,2026-08-08T14:27,240,4 h,anonymous,2026-08-08T12:32:13+00:00
bogorodica-evzoni,2026-08-08T14:35,20,20 min,anonymous,2026-08-08T12:47:25+00:00
bogorodica-evzoni,2026-08-08T15:13,240,4 h,anonymous,2026-08-08T13:16:49+00:00
bogorodica-evzoni,2026-08-08T16:25,210,3.5 h,anonymous_,2026-08-08T14:31:56+00:00
bogorodica-evzoni,2026-08-08T16:38,10,10 min,anonymous,2026-08-08T14:44:05+00:00
bogorodica-evzoni,2026-08-08T17:32,10,10 min,anonymous,2026-08-08T15:44:30+00:00
bogorodica-evzoni,2026-08-08T18:58,5,5 min,anonymous_,2026-08-08T17:13:00+00:00
bogorodica-evzoni,2026-08-08T19:57,15,15 min,anonymous_,2026-08-08T18:11:23+00:00
bogorodica-evzoni,2026-08-08T20:54,10,10 min,anonymous_,2026-08-08T19:01:10+00:00
bogorodica-evzoni,2026-08-08T21:53,5,5 min,anonymous_,2026-08-08T20:10:02+00:00
bogorodica-evzoni,2026-08-08T22:59,15,15 min,anonymous_,2026-08-08T21:08:22+00:00
bogorodica-evzoni,2026-08-08T23:08,5,5 min,anonymous,2026-08-08T21:23:32+00:00
bogorodica-evzoni,2026-08-09T00:25,10,10 min,anonymous_,2026-08-08T22:42:35+00:00
bogorodica-evzoni,2026-08-09T01:28,5,5 min,anonymous_,2026-08-08T23:33:45+00:00
bogorodica-evzoni,2026-08-09T02:28,10,10 min,anonymous_,2026-08-09T00:35:14+00:00
bogorodica-evzoni,2026-08-09T03:24,5,5 min,anonymous_,2026-08-09T01:39:09+00:00
bogorodica-evzoni,2026-08-09T04:23,15,15 min,anonymous_,2026-08-09T02:39:57+00:00
bogorodica-evzoni,2026-08-09T05:25,35,35 min,anonymous,2026-08-09T03:39:02+00:00
bogorodica-evzoni,2026-08-09T06:24,40,40 min,anonymous,2026-08-09T04:32:47+00:00
bogorodica-evzoni,2026-08-09T06:50,60,60 min,anonymous,2026-08-09T05:03:09+00:00
bogorodica-evzoni,2026-08-09T07:39,90,1.5 h,anonymous,2026-08-09T05:46:39+00:00
bogorodica-evzoni,2026-08-09T07:36,60,60 min,anonymous,2026-08-09T05:46:39+00:00
bogorodica-evzoni,2026-08-09T08:57,30,30 min,anonymous,2026-08-09T07:10:32+00:00
bogorodica-evzoni,2026-08-09T09:31,30,30 min,anonymous,2026-08-09T07:37:49+00:00
bogorodica-evzoni,2026-08-09T09:41,60,60 min,anonymous,2026-08-09T07:53:00+00:00
bogorodica-evzoni,2026-08-09T10:58,55,55 min,anonymous_,2026-08-09T09:10:53+00:00
bogorodica-evzoni,2026-08-09T11:24,60,60 min,anonymous,2026-08-09T09:35:55+00:00
bogorodica-evzoni,2026-08-09T12:26,55,55 min,anonymous_,2026-08-09T10:32:09+00:00
bogorodica-evzoni,2026-08-09T13:28,50,50 min,anonymous_,2026-08-09T11:30:45+00:00
bogorodica-evzoni,2026-08-09T14:24,45,45 min,anonymous_,2026-08-09T12:37:05+00:00
bogorodica-evzoni,2026-08-09T15:05,45,45 min,anonymous,2026-08-09T13:07:31+00:00
bogorodica-evzoni,2026-08-09T16:24,40,40 min,anonymous_,2026-08-09T14:32:04+00:00
bogorodica-evzoni,2026-08-09T17:36,15,15 min,anonymous,2026-08-09T15:41:46+00:00
bogorodica-evzoni,2026-08-09T17:23,35,35 min,anonymous_,2026-08-09T15:41:46+00:00
bogorodica-evzoni,2026-08-09T18:53,10,10 min,anonymous_,2026-08-09T17:00:15+00:00
bogorodica-evzoni,2026-08-09T19:59,5,5 min,anonymous_,2026-08-09T18:12:15+00:00
bogorodica-evzoni,2026-08-09T20:25,5,5 min,anonymous,2026-08-09T18:33:16+00:00
bogorodica-evzoni,2026-08-09T21:25,15,15 min,anonymous_,2026-08-09T19:37:39+00:00
bogorodica-evzoni,2026-08-09T22:23,10,10 min,anonymous_,2026-08-09T20:44:50+00:00
bogorodica-evzoni,2026-08-09T23:27,5,5 min,anonymous_,2026-08-09T21:42:16+00:00
bogorodica-evzoni,2026-08-10T00:29,10,10 min,anonymous_,2026-08-09T22:44:00+00:00
bogorodica-evzoni,2026-08-10T01:29,5,5 min,anonymous_,2026-08-09T23:39:56+00:00
bogorodica-evzoni,2026-08-10T02:28,15,15 min,anonymous_,2026-08-10T00:38:55+00:00
bogorodica-evzoni,2026-08-10T03:25,10,10 min,anonymous_,2026-08-10T01:39:43+00:00
bogorodica-evzoni,2026-08-10T04:27,50,50 min,anonymous,2026-08-10T02:40:29+00:00
bogorodica-evzoni,2026-08-10T05:14,20,20 min,vercauterenpieter,2026-08-10T03:17:15+00:00
bogorodica-evzoni,2026-08-10T05:48,150,2.5 h,anonymous,2026-08-10T04:02:46+00:00
bogorodica-evzoni,2026-08-10T06:55,150,2.5 h,anonymous,2026-08-10T05:03:40+00:00
bogorodica-evzoni,2026-08-10T07:35,120,2 h,anonymous,2026-08-10T05:49:10+00:00
bogorodica-evzoni,2026-08-10T08:55,15,15 min,anonymous,2026-08-10T07:04:54+00:00
bogorodica-evzoni,2026-08-10T09:46,30,30 min,anonymous,2026-08-10T07:50:26+00:00
bogorodica-evzoni,2026-08-10T10:02,50,50 min,anonymous,2026-08-10T08:15:43+00:00
bogorodica-evzoni,2026-08-10T10:22,15,15 min,anonymous,2026-08-10T08:30:56+00:00
bogorodica-evzoni,2026-08-10T10:47,240,4 h,anonymous,2026-08-10T09:01:29+00:00
bogorodica-evzoni,2026-08-10T11:36,15,15 min,anonymous,2026-08-10T09:43:37+00:00
bogorodica-evzoni,2026-08-10T11:53,15,15 min,anonymous,2026-08-10T09:58:49+00:00
bogorodica-evzoni,2026-08-10T11:51,150,2.5 h,anonymous,2026-08-10T09:58:49+00:00
bogorodica-evzoni,2026-08-10T12:34,240,4 h,anonymous,2026-08-10T10:44:23+00:00
bogorodica-evzoni,2026-08-10T12:33,15,15 min,anonymous,2026-08-10T10:44:23+00:00
bogorodica-evzoni,2026-08-10T13:13,330,5.5 h,anonymous,2026-08-10T11:22:12+00:00
bogorodica-evzoni,2026-08-10T13:53,5,5 min,anonymous,2026-08-10T11:56:33+00:00
bogorodica-evzoni,2026-08-10T13:53,90,1.5 h,anonymous,2026-08-10T11:56:33+00:00
bogorodica-evzoni,2026-08-10T14:01,5,5 min,anonymous,2026-08-10T12:11:51+00:00
bogorodica-evzoni,2026-08-10T14:25,5,5 min,anonymous,2026-08-10T12:27:03+00:00
bogorodica-evzoni,2026-08-10T14:18,120,2 h,anonymous,2026-08-10T12:27:03+00:00
bogorodica-evzoni,2026-08-10T14:37,5,5 min,anonymous,2026-08-10T12:50:08+00:00
bogorodica-evzoni,2026-08-10T14:59,5,5 min,anonymous,2026-08-10T13:05:18+00:00
bogorodica-evzoni,2026-08-10T15:15,120,2 h,anonymous,2026-08-10T13:20:29+00:00
bogorodica-evzoni,2026-08-10T15:08,5,5 min,anonymous,2026-08-10T13:20:29+00:00
bogorodica-evzoni,2026-08-10T16:27,90,1.5 h,anonymous_,2026-08-10T14:33:43+00:00
bogorodica-evzoni,2026-08-10T16:41,5,5 min,anonymous,2026-08-10T14:48:55+00:00
bogorodica-evzoni,2026-08-10T17:04,5,5 min,anonymous,2026-08-10T15:12:18+00:00
bogorodica-evzoni,2026-08-10T17:26,180,3 h,anonymous,2026-08-10T15:27:29+00:00
bogorodica-evzoni,2026-08-10T17:39,5,5 min,anonymous,2026-08-10T15:42:39+00:00
bogorodica-evzoni,2026-08-10T18:59,15,15 min,anonymous_,2026-08-10T17:13:14+00:00
bogorodica-evzoni,2026-08-10T19:27,5,5 min,anonymous,2026-08-10T17:29:04+00:00
bogorodica-evzoni,2026-08-10T19:13,5,5 min,anonymous,2026-08-10T17:29:04+00:00
bogorodica-evzoni,2026-08-10T20:27,10,10 min,anonymous_,2026-08-10T18:37:55+00:00
bogorodica-evzoni,2026-08-10T21:29,5,5 min,anonymous_,2026-08-10T19:40:29+00:00
bogorodica-evzoni,2026-08-10T22:24,10,10 min,anonymous_,2026-08-10T20:33:22+00:00
bogorodica-evzoni,2026-08-10T23:28,5,5 min,anonymous_,2026-08-10T21:36:22+00:00
bogorodica-evzoni,2026-08-11T00:29,10,10 min,anonymous_,2026-08-10T22:40:57+00:00
bogorodica-evzoni,2026-08-11T01:23,5,5 min,anonymous_,2026-08-10T23:41:56+00:00
bogorodica-evzoni,2026-08-11T02:28,15,15 min,anonymous_,2026-08-11T00:34:34+00:00
bogorodica-evzoni,2026-08-11T03:28,10,10 min,anonymous_,2026-08-11T01:35:15+00:00
bogorodica-evzoni,2026-08-11T04:23,5,5 min,anonymous_,2026-08-11T02:38:35+00:00
bogorodica-evzoni,2026-08-11T05:29,15,15 min,anonymous,2026-08-11T03:39:17+00:00
bogorodica-evzoni,2026-08-11T06:26,10,10 min,anonymous_,2026-08-11T04:34:33+00:00
bogorodica-evzoni,2026-08-11T06:48,30,30 min,anonymous,2026-08-11T04:49:45+00:00
bogorodica-evzoni,2026-08-11T07:46,60,60 min,anonymous,2026-08-11T05:49:29+00:00
bogorodica-evzoni,2026-08-11T08:53,240,4 h,anonymous,2026-08-11T06:55:50+00:00
bogorodica-evzoni,2026-08-11T09:06,240,4 h,anonymous,2026-08-11T07:11:01+00:00
bogorodica-evzoni,2026-08-11T09:33,15,15 min,anonymous,2026-08-11T07:41:26+00:00
bogorodica-evzoni,2026-08-11T10:10,15,15 min,anonymous,2026-08-11T08:12:43+00:00
bogorodica-evzoni,2026-08-11T09:59,240,4 h,anonymous,2026-08-11T08:12:43+00:00
bogorodica-evzoni,2026-08-11T10:23,15,15 min,anonymous,2026-08-11T08:27:53+00:00
bogorodica-evzoni,2026-08-11T10:21,240,4 h,anonymous,2026-08-11T08:27:53+00:00
bogorodica-evzoni,2026-08-11T10:48,15,15 min,anonymous,2026-08-11T08:55:02+00:00
bogorodica-evzoni,2026-08-11T10:43,240,4 h,anonymous,2026-08-11T08:55:02+00:00
bogorodica-evzoni,2026-08-11T11:59,10,10 min,anonymous_,2026-08-11T10:00:07+00:00
bogorodica-evzoni,2026-08-11T12:29,5,5 min,anonymous,2026-08-11T10:30:42+00:00
bogorodica-evzoni,2026-08-11T13:10,20,20 min,anonymous,2026-08-11T11:23:13+00:00
bogorodica-evzoni,2026-08-11T14:26,15,15 min,anonymous_,2026-08-11T12:42:10+00:00
bogorodica-evzoni,2026-08-11T15:25,10,10 min,anonymous_,2026-08-11T13:43:01+00:00
bogorodica-evzoni,2026-08-11T16:23,5,5 min,anonymous_,2026-08-11T14:33:04+00:00
bogorodica-evzoni,2026-08-11T17:36,5,5 min,anonymous,2026-08-11T15:42:50+00:00
bogorodica-evzoni,2026-08-11T17:25,10,10 min,anonymous_,2026-08-11T15:42:50+00:00
bogorodica-evzoni,2026-08-11T18:54,15,15 min,anonymous_,2026-08-11T17:14:28+00:00
bogorodica-evzoni,2026-08-11T19:38,5,5 min,anonymous,2026-08-11T17:47:18+00:00
bogorodica-evzoni,2026-08-11T20:34,15,15 min,anonymous,2026-08-11T18:40:56+00:00
bogorodica-evzoni,2026-08-11T21:56,10,10 min,anonymous_,2026-08-11T20:00:42+00:00
bogorodica-evzoni,2026-08-11T22:59,5,5 min,anonymous_,2026-08-11T21:05:49+00:00
bogorodica-evzoni,2026-08-11T23:56,15,15 min,anonymous_,2026-08-11T22:08:48+00:00
bogorodica-evzoni,2026-08-12T00:45,10,10 min,anonymous,2026-08-11T22:54:19+00:00
bogorodica-evzoni,2026-08-12T01:57,5,5 min,anonymous_,2026-08-12T00:03:11+00:00
bogorodica-evzoni,2026-08-12T02:58,15,15 min,anonymous_,2026-08-12T01:04:00+00:00
bogorodica-evzoni,2026-08-12T03:43,10,10 min,anonymous,2026-08-12T01:49:37+00:00
bogorodica-evzoni,2026-08-12T04:31,20,20 min,anonymous,2026-08-12T02:35:15+00:00
bogorodica-evzoni,2026-08-12T05:21,60,60 min,anonymous,2026-08-12T03:24:28+00:00
bogorodica-evzoni,2026-08-12T06:23,55,55 min,anonymous_,2026-08-12T04:44:32+00:00
bogorodica-evzoni,2026-08-12T07:23,5,5 min,anonymous,2026-08-12T05:30:05+00:00
bogorodica-evzoni,2026-08-12T08:25,15,15 min,anonymous,2026-08-12T06:33:10+00:00
bogorodica-evzoni,2026-08-12T08:19,5,5 min,anonymous,2026-08-12T06:33:10+00:00
bogorodica-evzoni,2026-08-12T09:30,15,15 min,anonymous,2026-08-12T07:34:02+00:00
bogorodica-evzoni,2026-08-12T09:23,120,2 h,anonymous,2026-08-12T07:34:02+00:00
bogorodica-evzoni,2026-08-12T10:25,10,10 min,anonymous_,2026-08-12T08:32:29+00:00
bogorodica-evzoni,2026-08-12T11:25,5,5 min,anonymous_,2026-08-12T09:40:19+00:00
bogorodica-evzoni,2026-08-12T12:25,15,15 min,anonymous_,2026-08-12T10:32:23+00:00
bogorodica-evzoni,2026-08-12T13:26,10,10 min,anonymous_,2026-08-12T11:43:36+00:00
bogorodica-evzoni,2026-08-12T14:26,5,5 min,anonymous_,2026-08-12T12:33:50+00:00
bogorodica-evzoni,2026-08-12T15:13,10,10 min,anonymous,2026-08-12T13:19:28+00:00
bogorodica-evzoni,2026-08-12T16:25,5,5 min,anonymous_,2026-08-12T14:40:04+00:00
bogorodica-evzoni,2026-08-12T17:29,15,15 min,anonymous_,2026-08-12T15:32:20+00:00
bogorodica-evzoni,2026-08-12T18:25,10,10 min,anonymous_,2026-08-12T16:41:09+00:00
bogorodica-evzoni,2026-08-12T19:25,5,5 min,anonymous_,2026-08-12T17:41:50+00:00
bogorodica-evzoni,2026-08-12T20:29,15,15 min,anonymous_,2026-08-12T18:31:13+00:00
bogorodica-evzoni,2026-08-12T20:52,40,40 min,anonymous,2026-08-12T18:56:21+00:00
bogorodica-evzoni,2026-08-12T21:53,35,35 min,anonymous_,2026-08-12T20:08:36+00:00
bogorodica-evzoni,2026-08-12T22:18,5,5 min,anonymous,2026-08-12T20:23:47+00:00
bogorodica-evzoni,2026-08-12T23:24,10,10 min,anonymous_,2026-08-12T21:43:50+00:00
bogorodica-evzoni,2026-08-13T00:25,5,5 min,anonymous_,2026-08-12T22:42:48+00:00
bogorodica-evzoni,2026-08-13T01:23,15,15 min,anonymous_,2026-08-12T23:40:34+00:00
bogorodica-evzoni,2026-08-13T02:23,10,10 min,anonymous_,2026-08-13T00:39:11+00:00
bogorodica-evzoni,2026-08-13T03:25,5,5 min,anonymous_,2026-08-13T01:40:01+00:00
bogorodica-evzoni,2026-08-13T04:09,25,25 min,anonymous,2026-08-13T02:10:25+00:00
bogorodica-evzoni,2026-08-13T05:21,30,30 min,anonymous,2026-08-13T03:26:20+00:00
bogorodica-evzoni,2026-08-13T06:25,25,25 min,anonymous_,2026-08-13T04:41:19+00:00
bogorodica-evzoni,2026-08-13T06:42,40,40 min,anonymous,2026-08-13T04:56:31+00:00
bogorodica-evzoni,2026-08-13T07:57,35,35 min,anonymous_,2026-08-13T06:08:07+00:00
bogorodica-evzoni,2026-08-13T08:56,30,30 min,anonymous_,2026-08-13T07:09:01+00:00
bogorodica-evzoni,2026-08-13T10:09,25,25 min,anonymous,2026-08-13T08:13:03+00:00
bogorodica-evzoni,2026-08-13T10:07,30,30 min,anonymous,2026-08-13T08:13:03+00:00
bogorodica-evzoni,2026-08-13T09:57,25,25 min,anonymous_,2026-08-13T08:13:03+00:00
bogorodica-evzoni,2026-08-13T10:35,50,50 min,anonymous,2026-08-13T08:43:28+00:00
bogorodica-evzoni,2026-08-13T10:54,30,30 min,anonymous,2026-08-13T08:58:40+00:00
bogorodica-evzoni,2026-08-13T11:26,40,40 min,anonymous,2026-08-13T09:36:23+00:00
bogorodica-evzoni,2026-08-13T12:29,35,35 min,anonymous_,2026-08-13T10:33:39+00:00
bogorodica-evzoni,2026-08-13T13:26,30,30 min,anonymous_,2026-08-13T11:40:12+00:00
bogorodica-evzoni,2026-08-13T14:07,120,2 h,anonymous,2026-08-13T12:10:35+00:00
bogorodica-evzoni,2026-08-13T14:07,10,10 min,anonymous,2026-08-13T12:10:35+00:00
bogorodica-evzoni,2026-08-13T14:06,5,5 min,anonymous,2026-08-13T12:10:35+00:00
bogorodica-evzoni,2026-08-13T14:17,10,10 min,anonymous,2026-08-13T12:25:47+00:00
bogorodica-evzoni,2026-08-13T14:27,10,10 min,anonymous,2026-08-13T12:28:53+00:00
bogorodica-evzoni,2026-08-13T14:56,10,10 min,anonymous,2026-08-13T12:59:16+00:00
bogorodica-evzoni,2026-08-13T15:34,20,20 min,anonymous,2026-08-13T13:44:51+00:00
bogorodica-evzoni,2026-08-13T15:51,25,25 min,anonymous,2026-08-13T14:00:02+00:00
bogorodica-evzoni,2026-08-13T16:59,20,20 min,anonymous_,2026-08-13T15:05:07+00:00
bogorodica-evzoni,2026-08-13T17:55,15,15 min,anonymous_,2026-08-13T16:12:12+00:00
bogorodica-evzoni,2026-08-13T18:55,10,10 min,anonymous_,2026-08-13T17:13:59+00:00
bogorodica-evzoni,2026-08-13T19:48,90,1.5 h,anonymous,2026-08-13T17:48:57+00:00
bogorodica-evzoni,2026-08-13T20:55,60,60 min,anonymous_,2026-08-13T19:12:59+00:00
bogorodica-evzoni,2026-08-13T21:57,55,55 min,anonymous_,2026-08-13T20:00:11+00:00
bogorodica-evzoni,2026-08-13T22:59,50,50 min,anonymous_,2026-08-13T21:08:10+00:00
bogorodica-evzoni,2026-08-13T23:23,10,10 min,anonymous,2026-08-13T21:23:23+00:00
bogorodica-evzoni,2026-08-13T23:54,15,15 min,anonymous,2026-08-13T22:06:46+00:00
bogorodica-evzoni,2026-08-14T00:55,10,10 min,anonymous_,2026-08-13T23:14:14+00:00
bogorodica-evzoni,2026-08-14T01:56,5,5 min,anonymous_,2026-08-14T00:07:51+00:00
bogorodica-evzoni,2026-08-14T02:55,15,15 min,anonymous_,2026-08-14T01:08:47+00:00
bogorodica-evzoni,2026-08-14T03:59,10,10 min,anonymous_,2026-08-14T02:09:29+00:00
bogorodica-evzoni,2026-08-14T04:57,5,5 min,anonymous_,2026-08-14T03:09:04+00:00
bogorodica-evzoni,2026-08-14T06:09,5,5 min,anonymous,2026-08-14T04:09:45+00:00
bogorodica-evzoni,2026-08-14T05:58,15,15 min,anonymous_,2026-08-14T04:09:45+00:00
bogorodica-evzoni,2026-08-14T06:22,5,5 min,anonymous,2026-08-14T04:24:56+00:00
bogorodica-evzoni,2026-08-14T07:18,5,5 min,anonymous,2026-08-14T05:31:36+00:00
bogorodica-evzoni,2026-08-14T08:00,240,4 h,anonymous,2026-08-14T06:01:59+00:00
bogorodica-evzoni,2026-08-14T08:56,240,4 h,anonymous,2026-08-14T07:03:56+00:00
bogorodica-evzoni,2026-08-14T09:12,20,20 min,anonymous,2026-08-14T07:19:08+00:00
bogorodica-evzoni,2026-08-14T09:27,240,4 h,anonymous,2026-08-14T07:34:19+00:00
bogorodica-evzoni,2026-08-14T09:34,15,15 min,anonymous,2026-08-14T07:46:06+00:00
bogorodica-evzoni,2026-08-14T10:14,30,30 min,anonymous,2026-08-14T08:16:28+00:00
bogorodica-evzoni,2026-08-14T10:05,240,4 h,anonymous,2026-08-14T08:16:28+00:00
bogorodica-evzoni,2026-08-14T10:46,20,20 min,anonymous,2026-08-14T08:46:49+00:00
bogorodica-evzoni,2026-08-14T10:38,240,4 h,anonymous,2026-08-14T08:46:49+00:00
bogorodica-evzoni,2026-08-14T10:50,15,15 min,anonymous,2026-08-14T08:52:08+00:00
bogorodica-evzoni,2026-08-14T11:03,240,4 h,anonymous,2026-08-14T09:07:18+00:00
bogorodica-evzoni,2026-08-14T11:45,240,4 h,anonymous,2026-08-14T09:52:36+00:00
bogorodica-evzoni,2026-08-14T12:28,240,4 h,anonymous,2026-08-14T10:38:07+00:00
bogorodica-evzoni,2026-08-14T13:02,10,10 min,anonymous,2026-08-14T11:05:57+00:00
bogorodica-evzoni,2026-08-14T13:12,240,4 h,anonymous,2026-08-14T11:21:09+00:00
bogorodica-evzoni,2026-08-14T13:59,5,5 min,anonymous,2026-08-14T12:09:07+00:00
bogorodica-evzoni,2026-08-14T14:21,240,4 h,anonymous,2026-08-14T12:24:18+00:00
bogorodica-evzoni,2026-08-14T15:02,240,4 h,anonymous,2026-08-14T13:09:50+00:00
bogorodica-evzoni,2026-08-14T15:23,240,4 h,anonymous,2026-08-14T13:25:01+00:00
bogorodica-evzoni,2026-08-14T16:00,240,4 h,anonymous,2026-08-14T14:05:16+00:00
bogorodica-evzoni,2026-08-14T15:50,240,4 h,anonymous,2026-08-14T14:05:16+00:00
bogorodica-evzoni,2026-08-14T16:41,240,4 h,anonymous,2026-08-14T14:50:29+00:00
bogorodica-evzoni,2026-08-14T17:25,5,5 min,anonymous,2026-08-14T15:27:09+00:00
bogorodica-evzoni,2026-08-14T17:38,5,5 min,anonymous,2026-08-14T15:42:21+00:00
bogorodica-evzoni,2026-08-14T18:55,10,10 min,anonymous_,2026-08-14T17:13:30+00:00
bogorodica-evzoni,2026-08-14T20:02,20,20 min,anonymous,2026-08-14T18:03:58+00:00
bogorodica-evzoni,2026-08-14T19:53,5,5 min,anonymous_,2026-08-14T18:03:58+00:00
bogorodica-evzoni,2026-08-14T20:07,10,10 min,anonymous,2026-08-14T18:19:11+00:00
bogorodica-evzoni,2026-08-14T20:48,5,5 min,anonymous,2026-08-14T18:59:43+00:00
bogorodica-evzoni,2026-08-14T21:56,10,10 min,anonymous_,2026-08-14T20:04:01+00:00
bogorodica-evzoni,2026-08-14T22:57,5,5 min,anonymous_,2026-08-14T21:11:37+00:00
bogorodica-evzoni,2026-08-14T23:59,15,15 min,anonymous_,2026-08-14T22:04:43+00:00
bogorodica-evzoni,2026-08-15T00:22,5,5 min,anonymous,2026-08-14T22:35:08+00:00
bogorodica-evzoni,2026-08-15T01:25,15,15 min,anonymous_,2026-08-14T23:32:05+00:00
bogorodica-evzoni,2026-08-15T02:28,10,10 min,anonymous_,2026-08-15T00:40:35+00:00
bogorodica-evzoni,2026-08-15T03:25,5,5 min,anonymous_,2026-08-15T01:41:19+00:00
bogorodica-evzoni,2026-08-15T04:26,15,15 min,anonymous_,2026-08-15T02:31:31+00:00
bogorodica-evzoni,2026-08-15T04:50,55,55 min,anonymous,2026-08-15T02:55:31+00:00
bogorodica-evzoni,2026-08-15T06:02,90,1.5 h,anonymous,2026-08-15T04:06:47+00:00
bogorodica-evzoni,2026-08-15T05:56,50,50 min,anonymous_,2026-08-15T04:06:47+00:00
bogorodica-evzoni,2026-08-15T07:27,60,60 min,anonymous_,2026-08-15T05:41:58+00:00
bogorodica-evzoni,2026-08-15T07:50,210,3.5 h,anonymous,2026-08-15T06:00:48+00:00
bogorodica-evzoni,2026-08-15T08:22,210,3.5 h,anonymous,2026-08-15T06:29:18+00:00
bogorodica-evzoni,2026-08-15T08:47,180,3 h,anonymous,2026-08-15T06:59:38+00:00
bogorodica-evzoni,2026-08-15T08:47,5,5 min,anonymous,2026-08-15T06:59:38+00:00
bogorodica-evzoni,2026-08-15T09:08,5,5 min,anonymous,2026-08-15T07:17:47+00:00
bogorodica-evzoni,2026-08-15T09:23,180,3 h,anonymous,2026-08-15T07:32:57+00:00
bogorodica-evzoni,2026-08-15T10:01,5,5 min,anonymous,2026-08-15T08:08:55+00:00
bogorodica-evzoni,2026-08-15T10:09,240,4 h,anonymous,2026-08-15T08:10:44+00:00
bogorodica-evzoni,2026-08-15T10:23,390,6.5 h,anonymous,2026-08-15T08:25:56+00:00
bogorodica-evzoni,2026-08-15T11:15,330,5.5 h,anonymous,2026-08-15T09:27:40+00:00
bogorodica-evzoni,2026-08-15T11:34,270,4.5 h,anonymous,2026-08-15T09:42:51+00:00
bogorodica-evzoni,2026-08-15T11:52,270,4.5 h,anonymous,2026-08-15T10:00:23+00:00
bogorodica-evzoni,2026-08-15T11:50,60,60 min,anonymous,2026-08-15T10:00:23+00:00
bogorodica-evzoni,2026-08-15T13:07,30,30 min,anonymous,2026-08-15T11:11:04+00:00
bogorodica-evzoni,2026-08-15T12:59,240,4 h,anonymous_,2026-08-15T11:11:04+00:00
bogorodica-evzoni,2026-08-15T13:18,270,4.5 h,anonymous,2026-08-15T11:26:15+00:00
bogorodica-evzoni,2026-08-15T13:50,30,30 min,anonymous,2026-08-15T11:51:25+00:00
bogorodica-evzoni,2026-08-15T13:52,270,4.5 h,anonymous,2026-08-15T12:06:38+00:00
bogorodica-evzoni,2026-08-15T15:01,10,10 min,anonymous,2026-08-15T13:02:36+00:00
bogorodica-evzoni,2026-08-15T15:00,10,10 min,anonymous,2026-08-15T13:02:36+00:00
bogorodica-evzoni,2026-08-15T15:01,10,10 min,anonymous,2026-08-15T13:03:06+00:00
bogorodica-evzoni,2026-08-15T15:00,10,10 min,anonymous,2026-08-15T13:03:06+00:00
bogorodica-evzoni,2026-08-15T15:06,15,15 min,anonymous,2026-08-15T13:18:33+00:00
bogorodica-evzoni,2026-08-15T15:33,240,4 h,anonymous,2026-08-15T13:38:25+00:00
bogorodica-evzoni,2026-08-15T16:03,5,5 min,anonymous,2026-08-15T14:04:54+00:00
bogorodica-evzoni,2026-08-15T16:18,240,4 h,anonymous,2026-08-15T14:20:06+00:00
bogorodica-evzoni,2026-08-15T16:24,10,10 min,anonymous,2026-08-15T14:35:18+00:00
bogorodica-evzoni,2026-08-15T17:24,5,5 min,anonymous_,2026-08-15T15:30:55+00:00
bogorodica-evzoni,2026-08-15T17:59,5,5 min,anonymous,2026-08-15T16:07:41+00:00
bogorodica-evzoni,2026-08-15T18:21,240,4 h,anonymous,2026-08-15T16:22:51+00:00
bogorodica-evzoni,2026-08-15T18:48,240,4 h,anonymous,2026-08-15T16:51:23+00:00
bogorodica-evzoni,2026-08-15T19:58,210,3.5 h,anonymous_,2026-08-15T18:07:58+00:00
bogorodica-evzoni,2026-08-15T20:18,240,4 h,anonymous,2026-08-15T18:23:10+00:00
bogorodica-evzoni,2026-08-15T21:05,240,4 h,anonymous,2026-08-15T19:10:21+00:00
bogorodica-evzoni,2026-08-15T21:19,240,4 h,anonymous,2026-08-15T19:25:32+00:00
bogorodica-evzoni,2026-08-15T21:26,30,30 min,anonymous,2026-08-15T19:40:14+00:00
bogorodica-evzoni,2026-08-15T22:29,25,25 min,anonymous_,2026-08-15T20:30:51+00:00
bogorodica-evzoni,2026-08-15T23:28,20,20 min,anonymous_,2026-08-15T21:31:10+00:00
bogorodica-evzoni,2026-08-16T00:25,15,15 min,anonymous_,2026-08-15T22:42:06+00:00
bogorodica-evzoni,2026-08-16T01:26,10,10 min,anonymous_,2026-08-15T23:30:12+00:00
bogorodica-evzoni,2026-08-16T01:43,30,30 min,anonymous,2026-08-15T23:45:36+00:00
bogorodica-evzoni,2026-08-16T02:57,25,25 min,anonymous_,2026-08-16T01:05:05+00:00
bogorodica-evzoni,2026-08-16T03:53,20,20 min,anonymous_,2026-08-16T02:06:04+00:00
bogorodica-evzoni,2026-08-16T04:37,60,60 min,anonymous,2026-08-16T02:42:48+00:00
bogorodica-evzoni,2026-08-16T05:53,55,55 min,anonymous_,2026-08-16T04:01:39+00:00
bogorodica-evzoni,2026-08-16T06:54,50,50 min,anonymous_,2026-08-16T05:02:13+00:00
bogorodica-evzoni,2026-08-16T07:04,90,1.5 h,anonymous,2026-08-16T05:14:29+00:00
bogorodica-evzoni,2026-08-16T08:25,60,60 min,anonymous_,2026-08-16T06:30:51+00:00
bogorodica-evzoni,2026-08-16T08:48,60,60 min,anonymous,2026-08-16T07:01:12+00:00
bogorodica-evzoni,2026-08-16T09:07,60,60 min,anonymous,2026-08-16T07:19:35+00:00
bogorodica-evzoni,2026-08-16T10:29,55,55 min,anonymous_,2026-08-16T08:42:04+00:00
bogorodica-evzoni,2026-08-16T10:43,20,20 min,anonymous,2026-08-16T08:51:33+00:00
bogorodica-evzoni,2026-08-16T11:27,30,30 min,anonymous,2026-08-16T09:33:06+00:00
bogorodica-evzoni,2026-08-16T11:24,5,5 min,anonymous,2026-08-16T09:33:06+00:00
bogorodica-evzoni,2026-08-16T12:23,25,25 min,anonymous_,2026-08-16T10:39:10+00:00
bogorodica-evzoni,2026-08-16T13:23,20,20 min,anonymous_,2026-08-16T11:30:58+00:00
bogorodica-evzoni,2026-08-16T13:44,15,15 min,anonymous,2026-08-16T11:46:10+00:00
bogorodica-evzoni,2026-08-16T14:29,240,4 h,anonymous,2026-08-16T12:38:07+00:00
bogorodica-evzoni,2026-08-16T14:50,240,4 h,anonymous,2026-08-16T12:53:38+00:00
bogorodica-evzoni,2026-08-16T15:29,45,45 min,anonymous,2026-08-16T13:39:20+00:00
bogorodica-evzoni,2026-08-16T15:54,240,4 h,anonymous,2026-08-16T13:54:31+00:00
bogorodica-evzoni,2026-08-16T16:13,5,5 min,anonymous,2026-08-16T14:24:07+00:00
bogorodica-evzoni,2026-08-16T16:12,5,5 min,anonymous,2026-08-16T14:24:07+00:00
bogorodica-evzoni,2026-08-16T16:30,240,4 h,anonymous,2026-08-16T14:39:20+00:00
bogorodica-evzoni,2026-08-16T17:01,5,5 min,anonymous,2026-08-16T15:03:51+00:00
bogorodica-evzoni,2026-08-16T18:28,10,10 min,anonymous_,2026-08-16T16:37:05+00:00
bogorodica-evzoni,2026-08-16T19:29,5,5 min,anonymous_,2026-08-16T17:45:01+00:00
bogorodica-evzoni,2026-08-16T20:23,15,15 min,anonymous_,2026-08-16T18:44:54+00:00
bogorodica-evzoni,2026-08-16T21:26,10,10 min,anonymous_,2026-08-16T19:39:08+00:00
bogorodica-evzoni,2026-08-16T22:29,5,5 min,anonymous_,2026-08-16T20:30:36+00:00
bogorodica-evzoni,2026-08-16T23:26,10,10 min,anonymous_,2026-08-16T21:30:46+00:00
bogorodica-evzoni,2026-08-17T00:29,5,5 min,anonymous_,2026-08-16T22:41:17+00:00
bogorodica-evzoni,2026-08-17T01:29,15,15 min,anonymous_,2026-08-16T23:30:09+00:00
bogorodica-evzoni,2026-08-17T02:29,10,10 min,anonymous_,2026-08-17T00:37:18+00:00
bogorodica-evzoni,2026-08-17T03:24,5,5 min,anonymous_,2026-08-17T01:44:02+00:00
bogorodica-evzoni,2026-08-17T03:58,5,5 min,anonymous,2026-08-17T01:59:14+00:00
bogorodica-evzoni,2026-08-17T04:55,15,15 min,anonymous_,2026-08-17T03:11:29+00:00
bogorodica-evzoni,2026-08-17T05:53,10,10 min,anonymous_,2026-08-17T04:01:24+00:00
bogorodica-evzoni,2026-08-17T06:54,5,5 min,anonymous_,2026-08-17T05:10:50+00:00
bogorodica-evzoni,2026-08-17T07:59,10,10 min,anonymous_,2026-08-17T06:00:10+00:00
bogorodica-evzoni,2026-08-17T08:56,55,55 min,anonymous,2026-08-17T07:08:52+00:00
bogorodica-evzoni,2026-08-17T09:59,50,50 min,anonymous_,2026-08-17T08:06:30+00:00
bogorodica-evzoni,2026-08-17T10:58,45,45 min,anonymous_,2026-08-17T09:08:09+00:00
bogorodica-evzoni,2026-08-17T11:25,60,60 min,anonymous,2026-08-17T09:36:53+00:00
bogorodica-evzoni,2026-08-17T12:28,55,55 min,anonymous_,2026-08-17T10:33:31+00:00
bogorodica-evzoni,2026-08-17T13:33,20,20 min,anonymous,2026-08-17T11:41:58+00:00
bogorodica-evzoni,2026-08-17T13:26,50,50 min,anonymous_,2026-08-17T11:41:58+00:00
bogorodica-evzoni,2026-08-17T14:10,30,30 min,anonymous,2026-08-17T12:13:40+00:00
bogorodica-evzoni,2026-08-17T14:03,30,30 min,anonymous,2026-08-17T12:13:40+00:00
bogorodica-evzoni,2026-08-17T14:14,60,60 min,anonymous,2026-08-17T12:28:52+00:00
bogorodica-evzoni,2026-08-17T15:28,5,5 min,anonymous,2026-08-17T13:41:25+00:00
bogorodica-evzoni,2026-08-17T16:25,10,10 min,anonymous_,2026-08-17T14:38:25+00:00
bogorodica-evzoni,2026-08-17T16:48,5,5 min,anonymous,2026-08-17T14:53:37+00:00
bogorodica-evzoni,2026-08-17T17:57,15,15 min,anonymous_,2026-08-17T16:09:47+00:00
bogorodica-evzoni,2026-08-17T18:54,10,10 min,anonymous_,2026-08-17T17:05:23+00:00
bogorodica-evzoni,2026-08-17T19:59,5,5 min,anonymous_,2026-08-17T18:04:38+00:00
bogorodica-evzoni,2026-08-17T20:54,15,15 min,anonymous_,2026-08-17T19:02:16+00:00
bogorodica-evzoni,2026-08-17T21:54,10,10 min,anonymous_,2026-08-17T20:12:25+00:00
bogorodica-evzoni,2026-08-17T22:55,5,5 min,anonymous_,2026-08-17T21:08:47+00:00
bogorodica-evzoni,2026-08-17T23:58,15,15 min,anonymous_,2026-08-17T22:08:28+00:00
bogorodica-evzoni,2026-08-18T00:55,10,10 min,anonymous_,2026-08-17T23:00:13+00:00
bogorodica-evzoni,2026-08-18T01:54,5,5 min,anonymous_,2026-08-18T00:02:52+00:00
bogorodica-evzoni,2026-08-18T02:59,15,15 min,anonymous_,2026-08-18T01:03:35+00:00
bogorodica-evzoni,2026-08-18T03:59,10,10 min,anonymous_,2026-08-18T02:02:21+00:00
bogorodica-evzoni,2026-08-18T04:58,5,5 min,anonymous_,2026-08-18T03:14:29+00:00
bogorodica-evzoni,2026-08-18T05:55,15,15 min,anonymous_,2026-08-18T04:02:29+00:00
bogorodica-evzoni,2026-08-18T06:57,10,10 min,anonymous_,2026-08-18T05:11:22+00:00
bogorodica-evzoni,2026-08-18T07:53,5,5 min,anonymous_,2026-08-18T06:09:39+00:00
bogorodica-evzoni,2026-08-18T08:47,10,10 min,anonymous,2026-08-18T06:47:58+00:00
bogorodica-evzoni,2026-08-18T09:46,30,30 min,anonymous,2026-08-18T07:55:16+00:00
bogorodica-evzoni,2026-08-18T10:57,25,25 min,anonymous_,2026-08-18T09:05:04+00:00
bogorodica-evzoni,2026-08-18T11:55,20,20 min,anonymous_,2026-08-18T10:08:53+00:00
bogorodica-evzoni,2026-08-18T12:32,25,25 min,anonymous,2026-08-18T10:39:14+00:00
bogorodica-evzoni,2026-08-18T13:55,20,20 min,anonymous_,2026-08-18T12:00:44+00:00
bogorodica-evzoni,2026-08-18T14:56,15,15 min,anonymous_,2026-08-18T13:01:19+00:00
bogorodica-evzoni,2026-08-18T15:07,180,3 h,anonymous,2026-08-18T13:13:37+00:00
bogorodica-evzoni,2026-08-18T16:24,150,2.5 h,anonymous_,2026-08-18T14:32:01+00:00
bogorodica-evzoni,2026-08-18T16:57,5,5 min,anonymous,2026-08-18T15:02:19+00:00
bogorodica-evzoni,2026-08-18T17:17,5,5 min,anonymous,2026-08-18T15:31:52+00:00
bogorodica-evzoni,2026-08-18T18:24,10,10 min,anonymous_,2026-08-18T16:35:11+00:00
bogorodica-evzoni,2026-08-18T19:10,25,25 min,anonymous,2026-08-18T17:24:08+00:00
bogorodica-evzoni,2026-08-18T20:23,20,20 min,anonymous_,2026-08-18T18:31:38+00:00
bogorodica-evzoni,2026-08-18T21:06,150,2.5 h,anonymous,2026-08-18T19:08:35+00:00
bogorodica-evzoni,2026-08-18T22:24,120,2 h,anonymous_,2026-08-18T20:35:33+00:00
bogorodica-evzoni,2026-08-18T23:26,90,1.5 h,anonymous_,2026-08-18T21:34:46+00:00
bogorodica-evzoni,2026-08-19T00:27,60,60 min,anonymous_,2026-08-18T22:36:27+00:00
bogorodica-evzoni,2026-08-19T01:23,55,55 min,anonymous_,2026-08-18T23:32:10+00:00
bogorodica-evzoni,2026-08-19T02:28,50,50 min,anonymous_,2026-08-19T00:38:51+00:00
bogorodica-evzoni,2026-08-19T03:26,45,45 min,anonymous_,2026-08-19T01:39:30+00:00
bogorodica-evzoni,2026-08-19T04:28,40,40 min,anonymous_,2026-08-19T02:34:17+00:00
bogorodica-evzoni,2026-08-19T05:26,35,35 min,anonymous_,2026-08-19T03:31:17+00:00
bogorodica-evzoni,2026-08-19T06:10,10,10 min,anonymous,2026-08-19T04:18:52+00:00
bogorodica-evzoni,2026-08-19T07:24,5,5 min,anonymous_,2026-08-19T05:40:56+00:00
bogorodica-evzoni,2026-08-19T08:28,15,15 min,anonymous_,2026-08-19T06:33:37+00:00
bogorodica-evzoni,2026-08-19T09:29,10,10 min,anonymous_,2026-08-19T07:41:07+00:00
bogorodica-evzoni,2026-08-19T09:42,10,10 min,anonymous,2026-08-19T07:56:18+00:00
bogorodica-evzoni,2026-08-19T10:50,15,15 min,anonymous,2026-08-19T08:50:39+00:00
bogorodica-evzoni,2026-08-19T11:57,10,10 min,anonymous_,2026-08-19T10:10:09+00:00
bogorodica-evzoni,2026-08-19T12:59,5,5 min,anonymous_,2026-08-19T11:10:59+00:00
bogorodica-evzoni,2026-08-19T12:59,5,5 min,anonymous_,2026-08-19T11:11:49+00:00
bogorodica-evzoni,2026-08-19T13:49,15,15 min,anonymous,2026-08-19T12:00:09+00:00
bogorodica-evzoni,2026-08-19T14:56,10,10 min,anonymous_,2026-08-19T13:00:50+00:00
bogorodica-evzoni,2026-08-19T15:55,5,5 min,anonymous_,2026-08-19T14:01:23+00:00
bogorodica-evzoni,2026-08-19T15:55,5,5 min,anonymous_,2026-08-19T14:02:03+00:00
bogorodica-evzoni,2026-08-19T16:59,15,15 min,anonymous_,2026-08-19T15:03:36+00:00
bogorodica-evzoni,2026-08-19T17:54,10,10 min,anonymous_,2026-08-19T16:06:01+00:00
bogorodica-evzoni,2026-08-19T18:54,5,5 min,anonymous_,2026-08-19T17:06:55+00:00
bogorodica-evzoni,2026-08-19T19:59,10,10 min,anonymous_,2026-08-19T18:01:51+00:00
bogorodica-evzoni,2026-08-19T21:08,5,5 min,anonymous,2026-08-19T19:13:31+00:00
bogorodica-evzoni,2026-08-19T21:06,15,15 min,anonymous,2026-08-19T19:13:31+00:00
bogorodica-evzoni,2026-08-19T20:56,5,5 min,anonymous_,2026-08-19T19:13:31+00:00
bogorodica-evzoni,2026-08-19T22:26,10,10 min,anonymous_,2026-08-19T20:39:34+00:00
bogorodica-evzoni,2026-08-19T22:48,10,10 min,anonymous,2026-08-19T20:54:52+00:00
bogorodica-evzoni,2026-08-19T23:57,5,5 min,anonymous_,2026-08-19T22:00:36+00:00
bogorodica-evzoni,2026-08-20T00:21,5,5 min,anonymous,2026-08-19T22:25:13+00:00
bogorodica-evzoni,2026-08-20T01:26,15,15 min,anonymous_,2026-08-19T23:40:22+00:00
bogorodica-evzoni,2026-08-20T02:28,10,10 min,anonymous_,2026-08-20T00:39:06+00:00
bogorodica-evzoni,2026-08-20T03:29,5,5 min,anonymous_,2026-08-20T01:39:53+00:00
bogorodica-evzoni,2026-08-20T04:29,15,15 min,anonymous_,2026-08-20T02:34:58+00:00
bogorodica-evzoni,2026-08-20T05:24,10,10 min,anonymous_,2026-08-20T03:37:35+00:00
bogorodica-evzoni,2026-08-20T05:39,20,20 min,anonymous,2026-08-20T03:52:47+00:00
bogorodica-evzoni,2026-08-20T06:13,40,40 min,anonymous,2026-08-20T04:27:09+00:00
bogorodica-evzoni,2026-08-20T06:12,50,50 min,anonymous,2026-08-20T04:27:09+00:00
bogorodica-evzoni,2026-08-20T07:29,35,35 min,anonymous_,2026-08-20T05:33:14+00:00
bogorodica-evzoni,2026-08-20T08:27,30,30 min,anonymous_,2026-08-20T06:42:08+00:00
bogorodica-evzoni,2026-08-20T09:08,60,60 min,anonymous,2026-08-20T07:12:31+00:00
bogorodica-evzoni,2026-08-20T09:29,10,10 min,anonymous,2026-08-20T07:40:50+00:00
bogorodica-evzoni,2026-08-20T09:46,60,60 min,anonymous,2026-08-20T07:56:01+00:00
bogorodica-evzoni,2026-08-20T10:57,55,55 min,anonymous_,2026-08-20T09:00:19+00:00
bogorodica-evzoni,2026-08-20T11:59,50,50 min,anonymous_,2026-08-20T10:01:33+00:00
bogorodica-evzoni,2026-08-20T12:54,45,45 min,anonymous_,2026-08-20T11:07:21+00:00
bogorodica-evzoni,2026-08-20T13:28,60,60 min,anonymous,2026-08-20T11:34:15+00:00
bogorodica-evzoni,2026-08-20T14:16,45,45 min,anonymous,2026-08-20T12:16:53+00:00
bogorodica-evzoni,2026-08-20T14:31,150,2.5 h,anonymous,2026-08-20T12:32:09+00:00
bogorodica-evzoni,2026-08-20T14:56,50,50 min,anonymous,2026-08-20T13:02:32+00:00
bogorodica-evzoni,2026-08-20T15:27,20,20 min,anonymous,2026-08-20T13:32:18+00:00
bogorodica-evzoni,2026-08-20T16:18,5,5 min,anonymous,2026-08-20T14:20:25+00:00
bogorodica-evzoni,2026-08-20T17:00,5,5 min,anonymous,2026-08-20T15:06:42+00:00
bogorodica-evzoni,2026-08-20T17:58,15,15 min,anonymous_,2026-08-20T16:03:11+00:00
bogorodica-evzoni,2026-08-20T18:56,10,10 min,anonymous_,2026-08-20T17:02:56+00:00
bogorodica-evzoni,2026-08-20T19:55,5,5 min,anonymous_,2026-08-20T18:06:14+00:00
bogorodica-evzoni,2026-08-20T20:50,60,60 min,anonymous,2026-08-20T18:51:55+00:00
bogorodica-evzoni,2026-08-20T21:14,5,5 min,anonymous,2026-08-20T19:23:49+00:00
bogorodica-evzoni,2026-08-20T22:25,15,15 min,anonymous_,2026-08-20T20:44:50+00:00
bogorodica-evzoni,2026-08-20T23:23,10,10 min,anonymous_,2026-08-20T21:33:41+00:00
bogorodica-evzoni,2026-08-21T00:26,5,5 min,anonymous_,2026-08-20T22:42:37+00:00
bogorodica-evzoni,2026-08-21T01:26,10,10 min,anonymous_,2026-08-20T23:42:53+00:00
bogorodica-evzoni,2026-08-21T02:25,5,5 min,anonymous_,2026-08-21T00:41:14+00:00
bogorodica-evzoni,2026-08-21T03:10,10,10 min,anonymous,2026-08-21T01:11:35+00:00
bogorodica-evzoni,2026-08-21T04:29,5,5 min,anonymous_,2026-08-21T02:40:44+00:00
bogorodica-evzoni,2026-08-21T05:29,10,10 min,anonymous_,2026-08-21T03:40:58+00:00
bogorodica-evzoni,2026-08-21T06:29,5,5 min,anonymous_,2026-08-21T04:34:53+00:00
bogorodica-evzoni,2026-08-21T07:28,10,10 min,anonymous_,2026-08-21T05:43:12+00:00
bogorodica-evzoni,2026-08-21T08:26,5,5 min,anonymous_,2026-08-21T06:35:01+00:00
bogorodica-evzoni,2026-08-21T09:24,15,15 min,anonymous_,2026-08-21T07:43:54+00:00
bogorodica-evzoni,2026-08-21T10:24,10,10 min,anonymous_,2026-08-21T08:31:32+00:00
bogorodica-evzoni,2026-08-21T11:25,5,5 min,anonymous_,2026-08-21T09:39:16+00:00
bogorodica-evzoni,2026-08-21T12:07,20,20 min,anonymous,2026-08-21T10:15:27+00:00
bogorodica-evzoni,2026-08-21T12:29,5,5 min,anonymous,2026-08-21T10:30:40+00:00
bogorodica-evzoni,2026-08-21T13:18,15,15 min,anonymous,2026-08-21T11:23:08+00:00
bogorodica-evzoni,2026-08-21T14:25,10,10 min,anonymous_,2026-08-21T12:44:58+00:00
bogorodica-evzoni,2026-08-21T15:16,35,35 min,anonymous,2026-08-21T13:20:57+00:00
bogorodica-evzoni,2026-08-21T15:10,35,35 min,anonymous,2026-08-21T13:20:57+00:00
bogorodica-evzoni,2026-08-21T16:06,5,5 min,anonymous,2026-08-21T14:10:49+00:00
bogorodica-evzoni,2026-08-21T16:18,45,45 min,anonymous,2026-08-21T14:26:00+00:00
bogorodica-evzoni,2026-08-21T17:27,40,40 min,anonymous_,2026-08-21T15:33:49+00:00
bogorodica-evzoni,2026-08-21T18:27,35,35 min,anonymous_,2026-08-21T16:39:09+00:00
bogorodica-evzoni,2026-08-21T19:26,30,30 min,anonymous_,2026-08-21T17:30:07+00:00
bogorodica-evzoni,2026-08-21T20:29,25,25 min,anonymous_,2026-08-21T18:33:30+00:00
bogorodica-evzoni,2026-08-21T21:24,20,20 min,anonymous_,2026-08-21T19:32:51+00:00
bogorodica-evzoni,2026-08-21T22:24,15,15 min,anonymous_,2026-08-21T20:32:02+00:00
bogorodica-evzoni,2026-08-21T23:29,10,10 min,anonymous_,2026-08-21T21:40:22+00:00
bogorodica-evzoni,2026-08-22T00:24,5,5 min,anonymous_,2026-08-21T22:36:57+00:00
bogorodica-evzoni,2026-08-22T01:25,10,10 min,anonymous_,2026-08-21T23:39:54+00:00
bogorodica-evzoni,2026-08-22T02:24,5,5 min,anonymous_,2026-08-22T00:38:50+00:00
bogorodica-evzoni,2026-08-22T03:24,10,10 min,anonymous_,2026-08-22T01:39:39+00:00
bogorodica-evzoni,2026-08-22T04:08,20,20 min,anonymous,2026-08-22T02:18:03+00:00
bogorodica-evzoni,2026-08-22T04:52,5,5 min,anonymous,2026-08-22T03:03:37+00:00
bogorodica-evzoni,2026-08-22T05:50,60,60 min,anonymous,2026-08-22T03:52:20+00:00
bogorodica-evzoni,2026-08-22T06:54,55,55 min,anonymous_,2026-08-22T05:02:24+00:00
bogorodica-evzoni,2026-08-22T08:06,10,10 min,anonymous,2026-08-22T06:07:52+00:00
bogorodica-evzoni,2026-08-22T07:57,50,50 min,anonymous_,2026-08-22T06:07:52+00:00
bogorodica-evzoni,2026-08-22T08:28,10,10 min,anonymous,2026-08-22T06:30:05+00:00
bogorodica-evzoni,2026-08-22T08:24,90,1.5 h,anonymous,2026-08-22T06:30:05+00:00
bogorodica-evzoni,2026-08-22T08:37,5,5 min,anonymous,2026-08-22T06:45:46+00:00
bogorodica-evzoni,2026-08-22T09:11,10,10 min,anonymous,2026-08-22T07:20:05+00:00
bogorodica-evzoni,2026-08-22T09:38,10,10 min,anonymous,2026-08-22T07:41:16+00:00
bogorodica-evzoni,2026-08-22T09:56,120,2 h,anonymous,2026-08-22T07:56:27+00:00
bogorodica-evzoni,2026-08-22T10:04,10,10 min,anonymous,2026-08-22T08:12:12+00:00
bogorodica-evzoni,2026-08-22T10:55,90,1.5 h,anonymous,2026-08-22T09:07:27+00:00
bogorodica-evzoni,2026-08-22T10:54,10,10 min,anonymous,2026-08-22T09:07:27+00:00
bogorodica-evzoni,2026-08-22T11:42,10,10 min,anonymous,2026-08-22T09:46:59+00:00
bogorodica-evzoni,2026-08-22T12:18,20,20 min,anonymous,2026-08-22T10:22:47+00:00
bogorodica-evzoni,2026-08-22T12:15,50,50 min,anonymous,2026-08-22T10:22:47+00:00
bogorodica-evzoni,2026-08-22T13:23,15,15 min,anonymous_,2026-08-22T11:32:25+00:00
bogorodica-evzoni,2026-08-22T14:26,10,10 min,anonymous_,2026-08-22T12:38:46+00:00
bogorodica-evzoni,2026-08-22T15:29,5,5 min,anonymous_,2026-08-22T13:39:34+00:00
bogorodica-evzoni,2026-08-22T16:25,15,15 min,anonymous_,2026-08-22T14:33:52+00:00
bogorodica-evzoni,2026-08-22T17:27,10,10 min,anonymous_,2026-08-22T15:31:49+00:00
bogorodica-evzoni,2026-08-22T18:24,5,5 min,anonymous_,2026-08-22T16:36:11+00:00
bogorodica-evzoni,2026-08-22T19:28,15,15 min,anonymous_,2026-08-22T17:31:12+00:00
bogorodica-evzoni,2026-08-22T20:25,10,10 min,anonymous_,2026-08-22T18:38:58+00:00
bogorodica-evzoni,2026-08-22T21:26,5,5 min,anonymous_,2026-08-22T19:41:06+00:00
bogorodica-evzoni,2026-08-22T22:28,15,15 min,anonymous_,2026-08-22T20:31:45+00:00
bogorodica-evzoni,2026-08-22T23:27,10,10 min,anonymous_,2026-08-22T21:31:23+00:00
bogorodica-evzoni,2026-08-23T00:29,5,5 min,anonymous_,2026-08-22T22:33:34+00:00
bogorodica-evzoni,2026-08-23T01:26,10,10 min,anonymous_,2026-08-22T23:30:48+00:00
bogorodica-evzoni,2026-08-23T02:28,5,5 min,anonymous_,2026-08-23T00:38:27+00:00
bogorodica-evzoni,2026-08-23T03:29,10,10 min,anonymous_,2026-08-23T01:39:17+00:00
bogorodica-evzoni,2026-08-23T04:33,30,30 min,anonymous,2026-08-23T02:41:58+00:00
bogorodica-evzoni,2026-08-23T04:29,5,5 min,anonymous_,2026-08-23T02:41:58+00:00
bogorodica-evzoni,2026-08-23T05:59,25,25 min,anonymous_,2026-08-23T04:05:44+00:00
bogorodica-evzoni,2026-08-23T06:38,40,40 min,anonymous,2026-08-23T04:49:28+00:00
bogorodica-evzoni,2026-08-23T07:49,60,60 min,anonymous,2026-08-23T05:50:11+00:00
bogorodica-evzoni,2026-08-23T08:27,90,1.5 h,anonymous,2026-08-23T06:33:37+00:00
bogorodica-evzoni,2026-08-23T09:12,120,2 h,anonymous,2026-08-23T07:22:22+00:00
bogorodica-evzoni,2026-08-23T10:32,10,10 min,anonymous,2026-08-23T08:43:25+00:00
bogorodica-evzoni,2026-08-23T10:27,90,1.5 h,anonymous_,2026-08-23T08:43:25+00:00
bogorodica-evzoni,2026-08-23T10:51,120,2 h,anonymous,2026-08-23T08:52:43+00:00
bogorodica-evzoni,2026-08-23T11:53,10,10 min,anonymous,2026-08-23T10:08:15+00:00
bogorodica-evzoni,2026-08-23T12:23,40,40 min,anonymous,2026-08-23T10:23:47+00:00
bogorodica-evzoni,2026-08-23T12:25,10,10 min,anonymous,2026-08-23T10:38:59+00:00
bogorodica-evzoni,2026-08-23T12:55,40,40 min,anonymous,2026-08-23T11:00:29+00:00
bogorodica-evzoni,2026-08-23T13:58,35,35 min,anonymous_,2026-08-23T12:01:47+00:00
bogorodica-evzoni,2026-08-23T15:04,150,2.5 h,anonymous,2026-08-23T13:13:09+00:00
bogorodica-evzoni,2026-08-23T14:55,30,30 min,anonymous_,2026-08-23T13:13:09+00:00
bogorodica-evzoni,2026-08-23T15:52,60,60 min,anonymous,2026-08-23T13:55:38+00:00
bogorodica-evzoni,2026-08-23T16:04,5,5 min,anonymous,2026-08-23T14:09:23+00:00
bogorodica-evzoni,2026-08-23T17:23,10,10 min,anonymous_,2026-08-23T15:38:02+00:00
bogorodica-evzoni,2026-08-23T18:23,5,5 min,anonymous_,2026-08-23T16:32:27+00:00
bogorodica-evzoni,2026-08-23T19:24,15,15 min,anonymous_,2026-08-23T17:39:51+00:00
bogorodica-evzoni,2026-08-23T20:28,10,10 min,anonymous_,2026-08-23T18:31:37+00:00
bogorodica-evzoni,2026-08-23T21:25,5,5 min,anonymous_,2026-08-23T19:41:07+00:00
bogorodica-evzoni,2026-08-23T22:28,10,10 min,anonymous_,2026-08-23T20:31:19+00:00
bogorodica-evzoni,2026-08-23T23:27,5,5 min,anonymous_,2026-08-23T21:31:30+00:00
bogorodica-evzoni,2026-08-24T00:25,15,15 min,anonymous_,2026-08-23T22:33:40+00:00
bogorodica-evzoni,2026-08-24T01:27,10,10 min,anonymous_,2026-08-23T23:31:02+00:00
bogorodica-evzoni,2026-08-24T02:28,5,5 min,anonymous_,2026-08-24T00:38:13+00:00
bogorodica-evzoni,2026-08-24T03:27,10,10 min,anonymous_,2026-08-24T01:39:07+00:00
bogorodica-evzoni,2026-08-24T04:24,5,5 min,anonymous_,2026-08-24T02:39:17+00:00
bogorodica-evzoni,2026-08-24T05:26,10,10 min,anonymous_,2026-08-24T03:42:59+00:00
bogorodica-evzoni,2026-08-24T06:28,5,5 min,anonymous_,2026-08-24T04:41:00+00:00
bogorodica-evzoni,2026-08-24T06:49,90,1.5 h,anonymous,2026-08-24T04:56:12+00:00
bogorodica-evzoni,2026-08-24T06:48,60,60 min,anonymous,2026-08-24T04:56:12+00:00
bogorodica-evzoni,2026-08-24T07:56,60,60 min,anonymous_,2026-08-24T06:05:38+00:00
bogorodica-evzoni,2026-08-24T08:58,55,55 min,anonymous_,2026-08-24T07:01:57+00:00
bogorodica-evzoni,2026-08-24T09:37,120,2 h,anonymous,2026-08-24T07:41:52+00:00
bogorodica-evzoni,2026-08-24T10:53,90,1.5 h,anonymous_,2026-08-24T09:01:21+00:00
bogorodica-evzoni,2026-08-24T11:09,90,1.5 h,anonymous,2026-08-24T09:16:33+00:00
bogorodica-evzoni,2026-08-24T12:26,60,60 min,anonymous_,2026-08-24T10:35:17+00:00
bogorodica-evzoni,2026-08-24T13:09,60,60 min,anonymous,2026-08-24T11:13:42+00:00
bogorodica-evzoni,2026-08-24T13:20,50,50 min,anonymous,2026-08-24T11:28:52+00:00
bogorodica-evzoni,2026-08-24T13:14,210,3.5 h,anonymous,2026-08-24T11:28:52+00:00
bogorodica-evzoni,2026-08-24T13:54,45,45 min,anonymous,2026-08-24T12:09:05+00:00
bogorodica-evzoni,2026-08-24T14:57,40,40 min,anonymous_,2026-08-24T13:02:47+00:00
bogorodica-evzoni,2026-08-24T15:56,35,35 min,anonymous_,2026-08-24T14:10:32+00:00
bogorodica-evzoni,2026-08-24T16:55,30,30 min,anonymous_,2026-08-24T15:07:31+00:00
bogorodica-evzoni,2026-08-24T17:56,25,25 min,anonymous_,2026-08-24T16:09:09+00:00
bogorodica-evzoni,2026-08-24T18:58,20,20 min,anonymous_,2026-08-24T17:07:01+00:00
bogorodica-evzoni,2026-08-24T19:54,15,15 min,anonymous_,2026-08-24T18:11:13+00:00
bogorodica-evzoni,2026-08-24T20:59,10,10 min,anonymous_,2026-08-24T19:10:04+00:00
bogorodica-evzoni,2026-08-24T21:56,5,5 min,anonymous_,2026-08-24T20:08:43+00:00
bogorodica-evzoni,2026-08-24T22:54,15,15 min,anonymous_,2026-08-24T21:08:48+00:00
bogorodica-evzoni,2026-08-24T23:56,10,10 min,anonymous_,2026-08-24T22:09:31+00:00
bogorodica-evzoni,2026-08-25T00:58,5,5 min,anonymous_,2026-08-24T23:03:04+00:00
bogorodica-evzoni,2026-08-25T01:59,10,10 min,anonymous_,2026-08-25T00:11:21+00:00
bogorodica-evzoni,2026-08-25T02:53,5,5 min,anonymous_,2026-08-25T01:09:31+00:00
bogorodica-evzoni,2026-08-25T03:55,15,15 min,anonymous_,2026-08-25T02:05:50+00:00
bogorodica-evzoni,2026-08-25T04:56,10,10 min,anonymous_,2026-08-25T03:06:36+00:00
bogorodica-evzoni,2026-08-25T05:59,5,5 min,anonymous_,2026-08-25T04:04:20+00:00
bogorodica-evzoni,2026-08-25T06:20,45,45 min,anonymous,2026-08-25T04:34:45+00:00
bogorodica-evzoni,2026-08-25T07:23,40,40 min,anonymous_,2026-08-25T05:35:42+00:00
bogorodica-evzoni,2026-08-25T08:25,35,35 min,anonymous_,2026-08-25T06:39:15+00:00
bogorodica-evzoni,2026-08-25T09:20,20,20 min,anonymous,2026-08-25T07:34:21+00:00
bogorodica-evzoni,2026-08-25T10:22,60,60 min,anonymous,2026-08-25T08:24:44+00:00
bogorodica-evzoni,2026-08-25T11:25,55,55 min,anonymous_,2026-08-25T09:40:01+00:00
bogorodica-evzoni,2026-08-25T12:28,50,50 min,anonymous_,2026-08-25T10:31:25+00:00
bogorodica-evzoni,2026-08-25T13:28,20,20 min,anonymous,2026-08-25T11:37:32+00:00
bogorodica-evzoni,2026-08-25T14:24,15,15 min,anonymous_,2026-08-25T12:32:49+00:00
bogorodica-evzoni,2026-08-25T15:27,10,10 min,anonymous_,2026-08-25T13:31:43+00:00
bogorodica-evzoni,2026-08-25T16:29,5,5 min,anonymous_,2026-08-25T14:39:51+00:00
bogorodica-evzoni,2026-08-25T17:24,10,10 min,anonymous_,2026-08-25T15:40:25+00:00
bogorodica-evzoni,2026-08-25T18:24,5,5 min,anonymous_,2026-08-25T16:34:59+00:00
bogorodica-evzoni,2026-08-25T19:23,15,15 min,anonymous_,2026-08-25T17:38:13+00:00
bogorodica-evzoni,2026-08-25T20:28,10,10 min,anonymous_,2026-08-25T18:31:24+00:00
bogorodica-evzoni,2026-08-25T21:23,5,5 min,anonymous_,2026-08-25T19:38:42+00:00
bogorodica-evzoni,2026-08-25T22:28,10,10 min,anonymous_,2026-08-25T20:42:17+00:00
bogorodica-evzoni,2026-08-25T23:29,5,5 min,anonymous_,2026-08-25T21:30:16+00:00
bogorodica-evzoni,2026-08-26T00:29,15,15 min,anonymous_,2026-08-25T22:41:05+00:00
bogorodica-evzoni,2026-08-26T01:28,10,10 min,anonymous_,2026-08-25T23:43:39+00:00
bogorodica-evzoni,2026-08-26T02:27,5,5 min,anonymous_,2026-08-26T00:40:44+00:00
bogorodica-evzoni,2026-08-26T03:24,10,10 min,anonymous_,2026-08-26T01:41:32+00:00
bogorodica-evzoni,2026-08-26T04:27,5,5 min,anonymous_,2026-08-26T02:41:50+00:00
bogorodica-evzoni,2026-08-26T05:25,10,10 min,anonymous_,2026-08-26T03:43:44+00:00
bogorodica-evzoni,2026-08-26T06:26,5,5 min,anonymous_,2026-08-26T04:35:16+00:00
bogorodica-evzoni,2026-08-26T07:29,40,40 min,anonymous,2026-08-26T05:31:25+00:00
bogorodica-evzoni,2026-08-26T08:23,35,35 min,anonymous_,2026-08-26T06:36:49+00:00
bogorodica-evzoni,2026-08-26T08:56,25,25 min,anonymous,2026-08-26T07:07:11+00:00
bogorodica-evzoni,2026-08-26T09:31,15,15 min,anonymous,2026-08-26T07:37:57+00:00
bogorodica-evzoni,2026-08-26T10:53,10,10 min,anonymous_,2026-08-26T09:06:29+00:00
bogorodica-evzoni,2026-08-26T11:12,15,15 min,anonymous,2026-08-26T09:23:15+00:00
bogorodica-evzoni,2026-08-26T11:26,25,25 min,anonymous,2026-08-26T09:38:28+00:00
bogorodica-evzoni,2026-08-26T12:29,20,20 min,anonymous_,2026-08-26T10:31:52+00:00
bogorodica-evzoni,2026-08-26T13:23,15,15 min,anonymous_,2026-08-26T11:30:48+00:00
bogorodica-evzoni,2026-08-26T14:22,5,5 min,anonymous,2026-08-26T12:25:12+00:00
bogorodica-evzoni,2026-08-26T15:02,10,10 min,anonymous,2026-08-26T13:10:49+00:00
bogorodica-evzoni,2026-08-26T16:15,10,10 min,anonymous,2026-08-26T14:23:42+00:00
bogorodica-evzoni,2026-08-26T17:26,5,5 min,anonymous_,2026-08-26T15:31:39+00:00
bogorodica-evzoni,2026-08-26T18:23,10,10 min,anonymous_,2026-08-26T16:33:42+00:00
bogorodica-evzoni,2026-08-26T19:29,5,5 min,anonymous_,2026-08-26T17:41:13+00:00
bogorodica-evzoni,2026-08-26T20:29,15,15 min,anonymous_,2026-08-26T18:41:56+00:00
bogorodica-evzoni,2026-08-26T21:24,10,10 min,anonymous_,2026-08-26T19:30:36+00:00
bogorodica-evzoni,2026-08-26T22:23,5,5 min,anonymous_,2026-08-26T20:31:21+00:00
bogorodica-evzoni,2026-08-26T23:25,10,10 min,anonymous_,2026-08-26T21:32:07+00:00
bogorodica-evzoni,2026-08-27T00:23,5,5 min,anonymous_,2026-08-26T22:35:23+00:00
bogorodica-evzoni,2026-08-27T01:23,15,15 min,anonymous_,2026-08-26T23:36:13+00:00
bogorodica-evzoni,2026-08-27T02:23,10,10 min,anonymous_,2026-08-27T00:37:23+00:00
bogorodica-evzoni,2026-08-27T03:11,20,20 min,anonymous,2026-08-27T01:23:00+00:00
bogorodica-evzoni,2026-08-27T04:29,15,15 min,anonymous_,2026-08-27T02:39:00+00:00
bogorodica-evzoni,2026-08-27T04:40,10,10 min,anonymous,2026-08-27T02:54:13+00:00
bogorodica-evzoni,2026-08-27T05:55,5,5 min,anonymous_,2026-08-27T04:09:23+00:00
bogorodica-evzoni,2026-08-27T06:15,15,15 min,anonymous,2026-08-27T04:24:36+00:00
bogorodica-evzoni,2026-08-27T06:59,15,15 min,anonymous,2026-08-27T05:10:13+00:00
bogorodica-evzoni,2026-08-27T07:46,25,25 min,anonymous,2026-08-27T05:55:49+00:00
bogorodica-evzoni,2026-08-27T08:59,20,20 min,anonymous_,2026-08-27T07:11:48+00:00
bogorodica-evzoni,2026-08-27T09:41,25,25 min,anonymous,2026-08-27T07:42:14+00:00
bogorodica-evzoni,2026-08-27T15:58,10,10 min,anonymous_,2026-08-27T14:35:56+00:00
bogorodica-evzoni,2026-08-27T14:56,15,15 min,anonymous,2026-08-27T14:35:56+00:00
bogorodica-evzoni,2026-08-27T14:36,10,10 min,anonymous,2026-08-27T14:35:56+00:00
bogorodica-evzoni,2026-08-27T13:53,10,10 min,anonymous_,2026-08-27T14:35:56+00:00
bogorodica-evzoni,2026-08-27T12:53,15,15 min,anonymous_,2026-08-27T14:35:56+00:00
bogorodica-evzoni,2026-08-27T11:56,20,20 min,anonymous_,2026-08-27T14:35:56+00:00
bogorodica-evzoni,2026-08-27T10:43,25,25 min,anonymous,2026-08-27T14:35:56+00:00
bogorodica-evzoni,2026-08-27T16:53,5,5 min,anonymous_,2026-08-27T15:06:17+00:00
bogorodica-evzoni,2026-08-27T17:21,5,5 min,anonymous,2026-08-27T15:21:27+00:00
bogorodica-evzoni,2026-08-27T18:26,15,15 min,anonymous_,2026-08-27T16:37:21+00:00
bogorodica-evzoni,2026-08-27T19:25,10,10 min,anonymous_,2026-08-27T17:38:04+00:00
bogorodica-evzoni,2026-08-27T20:28,5,5 min,anonymous_,2026-08-27T18:38:48+00:00
bogorodica-evzoni,2026-08-27T21:24,15,15 min,anonymous_,2026-08-27T19:39:31+00:00
bogorodica-evzoni,2026-08-28T01:26,5,5 min,anonymous_,2026-08-27T23:58:10+00:00
bogorodica-evzoni,2026-08-28T00:24,10,10 min,anonymous_,2026-08-27T23:58:10+00:00
bogorodica-evzoni,2026-08-27T23:23,5,5 min,anonymous_,2026-08-27T23:58:10+00:00
bogorodica-evzoni,2026-08-27T22:29,10,10 min,anonymous_,2026-08-27T23:58:10+00:00
bogorodica-evzoni,2026-08-28T02:27,10,10 min,anonymous_,2026-08-28T00:43:46+00:00
bogorodica-evzoni,2026-08-28T03:26,5,5 min,anonymous_,2026-08-28T01:44:31+00:00
bogorodica-evzoni,2026-08-28T03:56,40,40 min,anonymous,2026-08-28T01:59:43+00:00
bogorodica-evzoni,2026-08-28T04:55,35,35 min,anonymous_,2026-08-28T03:00:40+00:00
bogorodica-evzoni,2026-08-28T05:54,30,30 min,anonymous_,2026-08-28T04:01:24+00:00
bogorodica-evzoni,2026-08-28T06:58,25,25 min,anonymous_,2026-08-28T05:02:11+00:00
bogorodica-evzoni,2026-08-28T12:55,10,10 min,anonymous_,2026-08-28T11:16:09+00:00
bogorodica-evzoni,2026-08-28T11:58,5,5 min,anonymous_,2026-08-28T11:16:09+00:00
bogorodica-evzoni,2026-08-28T10:59,10,10 min,anonymous_,2026-08-28T11:16:09+00:00
bogorodica-evzoni,2026-08-28T09:46,15,15 min,anonymous,2026-08-28T11:16:09+00:00
bogorodica-evzoni,2026-08-28T08:34,15,15 min,anonymous,2026-08-28T11:16:09+00:00
bogorodica-evzoni,2026-08-28T07:40,15,15 min,anonymous,2026-08-28T11:16:09+00:00
bogorodica-evzoni,2026-08-28T13:57,5,5 min,anonymous_,2026-08-28T12:01:41+00:00
