crossing,reported_at,value_min,value_raw,reporter,scraped_at_utc
evzoni-bogorodica,2026-06-16T22:24,5,5 min,anonymous_,2026-06-16T20:59:42+00:00
evzoni-bogorodica,2026-06-16T21:06,10,10 min,anonymous,2026-06-16T20:59:42+00:00
evzoni-bogorodica,2026-06-16T20:57,40,40 min,anonymous_,2026-06-16T20:59:42+00:00
evzoni-bogorodica,2026-06-16T19:56,45,45 min,anonymous,2026-06-16T20:59:42+00:00
evzoni-bogorodica,2026-06-16T18:57,5,5 min,anonymous_,2026-06-16T20:59:42+00:00
evzoni-bogorodica,2026-06-16T17:53,10,10 min,anonymous_,2026-06-16T20:59:42+00:00
evzoni-bogorodica,2026-06-16T16:59,5,5 min,anonymous_,2026-06-16T20:59:42+00:00
evzoni-bogorodica,2026-06-16T15:57,10,10 min,anonymous_,2026-06-16T20:59:42+00:00
evzoni-bogorodica,2026-06-16T23:27,10,10 min,anonymous_,2026-06-16T21:45:34+00:00
evzoni-bogorodica,2026-06-17T00:27,5,5 min,anonymous_,2026-06-16T22:30:21+00:00
evzoni-bogorodica,2026-06-17T03:29,5,5 min,anonymous_,2026-06-17T01:40:44+00:00
evzoni-bogorodica,2026-06-17T02:27,10,10 min,anonymous_,2026-06-17T01:40:44+00:00
evzoni-bogorodica,2026-06-17T01:28,15,15 min,anonymous_,2026-06-17T01:40:44+00:00
evzoni-bogorodica,2026-06-17T06:29,5,5 min,anonymous_,2026-06-17T05:27:43+00:00
evzoni-bogorodica,2026-06-17T05:25,10,10 min,anonymous_,2026-06-17T05:27:43+00:00
evzoni-bogorodica,2026-06-17T04:23,15,15 min,anonymous_,2026-06-17T05:27:43+00:00
evzoni-bogorodica,2026-06-17T07:24,15,15 min,anonymous_,2026-06-17T06:13:33+00:00
evzoni-bogorodica,2026-06-17T08:28,10,10 min,anonymous_,2026-06-17T06:43:46+00:00
evzoni-bogorodica,2026-06-17T09:14,50,50 min,anonymous,2026-06-17T07:29:05+00:00
evzoni-bogorodica,2026-06-17T10:26,45,45 min,anonymous_,2026-06-17T08:44:37+00:00
evzoni-bogorodica,2026-06-17T11:29,40,40 min,anonymous_,2026-06-17T09:45:04+00:00
evzoni-bogorodica,2026-06-17T12:24,35,35 min,anonymous_,2026-06-17T10:33:11+00:00
evzoni-bogorodica,2026-06-17T13:24,30,30 min,anonymous_,2026-06-17T11:33:35+00:00
evzoni-bogorodica,2026-06-17T14:24,25,25 min,anonymous_,2026-06-17T12:33:59+00:00
evzoni-bogorodica,2026-06-17T15:28,20,20 min,anonymous_,2026-06-17T13:34:23+00:00
evzoni-bogorodica,2026-06-17T16:28,15,15 min,anonymous_,2026-06-17T14:42:45+00:00
evzoni-bogorodica,2026-06-17T17:26,10,10 min,anonymous_,2026-06-17T15:43:33+00:00
evzoni-bogorodica,2026-06-17T18:25,5,5 min,anonymous_,2026-06-17T16:43:59+00:00
evzoni-bogorodica,2026-06-17T19:23,15,15 min,anonymous_,2026-06-17T17:42:36+00:00
evzoni-bogorodica,2026-06-17T20:24,10,10 min,anonymous_,2026-06-17T18:43:02+00:00
evzoni-bogorodica,2026-06-17T21:28,5,5 min,anonymous_,2026-06-17T19:40:09+00:00
evzoni-bogorodica,2026-06-17T22:25,10,10 min,anonymous_,2026-06-17T20:40:32+00:00
evzoni-bogorodica,2026-06-17T23:26,5,5 min,anonymous_,2026-06-17T21:40:53+00:00
evzoni-bogorodica,2026-06-18T00:26,10,10 min,anonymous_,2026-06-17T22:33:34+00:00
evzoni-bogorodica,2026-06-18T01:25,5,5 min,anonymous_,2026-06-17T23:42:25+00:00
evzoni-bogorodica,2026-06-18T02:26,15,15 min,anonymous_,2026-06-18T00:32:10+00:00
evzoni-bogorodica,2026-06-18T03:25,10,10 min,anonymous_,2026-06-18T01:32:32+00:00
evzoni-bogorodica,2026-06-18T04:25,5,5 min,anonymous_,2026-06-18T02:31:10+00:00
evzoni-bogorodica,2026-06-18T05:28,10,10 min,anonymous_,2026-06-18T03:31:33+00:00
evzoni-bogorodica,2026-06-18T06:23,5,5 min,anonymous_,2026-06-18T04:31:56+00:00
evzoni-bogorodica,2026-06-18T07:29,10,10 min,anonymous_,2026-06-18T05:32:19+00:00
evzoni-bogorodica,2026-06-18T08:26,5,5 min,anonymous_,2026-06-18T06:32:42+00:00
evzoni-bogorodica,2026-06-18T09:26,15,15 min,anonymous_,2026-06-18T07:40:21+00:00
evzoni-bogorodica,2026-06-18T10:28,10,10 min,anonymous_,2026-06-18T08:40:43+00:00
evzoni-bogorodica,2026-06-18T11:26,5,5 min,anonymous_,2026-06-18T09:41:03+00:00
evzoni-bogorodica,2026-06-18T12:23,30,30 min,anonymous,2026-06-18T10:26:20+00:00
evzoni-bogorodica,2026-06-18T13:26,25,25 min,anonymous_,2026-06-18T11:33:17+00:00
evzoni-bogorodica,2026-06-18T14:25,20,20 min,anonymous_,2026-06-18T12:33:43+00:00
evzoni-bogorodica,2026-06-18T15:23,15,15 min,anonymous_,2026-06-18T13:34:09+00:00
evzoni-bogorodica,2026-06-18T16:28,10,10 min,anonymous_,2026-06-18T14:34:39+00:00
evzoni-bogorodica,2026-06-18T17:25,5,5 min,anonymous_,2026-06-18T15:35:00+00:00
evzoni-bogorodica,2026-06-18T17:54,15,15 min,anonymous,2026-06-18T16:05:12+00:00
evzoni-bogorodica,2026-06-18T18:54,10,10 min,anonymous_,2026-06-18T17:05:32+00:00
evzoni-bogorodica,2026-06-18T19:36,10,10 min,anonymous,2026-06-18T17:37:55+00:00
evzoni-bogorodica,2026-06-18T20:57,5,5 min,anonymous_,2026-06-18T19:08:52+00:00
evzoni-bogorodica,2026-06-18T21:46,30,30 min,anonymous,2026-06-18T19:54:11+00:00
evzoni-bogorodica,2026-06-18T22:54,25,25 min,anonymous_,2026-06-18T21:02:08+00:00
evzoni-bogorodica,2026-06-18T23:57,20,20 min,anonymous_,2026-06-18T22:02:29+00:00
evzoni-bogorodica,2026-06-19T00:55,15,15 min,anonymous_,2026-06-18T23:09:03+00:00
evzoni-bogorodica,2026-06-19T01:54,10,10 min,anonymous_,2026-06-19T00:09:29+00:00
evzoni-bogorodica,2026-06-19T02:57,5,5 min,anonymous_,2026-06-19T01:14:01+00:00
evzoni-bogorodica,2026-06-19T03:58,10,10 min,anonymous_,2026-06-19T02:14:20+00:00
evzoni-bogorodica,2026-06-19T04:55,5,5 min,anonymous_,2026-06-19T03:14:40+00:00
evzoni-bogorodica,2026-06-19T05:59,15,15 min,anonymous_,2026-06-19T04:15:01+00:00
evzoni-bogorodica,2026-06-19T06:59,10,10 min,anonymous_,2026-06-19T05:00:25+00:00
evzoni-bogorodica,2026-06-19T07:55,5,5 min,anonymous_,2026-06-19T06:00:07+00:00
evzoni-bogorodica,2026-06-19T08:12,5,5 min,anonymous,2026-06-19T06:15:22+00:00
evzoni-bogorodica,2026-06-19T09:25,15,15 min,anonymous_,2026-06-19T07:30:54+00:00
evzoni-bogorodica,2026-06-19T10:28,10,10 min,anonymous_,2026-06-19T08:31:21+00:00
evzoni-bogorodica,2026-06-19T11:29,5,5 min,anonymous_,2026-06-19T09:31:48+00:00
evzoni-bogorodica,2026-06-19T12:24,10,10 min,anonymous_,2026-06-19T10:34:54+00:00
evzoni-bogorodica,2026-06-19T13:29,5,5 min,anonymous_,2026-06-19T11:35:15+00:00
evzoni-bogorodica,2026-06-19T14:26,10,10 min,anonymous_,2026-06-19T12:35:37+00:00
evzoni-bogorodica,2026-06-19T15:24,5,5 min,anonymous_,2026-06-19T13:35:59+00:00
evzoni-bogorodica,2026-06-19T16:26,10,10 min,anonymous_,2026-06-19T14:33:33+00:00
evzoni-bogorodica,2026-06-19T17:24,5,5 min,anonymous_,2026-06-19T15:33:55+00:00
evzoni-bogorodica,2026-06-19T18:29,10,10 min,anonymous_,2026-06-19T16:40:44+00:00
evzoni-bogorodica,2026-06-19T19:27,5,5 min,anonymous_,2026-06-19T17:41:06+00:00
evzoni-bogorodica,2026-06-19T19:52,30,30 min,anonymous,2026-06-19T17:56:12+00:00
evzoni-bogorodica,2026-06-19T20:53,25,25 min,anonymous_,2026-06-19T19:05:46+00:00
evzoni-bogorodica,2026-06-19T21:55,20,20 min,anonymous_,2026-06-19T20:06:12+00:00
evzoni-bogorodica,2026-06-19T22:53,15,15 min,anonymous_,2026-06-19T21:10:51+00:00
evzoni-bogorodica,2026-06-19T23:54,10,10 min,anonymous_,2026-06-19T22:09:01+00:00
evzoni-bogorodica,2026-06-20T00:57,5,5 min,anonymous_,2026-06-19T23:11:10+00:00
evzoni-bogorodica,2026-06-20T01:56,10,10 min,anonymous_,2026-06-20T00:09:56+00:00
evzoni-bogorodica,2026-06-20T02:56,5,5 min,anonymous_,2026-06-20T01:10:18+00:00
evzoni-bogorodica,2026-06-20T03:57,15,15 min,anonymous_,2026-06-20T02:10:39+00:00
evzoni-bogorodica,2026-06-20T04:59,10,10 min,anonymous_,2026-06-20T03:11:02+00:00
evzoni-bogorodica,2026-06-20T05:57,5,5 min,anonymous_,2026-06-20T04:11:25+00:00
evzoni-bogorodica,2026-06-20T06:13,15,15 min,anonymous,2026-06-20T04:26:30+00:00
evzoni-bogorodica,2026-06-20T07:26,10,10 min,anonymous_,2026-06-20T05:37:59+00:00
evzoni-bogorodica,2026-06-20T08:25,5,5 min,anonymous_,2026-06-20T06:38:36+00:00
evzoni-bogorodica,2026-06-20T09:25,15,15 min,anonymous_,2026-06-20T07:38:56+00:00
evzoni-bogorodica,2026-06-20T10:28,50,50 min,anonymous,2026-06-20T08:30:50+00:00
evzoni-bogorodica,2026-06-20T11:27,60,60 min,anonymous,2026-06-20T09:31:15+00:00
evzoni-bogorodica,2026-06-20T12:28,55,55 min,anonymous_,2026-06-20T10:31:41+00:00
evzoni-bogorodica,2026-06-20T12:35,55,55 min,Bordertime,2026-06-20T10:43:41+00:00
evzoni-bogorodica,2026-06-20T13:07,15,15 min,anonymous,2026-06-20T11:14:01+00:00
evzoni-bogorodica,2026-06-20T13:05,150,2.5 h,anonymous,2026-06-20T11:14:01+00:00
evzoni-bogorodica,2026-06-20T13:14,150,2.5 h,anonymous,2026-06-20T11:29:08+00:00
evzoni-bogorodica,2026-06-20T13:14,45,45 min,anonymous,2026-06-20T11:29:08+00:00
evzoni-bogorodica,2026-06-20T13:41,180,3 h,anonymous,2026-06-20T11:44:14+00:00
evzoni-bogorodica,2026-06-20T14:07,210,3.5 h,anonymous,2026-06-20T12:14:28+00:00
evzoni-bogorodica,2026-06-20T14:19,210,3.5 h,anonymous,2026-06-20T12:21:36+00:00
evzoni-bogorodica,2026-06-20T14:16,5,5 min,anonymous,2026-06-20T12:21:36+00:00
evzoni-bogorodica,2026-06-20T15:20,15,15 min,anonymous,2026-06-20T13:21:57+00:00
evzoni-bogorodica,2026-06-20T15:15,5,5 min,anonymous,2026-06-20T13:21:57+00:00
evzoni-bogorodica,2026-06-20T15:14,210,3.5 h,anonymous,2026-06-20T13:21:57+00:00
evzoni-bogorodica,2026-06-20T15:11,180,3 h,anonymous,2026-06-20T13:21:57+00:00
evzoni-bogorodica,2026-06-20T15:51,360,6 h,anonymous,2026-06-20T13:52:13+00:00
evzoni-bogorodica,2026-06-20T15:44,450,7.5 h,anonymous,2026-06-20T13:52:13+00:00
evzoni-bogorodica,2026-06-20T15:37,210,3.5 h,anonymous,2026-06-20T13:52:13+00:00
evzoni-bogorodica,2026-06-20T16:03,300,5 h,anonymous,2026-06-20T14:07:18+00:00
evzoni-bogorodica,2026-06-20T16:11,330,5.5 h,anonymous,2026-06-20T14:22:24+00:00
evzoni-bogorodica,2026-06-20T16:47,360,6 h,anonymous,2026-06-20T14:53:33+00:00
evzoni-bogorodica,2026-06-20T17:43,270,4.5 h,anonymous,2026-06-20T15:53:55+00:00
evzoni-bogorodica,2026-06-20T18:01,210,3.5 h,anonymous,2026-06-20T16:09:14+00:00
evzoni-bogorodica,2026-06-20T18:38,180,3 h,anonymous,2026-06-20T16:39:25+00:00
evzoni-bogorodica,2026-06-20T18:34,120,2 h,anonymous,2026-06-20T16:39:25+00:00
evzoni-bogorodica,2026-06-20T18:56,210,3.5 h,anonymous,2026-06-20T17:09:37+00:00
evzoni-bogorodica,2026-06-20T19:14,180,3 h,anonymous,2026-06-20T17:24:43+00:00
evzoni-bogorodica,2026-06-20T19:37,360,6 h,anonymous,2026-06-20T17:39:49+00:00
evzoni-bogorodica,2026-06-20T19:28,240,4 h,anonymous,2026-06-20T17:39:49+00:00
evzoni-bogorodica,2026-06-20T19:51,420,7 h,anonymous,2026-06-20T18:06:39+00:00
evzoni-bogorodica,2026-06-20T21:06,420,7 h,anonymous,2026-06-20T19:07:05+00:00
evzoni-bogorodica,2026-06-20T21:05,300,5 h,anonymous,2026-06-20T19:07:05+00:00
evzoni-bogorodica,2026-06-20T20:55,420,7 h,anonymous,2026-06-20T19:07:05+00:00
evzoni-bogorodica,2026-06-20T21:10,420,7 h,anonymous,2026-06-20T19:24:57+00:00
evzoni-bogorodica,2026-06-20T21:30,240,4 h,anonymous,2026-06-20T19:40:03+00:00
evzoni-bogorodica,2026-06-20T21:29,240,4 h,anonymous,2026-06-20T19:40:03+00:00
evzoni-bogorodica,2026-06-20T21:28,240,4 h,anonymous,2026-06-20T19:40:03+00:00
evzoni-bogorodica,2026-06-20T21:52,30,30 min,anonymous,2026-06-20T19:55:08+00:00
evzoni-bogorodica,2026-06-20T21:43,240,4 h,anonymous,2026-06-20T19:55:08+00:00
evzoni-bogorodica,2026-06-20T21:42,270,4.5 h,anonymous,2026-06-20T19:55:08+00:00
evzoni-bogorodica,2026-06-20T22:21,330,5.5 h,anonymous,2026-06-20T20:25:20+00:00
evzoni-bogorodica,2026-06-20T22:15,360,6 h,anonymous,2026-06-20T20:25:20+00:00
evzoni-bogorodica,2026-06-20T22:11,240,4 h,anonymous,2026-06-20T20:25:20+00:00
evzoni-bogorodica,2026-06-20T22:56,300,5 h,anonymous,2026-06-20T21:00:02+00:00
evzoni-bogorodica,2026-06-20T22:45,300,5 h,anonymous,2026-06-20T21:00:02+00:00
evzoni-bogorodica,2026-06-20T23:40,120,2 h,anonymous,2026-06-20T21:45:46+00:00
evzoni-bogorodica,2026-06-21T00:15,330,5.5 h,anonymous,2026-06-20T22:27:20+00:00
evzoni-bogorodica,2026-06-21T01:15,150,2.5 h,anonymous,2026-06-20T23:22:02+00:00
evzoni-bogorodica,2026-06-21T02:09,20,20 min,anonymous,2026-06-21T00:22:45+00:00
evzoni-bogorodica,2026-06-21T03:29,15,15 min,anonymous_,2026-06-21T01:38:14+00:00
evzoni-bogorodica,2026-06-21T03:49,10,10 min,anonymous,2026-06-21T01:53:20+00:00
evzoni-bogorodica,2026-06-21T05:06,10,10 min,anonymous,2026-06-21T03:12:53+00:00
evzoni-bogorodica,2026-06-21T05:02,10,10 min,anonymous,2026-06-21T03:12:53+00:00
evzoni-bogorodica,2026-06-21T04:54,5,5 min,anonymous_,2026-06-21T03:12:53+00:00
evzoni-bogorodica,2026-06-21T05:37,20,20 min,anonymous,2026-06-21T03:43:08+00:00
evzoni-bogorodica,2026-06-21T05:55,10,10 min,anonymous,2026-06-21T03:58:14+00:00
evzoni-bogorodica,2026-06-21T06:35,20,20 min,anonymous,2026-06-21T04:43:38+00:00
evzoni-bogorodica,2026-06-21T08:06,10,10 min,anonymous,2026-06-21T06:14:11+00:00
evzoni-bogorodica,2026-06-21T07:58,15,15 min,anonymous_,2026-06-21T06:14:11+00:00
evzoni-bogorodica,2026-06-21T08:58,10,10 min,anonymous,2026-06-21T06:59:28+00:00
evzoni-bogorodica,2026-06-21T08:52,20,20 min,anonymous,2026-06-21T06:59:28+00:00
evzoni-bogorodica,2026-06-21T09:10,30,30 min,anonymous,2026-06-21T07:18:00+00:00
evzoni-bogorodica,2026-06-21T09:08,10,10 min,anonymous,2026-06-21T07:18:00+00:00
evzoni-bogorodica,2026-06-21T09:43,30,30 min,anonymous,2026-06-21T07:48:13+00:00
evzoni-bogorodica,2026-06-21T09:49,25,25 min,anonymous,2026-06-21T08:03:19+00:00
evzoni-bogorodica,2026-06-21T10:23,45,45 min,anonymous,2026-06-21T08:33:33+00:00
evzoni-bogorodica,2026-06-21T10:43,60,60 min,anonymous,2026-06-21T08:48:40+00:00
evzoni-bogorodica,2026-06-21T10:49,90,1.5 h,anonymous,2026-06-21T09:03:53+00:00
evzoni-bogorodica,2026-06-21T11:51,60,60 min,anonymous,2026-06-21T10:04:40+00:00
evzoni-bogorodica,2026-06-21T11:51,90,1.5 h,anonymous,2026-06-21T10:04:40+00:00
evzoni-bogorodica,2026-06-21T11:49,10,10 min,anonymous,2026-06-21T10:04:40+00:00
evzoni-bogorodica,2026-06-21T12:23,60,60 min,anonymous,2026-06-21T10:34:53+00:00
evzoni-bogorodica,2026-06-21T13:07,90,1.5 h,anonymous,2026-06-21T11:11:17+00:00
evzoni-bogorodica,2026-06-21T13:01,90,1.5 h,anonymous,2026-06-21T11:11:17+00:00
evzoni-bogorodica,2026-06-21T12:57,90,1.5 h,anonymous,2026-06-21T11:11:17+00:00
evzoni-bogorodica,2026-06-21T13:20,120,2 h,anonymous,2026-06-21T11:26:23+00:00
evzoni-bogorodica,2026-06-21T13:19,5,5 min,anonymous,2026-06-21T11:26:23+00:00
evzoni-bogorodica,2026-06-21T13:48,120,2 h,anonymous,2026-06-21T11:56:35+00:00
evzoni-bogorodica,2026-06-21T14:26,35,35 min,anonymous,2026-06-21T12:26:46+00:00
evzoni-bogorodica,2026-06-21T14:18,150,2.5 h,anonymous,2026-06-21T12:26:46+00:00
evzoni-bogorodica,2026-06-21T14:44,10,10 min,anonymous,2026-06-21T12:47:27+00:00
evzoni-bogorodica,2026-06-21T14:33,240,4 h,anonymous,2026-06-21T12:47:27+00:00
evzoni-bogorodica,2026-06-21T14:59,240,4 h,anonymous,2026-06-21T13:02:38+00:00
evzoni-bogorodica,2026-06-21T14:56,55,55 min,anonymous,2026-06-21T13:02:38+00:00
evzoni-bogorodica,2026-06-21T14:50,5,5 min,anonymous,2026-06-21T13:02:38+00:00
evzoni-bogorodica,2026-06-21T14:47,180,3 h,anonymous,2026-06-21T13:02:38+00:00
evzoni-bogorodica,2026-06-21T15:05,240,4 h,anonymous,2026-06-21T13:17:45+00:00
evzoni-bogorodica,2026-06-21T15:03,5,5 min,anonymous,2026-06-21T13:17:45+00:00
evzoni-bogorodica,2026-06-21T15:02,150,2.5 h,anonymous,2026-06-21T13:17:45+00:00
evzoni-bogorodica,2026-06-21T15:22,180,3 h,anonymous,2026-06-21T13:32:52+00:00
evzoni-bogorodica,2026-06-21T15:22,120,2 h,anonymous,2026-06-21T13:32:52+00:00
evzoni-bogorodica,2026-06-21T15:20,90,1.5 h,anonymous,2026-06-21T13:32:52+00:00
evzoni-bogorodica,2026-06-21T15:19,210,3.5 h,anonymous,2026-06-21T13:32:52+00:00
evzoni-bogorodica,2026-06-21T15:43,5,5 min,anonymous,2026-06-21T13:47:58+00:00
evzoni-bogorodica,2026-06-21T15:57,25,25 min,anonymous,2026-06-21T14:03:05+00:00
evzoni-bogorodica,2026-06-21T15:50,210,3.5 h,anonymous,2026-06-21T14:03:05+00:00
evzoni-bogorodica,2026-06-21T15:49,180,3 h,anonymous,2026-06-21T14:03:05+00:00
evzoni-bogorodica,2026-06-21T16:16,5,5 min,anonymous,2026-06-21T14:18:12+00:00
evzoni-bogorodica,2026-06-21T16:05,240,4 h,anonymous,2026-06-21T14:18:12+00:00
evzoni-bogorodica,2026-06-21T16:26,120,2 h,anonymous,2026-06-21T14:33:18+00:00
evzoni-bogorodica,2026-06-21T16:36,210,3.5 h,anonymous,2026-06-21T14:48:25+00:00
evzoni-bogorodica,2026-06-21T16:35,5,5 min,anonymous,2026-06-21T14:48:25+00:00
evzoni-bogorodica,2026-06-21T17:14,240,4 h,anonymous,2026-06-21T15:15:02+00:00
evzoni-bogorodica,2026-06-21T17:22,240,4 h,anonymous,2026-06-21T15:30:07+00:00
evzoni-bogorodica,2026-06-21T18:09,210,3.5 h,anonymous,2026-06-21T16:15:36+00:00
evzoni-bogorodica,2026-06-21T18:19,210,3.5 h,anonymous,2026-06-21T16:30:42+00:00
evzoni-bogorodica,2026-06-21T18:50,55,55 min,anonymous,2026-06-21T16:53:23+00:00
evzoni-bogorodica,2026-06-21T19:13,120,2 h,anonymous,2026-06-21T17:23:33+00:00
evzoni-bogorodica,2026-06-21T19:50,120,2 h,anonymous,2026-06-21T17:53:44+00:00
evzoni-bogorodica,2026-06-21T19:59,5,5 min,anonymous,2026-06-21T18:08:50+00:00
evzoni-bogorodica,2026-06-21T20:13,180,3 h,anonymous,2026-06-21T18:23:55+00:00
evzoni-bogorodica,2026-06-21T21:12,150,2.5 h,anonymous,2026-06-21T19:15:48+00:00
evzoni-bogorodica,2026-06-21T21:24,5,5 min,anonymous,2026-06-21T19:30:53+00:00
evzoni-bogorodica,2026-06-21T22:04,150,2.5 h,anonymous,2026-06-21T20:16:11+00:00
evzoni-bogorodica,2026-06-21T22:43,20,20 min,anonymous,2026-06-21T20:48:38+00:00
evzoni-bogorodica,2026-06-21T22:50,90,1.5 h,anonymous,2026-06-21T21:03:45+00:00
evzoni-bogorodica,2026-06-21T23:42,330,5.5 h,anonymous,2026-06-21T21:47:48+00:00
evzoni-bogorodica,2026-06-22T00:11,90,1.5 h,anonymous,2026-06-21T22:18:00+00:00
evzoni-bogorodica,2026-06-22T00:32,20,20 min,anonymous,2026-06-21T22:33:05+00:00
evzoni-bogorodica,2026-06-22T00:31,5,5 min,anonymous,2026-06-21T22:33:05+00:00
evzoni-bogorodica,2026-06-22T00:51,90,1.5 h,anonymous,2026-06-21T22:54:32+00:00
evzoni-bogorodica,2026-06-22T01:10,50,50 min,anonymous,2026-06-21T23:24:43+00:00
evzoni-bogorodica,2026-06-22T01:27,50,50 min,anonymous,2026-06-21T23:39:49+00:00
evzoni-bogorodica,2026-06-22T01:53,10,10 min,anonymous,2026-06-21T23:54:54+00:00
evzoni-bogorodica,2026-06-22T01:51,30,30 min,anonymous,2026-06-21T23:54:54+00:00
evzoni-bogorodica,2026-06-22T02:57,5,5 min,anonymous_,2026-06-22T01:05:27+00:00
evzoni-bogorodica,2026-06-22T04:04,5,5 min,anonymous,2026-06-22T02:05:50+00:00
evzoni-bogorodica,2026-06-22T03:59,15,15 min,anonymous_,2026-06-22T02:05:50+00:00
evzoni-bogorodica,2026-06-22T05:27,10,10 min,anonymous_,2026-06-22T03:36:24+00:00
evzoni-bogorodica,2026-06-22T06:05,5,5 min,anonymous,2026-06-22T04:06:36+00:00
evzoni-bogorodica,2026-06-22T07:28,15,15 min,anonymous_,2026-06-22T05:37:17+00:00
evzoni-bogorodica,2026-06-22T07:38,120,2 h,anonymous,2026-06-22T05:52:24+00:00
evzoni-bogorodica,2026-06-22T08:07,45,45 min,anonymous,2026-06-22T06:22:41+00:00
evzoni-bogorodica,2026-06-22T09:23,40,40 min,anonymous_,2026-06-22T07:38:12+00:00
evzoni-bogorodica,2026-06-22T10:18,10,10 min,anonymous,2026-06-22T08:23:33+00:00
evzoni-bogorodica,2026-06-22T11:35,45,45 min,anonymous,2026-06-22T09:39:04+00:00
evzoni-bogorodica,2026-06-22T11:29,5,5 min,anonymous_,2026-06-22T09:39:04+00:00
evzoni-bogorodica,2026-06-22T11:41,30,30 min,anonymous,2026-06-22T09:54:11+00:00
evzoni-bogorodica,2026-06-22T12:06,90,1.5 h,anonymous,2026-06-22T10:09:18+00:00
evzoni-bogorodica,2026-06-22T11:55,30,30 min,anonymous,2026-06-22T10:09:18+00:00
evzoni-bogorodica,2026-06-22T12:14,120,2 h,anonymous,2026-06-22T10:24:24+00:00
evzoni-bogorodica,2026-06-22T12:49,150,2.5 h,anonymous,2026-06-22T10:54:37+00:00
evzoni-bogorodica,2026-06-22T13:19,120,2 h,anonymous,2026-06-22T11:20:33+00:00
evzoni-bogorodica,2026-06-22T13:17,360,6 h,anonymous,2026-06-22T11:20:33+00:00
evzoni-bogorodica,2026-06-22T13:48,120,2 h,anonymous,2026-06-22T11:50:45+00:00
evzoni-bogorodica,2026-06-22T13:48,30,30 min,anonymous,2026-06-22T11:50:45+00:00
evzoni-bogorodica,2026-06-22T15:01,120,2 h,anonymous,2026-06-22T13:06:15+00:00
evzoni-bogorodica,2026-06-22T14:56,90,1.5 h,anonymous_,2026-06-22T13:06:15+00:00
evzoni-bogorodica,2026-06-22T15:56,60,60 min,anonymous,2026-06-22T14:06:40+00:00
evzoni-bogorodica,2026-06-22T16:19,15,15 min,anonymous,2026-06-22T14:21:46+00:00
evzoni-bogorodica,2026-06-22T16:17,90,1.5 h,anonymous,2026-06-22T14:21:46+00:00
evzoni-bogorodica,2026-06-22T16:32,90,1.5 h,anonymous,2026-06-22T14:36:53+00:00
evzoni-bogorodica,2026-06-22T16:31,45,45 min,anonymous,2026-06-22T14:36:53+00:00
evzoni-bogorodica,2026-06-22T16:39,120,2 h,anonymous,2026-06-22T14:52:01+00:00
evzoni-bogorodica,2026-06-22T17:00,60,60 min,anonymous,2026-06-22T15:07:07+00:00
evzoni-bogorodica,2026-06-22T16:57,30,30 min,anonymous,2026-06-22T15:07:07+00:00
evzoni-bogorodica,2026-06-22T17:17,120,2 h,anonymous,2026-06-22T15:22:13+00:00
evzoni-bogorodica,2026-06-22T17:25,210,3.5 h,anonymous,2026-06-22T15:37:20+00:00
evzoni-bogorodica,2026-06-22T18:27,180,3 h,anonymous_,2026-06-22T16:38:33+00:00
evzoni-bogorodica,2026-06-22T19:36,60,60 min,anonymous,2026-06-22T17:38:57+00:00
evzoni-bogorodica,2026-06-22T19:23,150,2.5 h,anonymous_,2026-06-22T17:38:57+00:00
evzoni-bogorodica,2026-06-22T20:19,40,40 min,anonymous,2026-06-22T18:24:17+00:00
evzoni-bogorodica,2026-06-22T20:14,60,60 min,anonymous,2026-06-22T18:24:17+00:00
evzoni-bogorodica,2026-06-22T20:31,30,30 min,anonymous,2026-06-22T18:39:24+00:00
evzoni-bogorodica,2026-06-22T20:24,35,35 min,anonymous,2026-06-22T18:39:24+00:00
evzoni-bogorodica,2026-06-22T20:44,10,10 min,anonymous,2026-06-22T18:54:30+00:00
evzoni-bogorodica,2026-06-22T21:56,5,5 min,anonymous_,2026-06-22T20:06:12+00:00
evzoni-bogorodica,2026-06-22T22:19,10,10 min,anonymous,2026-06-22T20:21:19+00:00
evzoni-bogorodica,2026-06-22T22:18,20,20 min,anonymous,2026-06-22T20:21:19+00:00
evzoni-bogorodica,2026-06-22T23:23,5,5 min,anonymous_,2026-06-22T21:36:57+00:00
evzoni-bogorodica,2026-06-23T00:28,10,10 min,anonymous_,2026-06-22T22:40:07+00:00
evzoni-bogorodica,2026-06-23T01:25,5,5 min,anonymous_,2026-06-22T23:40:29+00:00
evzoni-bogorodica,2026-06-23T02:28,10,10 min,anonymous_,2026-06-23T00:41:21+00:00
evzoni-bogorodica,2026-06-23T03:28,5,5 min,anonymous_,2026-06-23T01:41:43+00:00
evzoni-bogorodica,2026-06-23T04:27,15,15 min,anonymous_,2026-06-23T02:36:01+00:00
evzoni-bogorodica,2026-06-23T04:50,20,20 min,anonymous,2026-06-23T02:51:06+00:00
evzoni-bogorodica,2026-06-23T04:37,10,10 min,anonymous,2026-06-23T02:51:06+00:00
evzoni-bogorodica,2026-06-23T04:58,60,60 min,anonymous,2026-06-23T03:06:12+00:00
evzoni-bogorodica,2026-06-23T05:12,5,5 min,anonymous,2026-06-23T03:21:18+00:00
evzoni-bogorodica,2026-06-23T06:24,10,10 min,anonymous_,2026-06-23T04:36:45+00:00
evzoni-bogorodica,2026-06-23T07:25,5,5 min,anonymous_,2026-06-23T05:37:09+00:00
evzoni-bogorodica,2026-06-23T08:30,20,20 min,anonymous,2026-06-23T06:43:15+00:00
evzoni-bogorodica,2026-06-23T08:27,10,10 min,anonymous_,2026-06-23T06:43:15+00:00
evzoni-bogorodica,2026-06-23T09:26,15,15 min,anonymous_,2026-06-23T07:43:35+00:00
evzoni-bogorodica,2026-06-23T09:43,25,25 min,anonymous,2026-06-23T07:58:41+00:00
evzoni-bogorodica,2026-06-23T10:17,35,35 min,anonymous,2026-06-23T08:28:52+00:00
evzoni-bogorodica,2026-06-23T10:59,60,60 min,anonymous,2026-06-23T08:59:03+00:00
evzoni-bogorodica,2026-06-23T10:44,60,60 min,anonymous,2026-06-23T08:59:03+00:00
evzoni-bogorodica,2026-06-23T11:22,40,40 min,anonymous,2026-06-23T09:29:25+00:00
evzoni-bogorodica,2026-06-23T12:13,30,30 min,anonymous,2026-06-23T10:15:25+00:00
evzoni-bogorodica,2026-06-23T12:03,40,40 min,anonymous,2026-06-23T10:15:25+00:00
evzoni-bogorodica,2026-06-23T12:39,45,45 min,anonymous,2026-06-23T10:45:37+00:00
evzoni-bogorodica,2026-06-23T12:34,60,60 min,anonymous,2026-06-23T10:45:37+00:00
evzoni-bogorodica,2026-06-23T13:56,40,40 min,anonymous,2026-06-23T12:01:03+00:00
evzoni-bogorodica,2026-06-23T14:15,25,25 min,anonymous,2026-06-23T12:16:09+00:00
evzoni-bogorodica,2026-06-23T14:29,15,15 min,anonymous,2026-06-23T12:31:14+00:00
evzoni-bogorodica,2026-06-23T15:04,15,15 min,anonymous,2026-06-23T13:14:41+00:00
evzoni-bogorodica,2026-06-23T15:34,10,10 min,anonymous,2026-06-23T13:44:53+00:00
evzoni-bogorodica,2026-06-23T16:19,10,10 min,anonymous,2026-06-23T14:30:23+00:00
evzoni-bogorodica,2026-06-23T17:23,5,5 min,anonymous_,2026-06-23T15:30:45+00:00
evzoni-bogorodica,2026-06-23T17:51,10,10 min,anonymous,2026-06-23T15:57:04+00:00
evzoni-bogorodica,2026-06-23T18:58,5,5 min,anonymous_,2026-06-23T17:12:32+00:00
evzoni-bogorodica,2026-06-23T19:57,10,10 min,anonymous_,2026-06-23T18:02:46+00:00
evzoni-bogorodica,2026-06-23T20:53,5,5 min,anonymous_,2026-06-23T19:03:10+00:00
evzoni-bogorodica,2026-06-23T21:54,10,10 min,anonymous_,2026-06-23T20:01:02+00:00
evzoni-bogorodica,2026-06-23T22:57,5,5 min,anonymous_,2026-06-23T21:01:26+00:00
evzoni-bogorodica,2026-06-23T23:57,10,10 min,anonymous_,2026-06-23T22:03:37+00:00
evzoni-bogorodica,2026-06-24T00:55,5,5 min,anonymous_,2026-06-23T23:12:35+00:00
evzoni-bogorodica,2026-06-24T01:59,10,10 min,anonymous_,2026-06-24T00:14:16+00:00
evzoni-bogorodica,2026-06-24T02:59,5,5 min,anonymous_,2026-06-24T01:14:41+00:00
evzoni-bogorodica,2026-06-24T03:55,10,10 min,anonymous_,2026-06-24T02:04:22+00:00
evzoni-bogorodica,2026-06-24T05:05,20,20 min,anonymous,2026-06-24T03:05:26+00:00
evzoni-bogorodica,2026-06-24T04:53,5,5 min,anonymous_,2026-06-24T03:05:26+00:00
evzoni-bogorodica,2026-06-24T06:27,15,15 min,anonymous_,2026-06-24T04:36:08+00:00
evzoni-bogorodica,2026-06-24T07:28,10,10 min,anonymous_,2026-06-24T05:36:35+00:00
evzoni-bogorodica,2026-06-24T08:26,5,5 min,anonymous_,2026-06-24T06:39:18+00:00
evzoni-bogorodica,2026-06-24T09:29,15,15 min,anonymous_,2026-06-24T07:39:47+00:00
evzoni-bogorodica,2026-06-24T10:29,10,10 min,anonymous_,2026-06-24T08:40:11+00:00
evzoni-bogorodica,2026-06-24T11:29,35,35 min,anonymous,2026-06-24T09:40:36+00:00
evzoni-bogorodica,2026-06-24T12:29,30,30 min,anonymous_,2026-06-24T10:34:35+00:00
evzoni-bogorodica,2026-06-24T12:48,20,20 min,anonymous,2026-06-24T10:49:42+00:00
evzoni-bogorodica,2026-06-24T13:37,120,2 h,anonymous,2026-06-24T11:50:12+00:00
evzoni-bogorodica,2026-06-24T14:07,30,30 min,anonymous,2026-06-24T12:11:45+00:00
evzoni-bogorodica,2026-06-24T14:06,90,1.5 h,anonymous,2026-06-24T12:11:45+00:00
evzoni-bogorodica,2026-06-24T14:33,270,4.5 h,anonymous,2026-06-24T12:41:56+00:00
evzoni-bogorodica,2026-06-24T15:01,90,1.5 h,anonymous,2026-06-24T13:12:08+00:00
evzoni-bogorodica,2026-06-24T15:40,40,40 min,anonymous,2026-06-24T13:42:18+00:00
evzoni-bogorodica,2026-06-24T15:38,20,20 min,anonymous,2026-06-24T13:42:18+00:00
evzoni-bogorodica,2026-06-24T15:33,40,40 min,anonymous,2026-06-24T13:42:18+00:00
evzoni-bogorodica,2026-06-24T16:32,30,30 min,anonymous,2026-06-24T14:42:40+00:00
evzoni-bogorodica,2026-06-24T17:57,15,15 min,anonymous,2026-06-24T15:58:34+00:00
evzoni-bogorodica,2026-06-24T18:58,10,10 min,anonymous_,2026-06-24T17:14:05+00:00
evzoni-bogorodica,2026-06-24T19:58,5,5 min,anonymous_,2026-06-24T18:08:12+00:00
evzoni-bogorodica,2026-06-24T20:52,25,25 min,anonymous,2026-06-24T18:54:00+00:00
evzoni-bogorodica,2026-06-24T21:55,20,20 min,anonymous_,2026-06-24T20:01:37+00:00
evzoni-bogorodica,2026-06-24T22:55,15,15 min,anonymous_,2026-06-24T21:01:18+00:00
evzoni-bogorodica,2026-06-24T23:59,10,10 min,anonymous_,2026-06-24T22:01:38+00:00
evzoni-bogorodica,2026-06-25T00:08,10,10 min,anonymous,2026-06-24T22:16:44+00:00
evzoni-bogorodica,2026-06-25T00:33,5,5 min,anonymous,2026-06-24T22:37:12+00:00
evzoni-bogorodica,2026-06-25T01:55,15,15 min,anonymous_,2026-06-25T00:03:36+00:00
evzoni-bogorodica,2026-06-25T02:59,10,10 min,anonymous_,2026-06-25T01:03:58+00:00
evzoni-bogorodica,2026-06-25T03:57,5,5 min,anonymous_,2026-06-25T02:08:18+00:00
evzoni-bogorodica,2026-06-25T04:57,10,10 min,anonymous_,2026-06-25T03:08:47+00:00
evzoni-bogorodica,2026-06-25T05:56,5,5 min,anonymous_,2026-06-25T04:09:09+00:00
evzoni-bogorodica,2026-06-25T06:56,10,10 min,anonymous_,2026-06-25T05:09:29+00:00
evzoni-bogorodica,2026-06-25T07:54,5,5 min,anonymous_,2026-06-25T06:09:49+00:00
evzoni-bogorodica,2026-06-25T08:11,30,30 min,anonymous,2026-06-25T06:17:23+00:00
evzoni-bogorodica,2026-06-25T08:49,240,4 h,anonymous,2026-06-25T07:02:43+00:00
evzoni-bogorodica,2026-06-25T09:56,60,60 min,anonymous,2026-06-25T08:03:09+00:00
evzoni-bogorodica,2026-06-25T09:51,5,5 min,anonymous,2026-06-25T08:03:09+00:00
evzoni-bogorodica,2026-06-25T10:35,25,25 min,anonymous,2026-06-25T08:48:29+00:00
evzoni-bogorodica,2026-06-25T11:53,20,20 min,anonymous_,2026-06-25T10:03:19+00:00
evzoni-bogorodica,2026-06-25T12:25,45,45 min,anonymous,2026-06-25T10:33:30+00:00
evzoni-bogorodica,2026-06-25T13:18,60,60 min,anonymous,2026-06-25T11:18:48+00:00
evzoni-bogorodica,2026-06-25T14:23,55,55 min,anonymous_,2026-06-25T12:39:38+00:00
evzoni-bogorodica,2026-06-25T14:59,50,50 min,anonymous,2026-06-25T13:09:49+00:00
evzoni-bogorodica,2026-06-25T15:23,60,60 min,anonymous,2026-06-25T13:24:55+00:00
evzoni-bogorodica,2026-06-25T15:32,60,60 min,anonymous,2026-06-25T13:40:01+00:00
evzoni-bogorodica,2026-06-25T15:55,15,15 min,anonymous,2026-06-25T13:55:07+00:00
evzoni-bogorodica,2026-06-25T15:49,60,60 min,anonymous,2026-06-25T13:55:07+00:00
evzoni-bogorodica,2026-06-25T16:15,60,60 min,anonymous,2026-06-25T14:25:25+00:00
evzoni-bogorodica,2026-06-25T17:18,40,40 min,anonymous,2026-06-25T15:20:44+00:00
evzoni-bogorodica,2026-06-25T17:13,15,15 min,anonymous,2026-06-25T15:20:44+00:00
evzoni-bogorodica,2026-06-25T18:05,30,30 min,anonymous,2026-06-25T16:06:00+00:00
evzoni-bogorodica,2026-06-25T18:41,15,15 min,anonymous,2026-06-25T16:51:16+00:00
evzoni-bogorodica,2026-06-25T19:55,10,10 min,anonymous_,2026-06-25T18:13:57+00:00
evzoni-bogorodica,2026-06-25T20:57,5,5 min,anonymous_,2026-06-25T19:14:18+00:00
evzoni-bogorodica,2026-06-25T21:53,15,15 min,anonymous_,2026-06-25T20:14:03+00:00
evzoni-bogorodica,2026-06-25T22:57,10,10 min,anonymous_,2026-06-25T21:14:28+00:00
evzoni-bogorodica,2026-06-25T23:58,5,5 min,anonymous_,2026-06-25T22:01:53+00:00
evzoni-bogorodica,2026-06-26T00:55,10,10 min,anonymous_,2026-06-25T23:07:38+00:00
evzoni-bogorodica,2026-06-26T01:54,5,5 min,anonymous_,2026-06-26T00:08:03+00:00
evzoni-bogorodica,2026-06-26T02:19,10,10 min,anonymous,2026-06-26T00:21:08+00:00
evzoni-bogorodica,2026-06-26T03:28,5,5 min,anonymous_,2026-06-26T01:36:40+00:00
evzoni-bogorodica,2026-06-26T04:23,15,15 min,anonymous_,2026-06-26T02:37:06+00:00
evzoni-bogorodica,2026-06-26T05:27,10,10 min,anonymous_,2026-06-26T03:37:31+00:00
evzoni-bogorodica,2026-06-26T06:29,5,5 min,anonymous_,2026-06-26T04:37:57+00:00
evzoni-bogorodica,2026-06-26T07:25,15,15 min,anonymous_,2026-06-26T05:33:01+00:00
evzoni-bogorodica,2026-06-26T07:44,5,5 min,anonymous,2026-06-26T05:48:07+00:00
evzoni-bogorodica,2026-06-26T08:59,15,15 min,anonymous_,2026-06-26T07:03:33+00:00
evzoni-bogorodica,2026-06-26T09:08,25,25 min,anonymous,2026-06-26T07:18:38+00:00
evzoni-bogorodica,2026-06-26T09:24,10,10 min,anonymous,2026-06-26T07:33:44+00:00
evzoni-bogorodica,2026-06-26T09:39,60,60 min,anonymous,2026-06-26T07:48:49+00:00
evzoni-bogorodica,2026-06-26T10:07,20,20 min,anonymous,2026-06-26T08:19:00+00:00
evzoni-bogorodica,2026-06-26T11:24,15,15 min,anonymous_,2026-06-26T09:39:09+00:00
evzoni-bogorodica,2026-06-26T12:24,10,10 min,anonymous_,2026-06-26T10:39:34+00:00
evzoni-bogorodica,2026-06-26T12:40,30,30 min,anonymous,2026-06-26T10:54:41+00:00
evzoni-bogorodica,2026-06-26T13:09,20,20 min,anonymous,2026-06-26T11:09:47+00:00
evzoni-bogorodica,2026-06-26T13:24,30,30 min,anonymous,2026-06-26T11:24:58+00:00
evzoni-bogorodica,2026-06-26T13:43,45,45 min,anonymous,2026-06-26T11:43:31+00:00
evzoni-bogorodica,2026-06-26T13:36,40,40 min,anonymous,2026-06-26T11:43:31+00:00
evzoni-bogorodica,2026-06-26T13:53,20,20 min,anonymous,2026-06-26T11:58:36+00:00
evzoni-bogorodica,2026-06-26T14:23,50,50 min,anonymous,2026-06-26T12:28:47+00:00
evzoni-bogorodica,2026-06-26T15:14,25,25 min,anonymous,2026-06-26T13:29:17+00:00
evzoni-bogorodica,2026-06-26T16:28,20,20 min,anonymous_,2026-06-26T14:35:05+00:00
evzoni-bogorodica,2026-06-26T17:24,15,15 min,anonymous_,2026-06-26T15:35:28+00:00
evzoni-bogorodica,2026-06-26T17:37,60,60 min,anonymous,2026-06-26T15:50:34+00:00
evzoni-bogorodica,2026-06-26T18:02,90,1.5 h,anonymous,2026-06-26T16:13:16+00:00
evzoni-bogorodica,2026-06-26T18:42,120,2 h,anonymous,2026-06-26T16:43:28+00:00
evzoni-bogorodica,2026-06-26T19:11,90,1.5 h,anonymous,2026-06-26T17:13:41+00:00
evzoni-bogorodica,2026-06-26T19:01,25,25 min,anonymous,2026-06-26T17:13:41+00:00
evzoni-bogorodica,2026-06-26T19:41,5,5 min,anonymous,2026-06-26T17:43:53+00:00
evzoni-bogorodica,2026-06-26T20:37,10,10 min,anonymous,2026-06-26T18:47:06+00:00
evzoni-bogorodica,2026-06-26T20:34,120,2 h,anonymous,2026-06-26T18:47:06+00:00
evzoni-bogorodica,2026-06-26T20:47,120,2 h,anonymous,2026-06-26T19:02:13+00:00
evzoni-bogorodica,2026-06-26T21:55,90,1.5 h,anonymous_,2026-06-26T20:02:39+00:00
evzoni-bogorodica,2026-06-26T22:55,60,60 min,anonymous_,2026-06-26T21:05:36+00:00
evzoni-bogorodica,2026-06-26T23:57,55,55 min,anonymous_,2026-06-26T22:08:47+00:00
evzoni-bogorodica,2026-06-27T00:55,50,50 min,anonymous_,2026-06-26T23:11:03+00:00
evzoni-bogorodica,2026-06-27T01:42,5,5 min,anonymous,2026-06-26T23:56:22+00:00
evzoni-bogorodica,2026-06-27T02:58,10,10 min,anonymous_,2026-06-27T01:03:38+00:00
evzoni-bogorodica,2026-06-27T03:57,5,5 min,anonymous_,2026-06-27T02:03:59+00:00
evzoni-bogorodica,2026-06-27T04:05,5,5 min,anonymous,2026-06-27T02:19:05+00:00
evzoni-bogorodica,2026-06-27T05:24,15,15 min,anonymous_,2026-06-27T03:34:32+00:00
evzoni-bogorodica,2026-06-27T06:24,10,10 min,anonymous_,2026-06-27T04:30:25+00:00
evzoni-bogorodica,2026-06-27T07:26,5,5 min,anonymous_,2026-06-27T05:30:50+00:00
evzoni-bogorodica,2026-06-27T08:24,30,30 min,anonymous,2026-06-27T06:31:17+00:00
evzoni-bogorodica,2026-06-27T09:23,25,25 min,anonymous_,2026-06-27T07:31:42+00:00
evzoni-bogorodica,2026-06-27T09:36,35,35 min,anonymous,2026-06-27T07:38:16+00:00
evzoni-bogorodica,2026-06-27T10:10,10,10 min,anonymous,2026-06-27T08:23:33+00:00
evzoni-bogorodica,2026-06-27T11:25,5,5 min,anonymous_,2026-06-27T09:38:59+00:00
evzoni-bogorodica,2026-06-27T12:04,60,60 min,anonymous,2026-06-27T10:08:08+00:00
evzoni-bogorodica,2026-06-27T12:37,120,2 h,anonymous,2026-06-27T10:38:36+00:00
evzoni-bogorodica,2026-06-27T12:36,90,1.5 h,anonymous,2026-06-27T10:38:36+00:00
evzoni-bogorodica,2026-06-27T12:50,120,2 h,anonymous,2026-06-27T10:53:42+00:00
evzoni-bogorodica,2026-06-27T13:02,120,2 h,anonymous,2026-06-27T11:08:48+00:00
evzoni-bogorodica,2026-06-27T13:09,90,1.5 h,anonymous,2026-06-27T11:23:53+00:00
evzoni-bogorodica,2026-06-27T13:37,90,1.5 h,anonymous,2026-06-27T11:38:59+00:00
evzoni-bogorodica,2026-06-27T14:10,90,1.5 h,anonymous,2026-06-27T12:14:20+00:00
evzoni-bogorodica,2026-06-27T14:37,180,3 h,anonymous,2026-06-27T12:44:31+00:00
evzoni-bogorodica,2026-06-27T14:47,120,2 h,anonymous,2026-06-27T12:59:36+00:00
evzoni-bogorodica,2026-06-27T14:47,120,2 h,anonymous,2026-06-27T12:59:56+00:00
evzoni-bogorodica,2026-06-27T15:16,180,3 h,anonymous,2026-06-27T13:30:09+00:00
evzoni-bogorodica,2026-06-27T15:51,270,4.5 h,anonymous,2026-06-27T14:00:29+00:00
evzoni-bogorodica,2026-06-27T16:54,240,4 h,anonymous_,2026-06-27T15:07:56+00:00
evzoni-bogorodica,2026-06-27T17:27,120,2 h,anonymous,2026-06-27T15:38:07+00:00
evzoni-bogorodica,2026-06-27T18:12,120,2 h,anonymous,2026-06-27T16:16:59+00:00
evzoni-bogorodica,2026-06-27T18:52,120,2 h,anonymous,2026-06-27T17:02:19+00:00
evzoni-bogorodica,2026-06-27T18:48,150,2.5 h,anonymous,2026-06-27T17:02:19+00:00
evzoni-bogorodica,2026-06-27T19:04,40,40 min,anonymous,2026-06-27T17:17:25+00:00
evzoni-bogorodica,2026-06-27T19:28,150,2.5 h,anonymous,2026-06-27T17:32:31+00:00
evzoni-bogorodica,2026-06-27T19:17,90,1.5 h,anonymous,2026-06-27T17:32:31+00:00
evzoni-bogorodica,2026-06-27T19:45,150,2.5 h,anonymous,2026-06-27T17:49:16+00:00
evzoni-bogorodica,2026-06-27T20:32,240,4 h,anonymous,2026-06-27T18:34:43+00:00
evzoni-bogorodica,2026-06-27T20:38,10,10 min,anonymous,2026-06-27T18:48:42+00:00
evzoni-bogorodica,2026-06-27T20:53,120,2 h,anonymous,2026-06-27T19:03:48+00:00
evzoni-bogorodica,2026-06-27T21:15,60,60 min,anonymous,2026-06-27T19:18:53+00:00
evzoni-bogorodica,2026-06-27T22:09,90,1.5 h,anonymous,2026-06-27T20:16:25+00:00
evzoni-bogorodica,2026-06-27T22:57,180,3 h,anonymous,2026-06-27T21:01:43+00:00
evzoni-bogorodica,2026-06-27T23:29,90,1.5 h,anonymous,2026-06-27T21:32:17+00:00
evzoni-bogorodica,2026-06-27T23:27,90,1.5 h,anonymous,2026-06-27T21:32:17+00:00
evzoni-bogorodica,2026-06-27T23:19,90,1.5 h,anonymous,2026-06-27T21:32:17+00:00
evzoni-bogorodica,2026-06-27T23:46,90,1.5 h,anonymous,2026-06-27T21:47:23+00:00
evzoni-bogorodica,2026-06-27T23:39,120,2 h,anonymous,2026-06-27T21:47:23+00:00
evzoni-bogorodica,2026-06-28T00:08,45,45 min,anonymous,2026-06-27T22:17:37+00:00
evzoni-bogorodica,2026-06-28T00:29,120,2 h,anonymous,2026-06-27T22:32:54+00:00
evzoni-bogorodica,2026-06-28T01:29,90,1.5 h,anonymous_,2026-06-27T23:33:18+00:00
evzoni-bogorodica,2026-06-28T02:26,60,60 min,anonymous_,2026-06-28T00:38:34+00:00
evzoni-bogorodica,2026-06-28T03:25,55,55 min,anonymous_,2026-06-28T01:38:54+00:00
evzoni-bogorodica,2026-06-28T04:29,50,50 min,anonymous_,2026-06-28T02:42:46+00:00
evzoni-bogorodica,2026-06-28T05:23,45,45 min,anonymous_,2026-06-28T03:43:29+00:00
evzoni-bogorodica,2026-06-28T05:54,30,30 min,anonymous,2026-06-28T03:58:36+00:00
evzoni-bogorodica,2026-06-28T06:35,30,30 min,anonymous,2026-06-28T04:43:55+00:00
evzoni-bogorodica,2026-06-28T07:16,35,35 min,anonymous,2026-06-28T05:29:13+00:00
evzoni-bogorodica,2026-06-28T07:44,15,15 min,anonymous,2026-06-28T05:59:26+00:00
evzoni-bogorodica,2026-06-28T08:37,5,5 min,anonymous,2026-06-28T06:51:02+00:00
evzoni-bogorodica,2026-06-28T09:19,30,30 min,anonymous,2026-06-28T07:21:14+00:00
evzoni-bogorodica,2026-06-28T09:35,25,25 min,anonymous,2026-06-28T07:36:19+00:00
evzoni-bogorodica,2026-06-28T09:30,35,35 min,anonymous,2026-06-28T07:36:19+00:00
evzoni-bogorodica,2026-06-28T09:38,45,45 min,anonymous,2026-06-28T07:51:25+00:00
evzoni-bogorodica,2026-06-28T11:01,55,55 min,anonymous,2026-06-28T09:06:53+00:00
evzoni-bogorodica,2026-06-28T10:52,55,55 min,anonymous,2026-06-28T09:06:53+00:00
evzoni-bogorodica,2026-06-28T11:36,120,2 h,anonymous,2026-06-28T09:37:05+00:00
evzoni-bogorodica,2026-06-28T11:30,90,1.5 h,anonymous,2026-06-28T09:37:05+00:00
evzoni-bogorodica,2026-06-28T11:29,60,60 min,anonymous,2026-06-28T09:37:05+00:00
evzoni-bogorodica,2026-06-28T11:24,60,60 min,anonymous,2026-06-28T09:37:05+00:00
evzoni-bogorodica,2026-06-28T11:24,90,1.5 h,anonymous,2026-06-28T09:37:05+00:00
evzoni-bogorodica,2026-06-28T11:40,270,4.5 h,anonymous,2026-06-28T09:46:00+00:00
evzoni-bogorodica,2026-06-28T11:38,90,1.5 h,anonymous,2026-06-28T09:46:00+00:00
evzoni-bogorodica,2026-06-28T12:24,120,2 h,anonymous,2026-06-28T10:31:18+00:00
evzoni-bogorodica,2026-06-28T12:21,60,60 min,anonymous,2026-06-28T10:31:18+00:00
evzoni-bogorodica,2026-06-28T13:00,120,2 h,anonymous,2026-06-28T11:01:29+00:00
evzoni-bogorodica,2026-06-28T12:51,90,1.5 h,anonymous,2026-06-28T11:01:29+00:00
evzoni-bogorodica,2026-06-28T13:15,180,3 h,anonymous,2026-06-28T11:16:35+00:00
evzoni-bogorodica,2026-06-28T13:21,120,2 h,anonymous,2026-06-28T11:27:37+00:00
evzoni-bogorodica,2026-06-28T13:18,120,2 h,anonymous,2026-06-28T11:27:37+00:00
evzoni-bogorodica,2026-06-28T14:19,120,2 h,anonymous,2026-06-28T12:28:00+00:00
evzoni-bogorodica,2026-06-28T14:13,210,3.5 h,anonymous,2026-06-28T12:28:00+00:00
evzoni-bogorodica,2026-06-28T14:37,25,25 min,anonymous,2026-06-28T12:43:06+00:00
evzoni-bogorodica,2026-06-28T14:49,90,1.5 h,anonymous,2026-06-28T12:58:12+00:00
evzoni-bogorodica,2026-06-28T14:44,90,1.5 h,anonymous,2026-06-28T12:58:12+00:00
evzoni-bogorodica,2026-06-28T15:03,150,2.5 h,anonymous,2026-06-28T13:03:32+00:00
evzoni-bogorodica,2026-06-28T15:02,120,2 h,anonymous,2026-06-28T13:03:32+00:00
evzoni-bogorodica,2026-06-28T15:11,150,2.5 h,anonymous,2026-06-28T13:18:38+00:00
evzoni-bogorodica,2026-06-28T15:24,180,3 h,anonymous,2026-06-28T13:33:43+00:00
evzoni-bogorodica,2026-06-28T15:20,180,3 h,anonymous,2026-06-28T13:33:43+00:00
evzoni-bogorodica,2026-06-28T16:03,15,15 min,anonymous,2026-06-28T14:03:54+00:00
evzoni-bogorodica,2026-06-28T16:09,210,3.5 h,anonymous,2026-06-28T14:19:01+00:00
evzoni-bogorodica,2026-06-28T16:32,5,5 min,anonymous,2026-06-28T14:34:07+00:00
evzoni-bogorodica,2026-06-28T16:28,210,3.5 h,anonymous,2026-06-28T14:34:07+00:00
evzoni-bogorodica,2026-06-28T16:58,60,60 min,anonymous,2026-06-28T15:10:21+00:00
evzoni-bogorodica,2026-06-28T17:23,60,60 min,anonymous,2026-06-28T15:25:27+00:00
evzoni-bogorodica,2026-06-28T17:27,120,2 h,anonymous,2026-06-28T15:40:33+00:00
evzoni-bogorodica,2026-06-28T17:45,120,2 h,anonymous,2026-06-28T15:55:46+00:00
evzoni-bogorodica,2026-06-28T17:43,5,5 min,anonymous,2026-06-28T15:55:46+00:00
evzoni-bogorodica,2026-06-28T17:42,60,60 min,anonymous,2026-06-28T15:55:46+00:00
evzoni-bogorodica,2026-06-28T18:03,90,1.5 h,anonymous,2026-06-28T16:10:52+00:00
evzoni-bogorodica,2026-06-28T18:39,5,5 min,anonymous,2026-06-28T16:52:13+00:00
evzoni-bogorodica,2026-06-28T19:03,90,1.5 h,anonymous,2026-06-28T17:07:19+00:00
evzoni-bogorodica,2026-06-28T19:36,25,25 min,anonymous,2026-06-28T17:37:29+00:00
evzoni-bogorodica,2026-06-28T19:30,10,10 min,anonymous,2026-06-28T17:37:29+00:00
evzoni-bogorodica,2026-06-28T20:07,15,15 min,anonymous,2026-06-28T18:12:52+00:00
evzoni-bogorodica,2026-06-28T20:04,20,20 min,anonymous,2026-06-28T18:12:52+00:00
evzoni-bogorodica,2026-06-28T21:06,15,15 min,anonymous,2026-06-28T19:11:09+00:00
evzoni-bogorodica,2026-06-28T21:25,20,20 min,anonymous,2026-06-28T19:26:14+00:00
evzoni-bogorodica,2026-06-28T21:15,15,15 min,anonymous,2026-06-28T19:26:14+00:00
evzoni-bogorodica,2026-06-28T21:14,15,15 min,anonymous,2026-06-28T19:26:14+00:00
evzoni-bogorodica,2026-06-28T21:42,20,20 min,anonymous,2026-06-28T19:56:30+00:00
evzoni-bogorodica,2026-06-28T22:33,20,20 min,anonymous,2026-06-28T20:36:20+00:00
evzoni-bogorodica,2026-06-28T22:32,15,15 min,anonymous,2026-06-28T20:36:20+00:00
evzoni-bogorodica,2026-06-28T22:46,20,20 min,anonymous,2026-06-28T20:51:25+00:00
evzoni-bogorodica,2026-06-28T23:01,15,15 min,anonymous,2026-06-28T21:06:31+00:00
evzoni-bogorodica,2026-06-28T23:34,15,15 min,anonymous,2026-06-28T21:35:10+00:00
evzoni-bogorodica,2026-06-28T23:40,20,20 min,anonymous,2026-06-28T21:50:17+00:00
evzoni-bogorodica,2026-06-28T23:54,20,20 min,anonymous,2026-06-28T22:05:24+00:00
evzoni-bogorodica,2026-06-29T00:10,15,15 min,anonymous,2026-06-28T22:20:31+00:00
evzoni-bogorodica,2026-06-29T01:26,10,10 min,anonymous_,2026-06-28T23:41:36+00:00
evzoni-bogorodica,2026-06-29T01:55,5,5 min,anonymous,2026-06-28T23:55:21+00:00
evzoni-bogorodica,2026-06-29T02:53,15,15 min,anonymous_,2026-06-29T01:11:00+00:00
evzoni-bogorodica,2026-06-29T03:11,5,5 min,anonymous,2026-06-29T01:26:07+00:00
evzoni-bogorodica,2026-06-29T04:10,5,5 min,anonymous,2026-06-29T02:11:25+00:00
evzoni-bogorodica,2026-06-29T05:07,20,20 min,anonymous,2026-06-29T03:11:49+00:00
evzoni-bogorodica,2026-06-29T05:21,45,45 min,anonymous,2026-06-29T03:26:56+00:00
evzoni-bogorodica,2026-06-29T05:33,15,15 min,anonymous,2026-06-29T03:42:02+00:00
evzoni-bogorodica,2026-06-29T05:30,90,1.5 h,anonymous,2026-06-29T03:42:02+00:00
evzoni-bogorodica,2026-06-29T06:11,50,50 min,anonymous,2026-06-29T04:12:16+00:00
evzoni-bogorodica,2026-06-29T05:59,40,40 min,anonymous,2026-06-29T04:12:16+00:00
evzoni-bogorodica,2026-06-29T06:52,25,25 min,anonymous,2026-06-29T04:56:11+00:00
evzoni-bogorodica,2026-06-29T06:46,25,25 min,anonymous,2026-06-29T04:56:11+00:00
evzoni-bogorodica,2026-06-29T07:55,20,20 min,anonymous_,2026-06-29T06:11:39+00:00
evzoni-bogorodica,2026-06-29T08:57,15,15 min,anonymous_,2026-06-29T07:11:59+00:00
evzoni-bogorodica,2026-06-29T09:59,10,10 min,anonymous_,2026-06-29T08:12:21+00:00
evzoni-bogorodica,2026-06-29T10:40,35,35 min,anonymous,2026-06-29T08:42:32+00:00
evzoni-bogorodica,2026-06-29T11:58,30,30 min,anonymous_,2026-06-29T10:11:41+00:00
evzoni-bogorodica,2026-06-29T12:16,60,60 min,anonymous,2026-06-29T10:26:46+00:00
evzoni-bogorodica,2026-06-29T12:35,5,5 min,anonymous,2026-06-29T10:41:52+00:00
evzoni-bogorodica,2026-06-29T12:34,120,2 h,anonymous,2026-06-29T10:41:52+00:00
evzoni-bogorodica,2026-06-29T12:32,10,10 min,anonymous,2026-06-29T10:41:52+00:00
evzoni-bogorodica,2026-06-29T12:42,180,3 h,anonymous,2026-06-29T10:56:57+00:00
evzoni-bogorodica,2026-06-29T13:40,5,5 min,anonymous,2026-06-29T11:42:13+00:00
evzoni-bogorodica,2026-06-29T13:48,120,2 h,anonymous,2026-06-29T11:57:19+00:00
evzoni-bogorodica,2026-06-29T13:47,40,40 min,anonymous,2026-06-29T11:57:19+00:00
evzoni-bogorodica,2026-06-29T14:03,120,2 h,anonymous,2026-06-29T12:12:24+00:00
evzoni-bogorodica,2026-06-29T14:02,5,5 min,anonymous,2026-06-29T12:12:24+00:00
evzoni-bogorodica,2026-06-29T14:17,120,2 h,anonymous,2026-06-29T12:27:30+00:00
evzoni-bogorodica,2026-06-29T14:40,120,2 h,anonymous,2026-06-29T12:42:36+00:00
evzoni-bogorodica,2026-06-29T14:34,120,2 h,anonymous,2026-06-29T12:42:36+00:00
evzoni-bogorodica,2026-06-29T14:33,90,1.5 h,anonymous,2026-06-29T12:42:36+00:00
evzoni-bogorodica,2026-06-29T15:53,10,10 min,anonymous,2026-06-29T13:58:35+00:00
evzoni-bogorodica,2026-06-29T15:52,180,3 h,anonymous,2026-06-29T13:58:35+00:00
evzoni-bogorodica,2026-06-29T16:12,60,60 min,anonymous,2026-06-29T14:13:40+00:00
evzoni-bogorodica,2026-06-29T16:26,55,55 min,anonymous,2026-06-29T14:32:14+00:00
evzoni-bogorodica,2026-06-29T16:56,60,60 min,anonymous,2026-06-29T15:02:30+00:00
evzoni-bogorodica,2026-06-29T16:50,55,55 min,anonymous,2026-06-29T15:02:30+00:00
evzoni-bogorodica,2026-06-29T17:25,150,2.5 h,anonymous,2026-06-29T15:32:46+00:00
evzoni-bogorodica,2026-06-29T17:21,180,3 h,anonymous,2026-06-29T15:32:46+00:00
evzoni-bogorodica,2026-06-29T18:30,50,50 min,anonymous,2026-06-29T16:33:17+00:00
evzoni-bogorodica,2026-06-29T18:23,30,30 min,anonymous,2026-06-29T16:33:17+00:00
evzoni-bogorodica,2026-06-29T19:02,210,3.5 h,anonymous,2026-06-29T17:03:30+00:00
evzoni-bogorodica,2026-06-29T19:07,90,1.5 h,anonymous,2026-06-29T17:14:48+00:00
evzoni-bogorodica,2026-06-29T19:44,150,2.5 h,anonymous,2026-06-29T17:44:59+00:00
evzoni-bogorodica,2026-06-29T19:41,120,2 h,anonymous,2026-06-29T17:44:59+00:00
evzoni-bogorodica,2026-06-29T20:14,5,5 min,anonymous,2026-06-29T18:15:23+00:00
evzoni-bogorodica,2026-06-29T20:16,30,30 min,anonymous,2026-06-29T18:30:29+00:00
evzoni-bogorodica,2026-06-29T20:54,120,2 h,anonymous,2026-06-29T19:00:40+00:00
evzoni-bogorodica,2026-06-29T21:12,270,4.5 h,anonymous,2026-06-29T19:15:46+00:00
evzoni-bogorodica,2026-06-29T21:18,60,60 min,anonymous,2026-06-29T19:32:49+00:00
evzoni-bogorodica,2026-06-29T22:25,90,1.5 h,anonymous,2026-06-29T20:33:13+00:00
evzoni-bogorodica,2026-06-29T22:22,60,60 min,anonymous,2026-06-29T20:33:13+00:00
evzoni-bogorodica,2026-06-29T22:37,300,5 h,anonymous,2026-06-29T20:48:19+00:00
evzoni-bogorodica,2026-06-29T23:27,300,5 h,anonymous,2026-06-29T21:30:05+00:00
evzoni-bogorodica,2026-06-29T23:16,420,7 h,anonymous,2026-06-29T21:30:05+00:00
evzoni-bogorodica,2026-06-30T00:27,60,60 min,anonymous,2026-06-29T22:32:52+00:00
evzoni-bogorodica,2026-06-30T01:24,55,55 min,anonymous_,2026-06-29T23:45:24+00:00
evzoni-bogorodica,2026-06-30T02:11,5,5 min,anonymous,2026-06-30T00:15:35+00:00
evzoni-bogorodica,2026-06-30T03:09,20,20 min,anonymous,2026-06-30T01:15:56+00:00
evzoni-bogorodica,2026-06-30T04:00,5,5 min,anonymous,2026-06-30T02:04:25+00:00
evzoni-bogorodica,2026-06-30T04:57,10,10 min,anonymous_,2026-06-30T03:04:45+00:00
evzoni-bogorodica,2026-06-30T05:54,5,5 min,anonymous_,2026-06-30T04:05:08+00:00
evzoni-bogorodica,2026-06-30T06:11,25,25 min,anonymous,2026-06-30T04:20:14+00:00
evzoni-bogorodica,2026-06-30T06:36,25,25 min,anonymous,2026-06-30T04:50:25+00:00
evzoni-bogorodica,2026-06-30T07:33,10,10 min,anonymous,2026-06-30T05:35:39+00:00
evzoni-bogorodica,2026-06-30T07:40,25,25 min,anonymous,2026-06-30T05:50:45+00:00
evzoni-bogorodica,2026-06-30T07:57,15,15 min,anonymous,2026-06-30T06:07:50+00:00
evzoni-bogorodica,2026-06-30T08:51,10,10 min,anonymous,2026-06-30T06:53:28+00:00
evzoni-bogorodica,2026-06-30T08:45,45,45 min,anonymous,2026-06-30T06:53:28+00:00
evzoni-bogorodica,2026-06-30T08:38,25,25 min,anonymous,2026-06-30T06:53:28+00:00
evzoni-bogorodica,2026-06-30T09:03,25,25 min,anonymous,2026-06-30T07:08:33+00:00
evzoni-bogorodica,2026-06-30T10:21,40,40 min,anonymous,2026-06-30T08:24:08+00:00
evzoni-bogorodica,2026-06-30T10:37,25,25 min,anonymous,2026-06-30T08:39:14+00:00
evzoni-bogorodica,2026-06-30T10:32,20,20 min,anonymous,2026-06-30T08:39:14+00:00
evzoni-bogorodica,2026-06-30T10:31,240,4 h,anonymous,2026-06-30T08:39:14+00:00
evzoni-bogorodica,2026-06-30T10:24,35,35 min,anonymous,2026-06-30T08:39:14+00:00
evzoni-bogorodica,2026-06-30T10:44,5,5 min,anonymous,2026-06-30T08:54:19+00:00
evzoni-bogorodica,2026-06-30T10:54,50,50 min,anonymous,2026-06-30T09:09:34+00:00
evzoni-bogorodica,2026-06-30T11:30,60,60 min,anonymous,2026-06-30T09:39:45+00:00
evzoni-bogorodica,2026-06-30T11:40,10,10 min,anonymous,2026-06-30T09:54:50+00:00
evzoni-bogorodica,2026-06-30T12:00,60,60 min,anonymous,2026-06-30T10:12:43+00:00
evzoni-bogorodica,2026-06-30T12:12,90,1.5 h,anonymous,2026-06-30T10:27:48+00:00
evzoni-bogorodica,2026-06-30T12:29,90,1.5 h,anonymous,2026-06-30T10:42:54+00:00
evzoni-bogorodica,2026-06-30T12:51,90,1.5 h,anonymous,2026-06-30T10:58:00+00:00
evzoni-bogorodica,2026-06-30T12:47,120,2 h,anonymous,2026-06-30T10:58:00+00:00
evzoni-bogorodica,2026-06-30T13:25,390,6.5 h,anonymous,2026-06-30T11:28:10+00:00
evzoni-bogorodica,2026-06-30T13:20,150,2.5 h,anonymous,2026-06-30T11:28:10+00:00
evzoni-bogorodica,2026-06-30T13:19,5,5 min,anonymous,2026-06-30T11:28:10+00:00
evzoni-bogorodica,2026-06-30T13:34,150,2.5 h,anonymous,2026-06-30T11:43:26+00:00
evzoni-bogorodica,2026-06-30T14:03,150,2.5 h,anonymous,2026-06-30T12:13:36+00:00
evzoni-bogorodica,2026-06-30T14:01,5,5 min,anonymous,2026-06-30T12:13:36+00:00
evzoni-bogorodica,2026-06-30T14:44,120,2 h,anonymous,2026-06-30T12:51:37+00:00
evzoni-bogorodica,2026-06-30T15:06,150,2.5 h,anonymous,2026-06-30T13:06:43+00:00
evzoni-bogorodica,2026-06-30T15:00,180,3 h,anonymous,2026-06-30T13:06:43+00:00
evzoni-bogorodica,2026-06-30T14:59,270,4.5 h,anonymous,2026-06-30T13:06:43+00:00
evzoni-bogorodica,2026-06-30T15:36,210,3.5 h,anonymous,2026-06-30T13:36:53+00:00
evzoni-bogorodica,2026-06-30T15:47,180,3 h,anonymous,2026-06-30T13:51:59+00:00
evzoni-bogorodica,2026-06-30T16:21,180,3 h,anonymous,2026-06-30T14:22:12+00:00
evzoni-bogorodica,2026-06-30T16:11,60,60 min,anonymous,2026-06-30T14:22:12+00:00
evzoni-bogorodica,2026-06-30T16:35,120,2 h,anonymous,2026-06-30T14:37:18+00:00
evzoni-bogorodica,2026-06-30T16:26,10,10 min,anonymous,2026-06-30T14:37:18+00:00
evzoni-bogorodica,2026-06-30T16:46,180,3 h,anonymous,2026-06-30T14:52:23+00:00
evzoni-bogorodica,2026-06-30T17:48,210,3.5 h,anonymous,2026-06-30T15:52:06+00:00
evzoni-bogorodica,2026-06-30T18:24,150,2.5 h,anonymous,2026-06-30T16:37:23+00:00
evzoni-bogorodica,2026-06-30T18:23,60,60 min,anonymous,2026-06-30T16:37:23+00:00
evzoni-bogorodica,2026-06-30T18:51,180,3 h,anonymous,2026-06-30T16:52:29+00:00
evzoni-bogorodica,2026-06-30T18:48,15,15 min,anonymous,2026-06-30T16:52:29+00:00
evzoni-bogorodica,2026-06-30T18:58,15,15 min,anonymous,2026-06-30T17:07:34+00:00
evzoni-bogorodica,2026-06-30T19:23,180,3 h,anonymous,2026-06-30T17:29:09+00:00
evzoni-bogorodica,2026-06-30T19:14,5,5 min,anonymous,2026-06-30T17:29:09+00:00
evzoni-bogorodica,2026-06-30T19:35,180,3 h,anonymous,2026-06-30T17:44:16+00:00
evzoni-bogorodica,2026-06-30T20:11,300,5 h,anonymous,2026-06-30T18:14:28+00:00
evzoni-bogorodica,2026-06-30T21:10,180,3 h,anonymous,2026-06-30T19:12:47+00:00
evzoni-bogorodica,2026-06-30T21:07,20,20 min,anonymous,2026-06-30T19:12:47+00:00
evzoni-bogorodica,2026-06-30T21:04,60,60 min,anonymous,2026-06-30T19:12:47+00:00
evzoni-bogorodica,2026-06-30T21:27,120,2 h,anonymous,2026-06-30T19:27:53+00:00
evzoni-bogorodica,2026-06-30T21:17,300,5 h,anonymous,2026-06-30T19:27:53+00:00
evzoni-bogorodica,2026-06-30T21:56,120,2 h,anonymous,2026-06-30T19:58:05+00:00
evzoni-bogorodica,2026-06-30T23:01,20,20 min,anonymous,2026-06-30T21:09:56+00:00
evzoni-bogorodica,2026-06-30T22:59,40,40 min,anonymous,2026-06-30T21:09:56+00:00
evzoni-bogorodica,2026-07-01T00:28,15,15 min,anonymous_,2026-06-30T22:40:29+00:00
evzoni-bogorodica,2026-07-01T01:28,10,10 min,anonymous_,2026-06-30T23:45:43+00:00
evzoni-bogorodica,2026-07-01T02:24,5,5 min,anonymous_,2026-07-01T00:39:48+00:00
evzoni-bogorodica,2026-07-01T03:23,15,15 min,anonymous_,2026-07-01T01:40:11+00:00
evzoni-bogorodica,2026-07-01T04:28,10,10 min,anonymous_,2026-07-01T02:40:31+00:00
evzoni-bogorodica,2026-07-01T05:26,5,5 min,anonymous_,2026-07-01T03:40:52+00:00
evzoni-bogorodica,2026-07-01T06:29,10,10 min,anonymous_,2026-07-01T04:41:13+00:00
evzoni-bogorodica,2026-07-01T07:29,5,5 min,anonymous_,2026-07-01T05:34:54+00:00
evzoni-bogorodica,2026-07-01T07:51,15,15 min,anonymous,2026-07-01T06:05:07+00:00
evzoni-bogorodica,2026-07-01T08:10,15,15 min,anonymous,2026-07-01T06:20:14+00:00
evzoni-bogorodica,2026-07-01T08:50,20,20 min,anonymous,2026-07-01T06:50:25+00:00
evzoni-bogorodica,2026-07-01T08:44,10,10 min,anonymous,2026-07-01T06:50:25+00:00
evzoni-bogorodica,2026-07-01T08:41,20,20 min,anonymous,2026-07-01T06:50:25+00:00
evzoni-bogorodica,2026-07-01T09:17,10,10 min,anonymous,2026-07-01T07:20:43+00:00
evzoni-bogorodica,2026-07-01T09:53,15,15 min,anonymous,2026-07-01T08:06:06+00:00
evzoni-bogorodica,2026-07-01T10:25,15,15 min,anonymous,2026-07-01T08:36:19+00:00
evzoni-bogorodica,2026-07-01T10:24,25,25 min,anonymous,2026-07-01T08:36:19+00:00
evzoni-bogorodica,2026-07-01T10:49,40,40 min,anonymous,2026-07-01T08:57:45+00:00
evzoni-bogorodica,2026-07-01T11:39,50,50 min,anonymous,2026-07-01T09:43:03+00:00
evzoni-bogorodica,2026-07-01T11:55,60,60 min,anonymous,2026-07-01T09:58:09+00:00
evzoni-bogorodica,2026-07-01T11:44,50,50 min,anonymous,2026-07-01T09:58:09+00:00
evzoni-bogorodica,2026-07-01T12:12,5,5 min,anonymous,2026-07-01T10:13:19+00:00
evzoni-bogorodica,2026-07-01T12:37,35,35 min,anonymous,2026-07-01T10:43:32+00:00
evzoni-bogorodica,2026-07-01T12:29,240,4 h,anonymous,2026-07-01T10:43:32+00:00
evzoni-bogorodica,2026-07-01T12:55,5,5 min,anonymous,2026-07-01T10:58:39+00:00
evzoni-bogorodica,2026-07-01T12:49,90,1.5 h,anonymous,2026-07-01T10:58:39+00:00
evzoni-bogorodica,2026-07-01T13:11,90,1.5 h,anonymous,2026-07-01T11:13:45+00:00
evzoni-bogorodica,2026-07-01T13:05,90,1.5 h,anonymous,2026-07-01T11:13:45+00:00
evzoni-bogorodica,2026-07-01T13:23,120,2 h,anonymous,2026-07-01T11:28:52+00:00
evzoni-bogorodica,2026-07-01T13:40,120,2 h,anonymous,2026-07-01T11:43:58+00:00
evzoni-bogorodica,2026-07-01T13:32,300,5 h,anonymous,2026-07-01T11:43:58+00:00
evzoni-bogorodica,2026-07-01T13:44,270,4.5 h,anonymous,2026-07-01T11:47:10+00:00
evzoni-bogorodica,2026-07-01T14:00,60,60 min,anonymous,2026-07-01T12:02:17+00:00
evzoni-bogorodica,2026-07-01T14:07,90,1.5 h,anonymous,2026-07-01T12:17:24+00:00
evzoni-bogorodica,2026-07-01T14:41,180,3 h,anonymous,2026-07-01T12:47:38+00:00
evzoni-bogorodica,2026-07-01T14:39,150,2.5 h,anonymous,2026-07-01T12:47:38+00:00
evzoni-bogorodica,2026-07-01T14:33,15,15 min,anonymous,2026-07-01T12:47:38+00:00
evzoni-bogorodica,2026-07-01T14:55,15,15 min,anonymous,2026-07-01T13:02:45+00:00
evzoni-bogorodica,2026-07-01T15:16,5,5 min,anonymous,2026-07-01T13:17:52+00:00
evzoni-bogorodica,2026-07-01T15:08,60,60 min,anonymous,2026-07-01T13:17:52+00:00
evzoni-bogorodica,2026-07-01T15:06,20,20 min,anonymous,2026-07-01T13:17:52+00:00
evzoni-bogorodica,2026-07-01T15:25,5,5 min,anonymous,2026-07-01T13:32:59+00:00
evzoni-bogorodica,2026-07-01T16:00,5,5 min,anonymous,2026-07-01T14:00:56+00:00
evzoni-bogorodica,2026-07-01T15:57,90,1.5 h,anonymous,2026-07-01T14:00:56+00:00
evzoni-bogorodica,2026-07-01T15:53,5,5 min,anonymous,2026-07-01T14:00:56+00:00
evzoni-bogorodica,2026-07-01T16:07,5,5 min,anonymous,2026-07-01T14:16:02+00:00
evzoni-bogorodica,2026-07-01T16:20,5,5 min,anonymous,2026-07-01T14:31:08+00:00
evzoni-bogorodica,2026-07-01T16:16,180,3 h,anonymous,2026-07-01T14:31:08+00:00
evzoni-bogorodica,2026-07-01T16:35,5,5 min,anonymous,2026-07-01T14:46:13+00:00
evzoni-bogorodica,2026-07-01T16:33,5,5 min,anonymous,2026-07-01T14:46:13+00:00
evzoni-bogorodica,2026-07-01T16:49,5,5 min,anonymous,2026-07-01T15:01:19+00:00
evzoni-bogorodica,2026-07-01T17:20,40,40 min,anonymous,2026-07-01T15:31:30+00:00
evzoni-bogorodica,2026-07-01T18:19,60,60 min,anonymous,2026-07-01T16:31:53+00:00
evzoni-bogorodica,2026-07-01T19:16,60,60 min,anonymous,2026-07-01T17:21:51+00:00
evzoni-bogorodica,2026-07-01T19:10,15,15 min,anonymous,2026-07-01T17:21:51+00:00
evzoni-bogorodica,2026-07-01T20:13,25,25 min,anonymous,2026-07-01T18:22:15+00:00
evzoni-bogorodica,2026-07-01T20:09,210,3.5 h,anonymous,2026-07-01T18:22:15+00:00
evzoni-bogorodica,2026-07-01T20:47,15,15 min,anonymous,2026-07-01T19:00:33+00:00
evzoni-bogorodica,2026-07-01T21:24,25,25 min,anonymous,2026-07-01T19:30:44+00:00
evzoni-bogorodica,2026-07-01T22:09,5,5 min,anonymous,2026-07-01T20:16:01+00:00
evzoni-bogorodica,2026-07-01T22:20,240,4 h,anonymous,2026-07-01T20:27:52+00:00
evzoni-bogorodica,2026-07-01T22:40,480,8 h,anonymous,2026-07-01T20:42:59+00:00
evzoni-bogorodica,2026-07-01T23:59,450,7.5 h,anonymous_,2026-07-01T22:06:59+00:00
evzoni-bogorodica,2026-07-02T00:59,420,7 h,anonymous_,2026-07-01T23:07:21+00:00
evzoni-bogorodica,2026-07-02T01:54,390,6.5 h,anonymous_,2026-07-02T00:11:23+00:00
evzoni-bogorodica,2026-07-02T02:57,360,6 h,anonymous_,2026-07-02T01:11:46+00:00
evzoni-bogorodica,2026-07-02T03:56,330,5.5 h,anonymous_,2026-07-02T02:08:00+00:00
evzoni-bogorodica,2026-07-02T04:59,300,5 h,anonymous_,2026-07-02T03:08:31+00:00
evzoni-bogorodica,2026-07-02T06:06,180,3 h,anonymous,2026-07-02T04:08:52+00:00
evzoni-bogorodica,2026-07-02T05:57,270,4.5 h,anonymous_,2026-07-02T04:08:52+00:00
evzoni-bogorodica,2026-07-02T06:12,60,60 min,anonymous,2026-07-02T04:23:58+00:00
evzoni-bogorodica,2026-07-02T06:24,5,5 min,anonymous,2026-07-02T04:39:04+00:00
evzoni-bogorodica,2026-07-02T07:26,15,15 min,anonymous,2026-07-02T05:39:24+00:00
evzoni-bogorodica,2026-07-02T07:47,60,60 min,anonymous,2026-07-02T05:54:31+00:00
evzoni-bogorodica,2026-07-02T08:01,5,5 min,anonymous,2026-07-02T06:07:58+00:00
evzoni-bogorodica,2026-07-02T07:54,5,5 min,anonymous,2026-07-02T06:07:58+00:00
evzoni-bogorodica,2026-07-02T09:25,15,15 min,anonymous,2026-07-02T07:38:42+00:00
evzoni-bogorodica,2026-07-02T09:59,15,15 min,anonymous,2026-07-02T08:08:55+00:00
evzoni-bogorodica,2026-07-02T10:18,10,10 min,anonymous,2026-07-02T08:24:02+00:00
evzoni-bogorodica,2026-07-02T10:15,30,30 min,anonymous,2026-07-02T08:24:02+00:00
evzoni-bogorodica,2026-07-02T10:43,20,20 min,anonymous,2026-07-02T08:54:13+00:00
evzoni-bogorodica,2026-07-02T11:05,10,10 min,anonymous,2026-07-02T09:09:19+00:00
evzoni-bogorodica,2026-07-02T10:58,5,5 min,anonymous,2026-07-02T09:09:19+00:00
evzoni-bogorodica,2026-07-02T12:15,15,15 min,anonymous,2026-07-02T10:24:17+00:00
evzoni-bogorodica,2026-07-02T12:45,50,50 min,anonymous,2026-07-02T10:54:29+00:00
evzoni-bogorodica,2026-07-02T13:00,10,10 min,anonymous,2026-07-02T11:09:35+00:00
evzoni-bogorodica,2026-07-02T13:12,20,20 min,anonymous,2026-07-02T11:24:41+00:00
evzoni-bogorodica,2026-07-02T13:45,45,45 min,anonymous,2026-07-02T11:54:53+00:00
evzoni-bogorodica,2026-07-02T14:26,35,35 min,anonymous,2026-07-02T12:28:44+00:00
evzoni-bogorodica,2026-07-02T14:33,30,30 min,anonymous,2026-07-02T12:43:50+00:00
evzoni-bogorodica,2026-07-02T14:45,30,30 min,anonymous,2026-07-02T12:58:56+00:00
evzoni-bogorodica,2026-07-02T15:12,20,20 min,anonymous,2026-07-02T13:14:02+00:00
evzoni-bogorodica,2026-07-02T16:27,15,15 min,anonymous_,2026-07-02T14:40:52+00:00
evzoni-bogorodica,2026-07-02T17:09,5,5 min,anonymous,2026-07-02T15:11:07+00:00
evzoni-bogorodica,2026-07-02T17:35,5,5 min,anonymous,2026-07-02T15:41:20+00:00
evzoni-bogorodica,2026-07-02T18:58,15,15 min,anonymous_,2026-07-02T17:08:58+00:00
evzoni-bogorodica,2026-07-02T19:58,10,10 min,anonymous_,2026-07-02T18:09:24+00:00
evzoni-bogorodica,2026-07-02T20:55,5,5 min,anonymous_,2026-07-02T19:02:45+00:00
evzoni-bogorodica,2026-07-02T21:15,40,40 min,anonymous,2026-07-02T19:17:51+00:00
evzoni-bogorodica,2026-07-02T21:25,40,40 min,anonymous,2026-07-02T19:32:57+00:00
evzoni-bogorodica,2026-07-02T22:01,45,45 min,anonymous,2026-07-02T20:12:16+00:00
evzoni-bogorodica,2026-07-02T22:20,90,1.5 h,anonymous,2026-07-02T20:27:22+00:00
evzoni-bogorodica,2026-07-02T23:24,60,60 min,anonymous_,2026-07-02T21:35:38+00:00
evzoni-bogorodica,2026-07-03T00:23,55,55 min,anonymous_,2026-07-02T22:33:21+00:00
evzoni-bogorodica,2026-07-03T01:05,25,25 min,anonymous,2026-07-02T23:18:38+00:00
evzoni-bogorodica,2026-07-03T02:26,20,20 min,anonymous_,2026-07-03T00:43:05+00:00
evzoni-bogorodica,2026-07-03T03:23,15,15 min,anonymous_,2026-07-03T01:37:12+00:00
evzoni-bogorodica,2026-07-03T04:23,10,10 min,anonymous_,2026-07-03T02:37:33+00:00
evzoni-bogorodica,2026-07-03T05:29,5,5 min,anonymous_,2026-07-03T03:37:54+00:00
evzoni-bogorodica,2026-07-03T05:53,5,5 min,anonymous,2026-07-03T04:08:04+00:00
evzoni-bogorodica,2026-07-03T07:03,20,20 min,anonymous,2026-07-03T05:08:55+00:00
evzoni-bogorodica,2026-07-03T06:54,15,15 min,anonymous_,2026-07-03T05:08:55+00:00
evzoni-bogorodica,2026-07-03T07:42,45,45 min,anonymous,2026-07-03T05:54:12+00:00
evzoni-bogorodica,2026-07-03T08:10,20,20 min,anonymous,2026-07-03T06:24:23+00:00
evzoni-bogorodica,2026-07-03T09:24,15,15 min,anonymous_,2026-07-03T07:39:49+00:00
evzoni-bogorodica,2026-07-03T09:55,20,20 min,anonymous,2026-07-03T08:10:01+00:00
evzoni-bogorodica,2026-07-03T10:53,15,15 min,anonymous_,2026-07-03T09:00:35+00:00
evzoni-bogorodica,2026-07-03T11:54,10,10 min,anonymous_,2026-07-03T10:00:55+00:00
evzoni-bogorodica,2026-07-03T12:14,10,10 min,anonymous,2026-07-03T10:16:02+00:00
evzoni-bogorodica,2026-07-03T12:31,30,30 min,anonymous,2026-07-03T10:46:12+00:00
evzoni-bogorodica,2026-07-03T12:31,10,10 min,anonymous,2026-07-03T10:46:12+00:00
evzoni-bogorodica,2026-07-03T12:54,30,30 min,anonymous,2026-07-03T11:01:18+00:00
evzoni-bogorodica,2026-07-03T13:05,30,30 min,anonymous,2026-07-03T11:14:31+00:00
evzoni-bogorodica,2026-07-03T14:26,25,25 min,anonymous_,2026-07-03T12:45:21+00:00
evzoni-bogorodica,2026-07-03T15:17,5,5 min,anonymous,2026-07-03T13:31:46+00:00
evzoni-bogorodica,2026-07-03T15:41,25,25 min,anonymous,2026-07-03T13:46:52+00:00
evzoni-bogorodica,2026-07-03T16:12,20,20 min,anonymous,2026-07-03T14:17:03+00:00
evzoni-bogorodica,2026-07-03T17:07,5,5 min,anonymous,2026-07-03T15:17:25+00:00
evzoni-bogorodica,2026-07-03T18:29,5,5 min,anonymous,2026-07-03T16:30:57+00:00
evzoni-bogorodica,2026-07-03T19:25,15,15 min,anonymous_,2026-07-03T17:31:48+00:00
evzoni-bogorodica,2026-07-03T20:23,10,10 min,anonymous_,2026-07-03T18:37:05+00:00
evzoni-bogorodica,2026-07-03T21:29,5,5 min,anonymous_,2026-07-03T19:37:30+00:00
evzoni-bogorodica,2026-07-03T22:27,15,15 min,anonymous_,2026-07-03T20:41:36+00:00
evzoni-bogorodica,2026-07-03T23:09,5,5 min,anonymous,2026-07-03T21:11:48+00:00
evzoni-bogorodica,2026-07-03T23:36,5,5 min,anonymous,2026-07-03T21:50:40+00:00
evzoni-bogorodica,2026-07-04T00:58,15,15 min,anonymous_,2026-07-03T23:00:53+00:00
evzoni-bogorodica,2026-07-04T01:54,10,10 min,anonymous_,2026-07-04T00:08:48+00:00
evzoni-bogorodica,2026-07-04T02:56,5,5 min,anonymous_,2026-07-04T01:09:09+00:00
evzoni-bogorodica,2026-07-04T03:50,5,5 min,anonymous,2026-07-04T01:52:19+00:00
evzoni-bogorodica,2026-07-04T04:54,10,10 min,anonymous_,2026-07-04T03:07:45+00:00
evzoni-bogorodica,2026-07-04T05:55,5,5 min,anonymous_,2026-07-04T04:08:09+00:00
evzoni-bogorodica,2026-07-04T06:54,10,10 min,anonymous,2026-07-04T05:02:55+00:00
evzoni-bogorodica,2026-07-04T07:12,35,35 min,anonymous,2026-07-04T05:18:02+00:00
evzoni-bogorodica,2026-07-04T08:24,30,30 min,anonymous_,2026-07-04T06:33:33+00:00
evzoni-bogorodica,2026-07-04T09:05,15,15 min,anonymous,2026-07-04T07:18:54+00:00
evzoni-bogorodica,2026-07-04T09:38,10,10 min,anonymous,2026-07-04T07:49:07+00:00
evzoni-bogorodica,2026-07-04T10:57,5,5 min,anonymous_,2026-07-04T09:02:01+00:00
evzoni-bogorodica,2026-07-04T11:11,20,20 min,anonymous,2026-07-04T09:17:07+00:00
evzoni-bogorodica,2026-07-04T11:39,15,15 min,anonymous,2026-07-04T09:47:18+00:00
evzoni-bogorodica,2026-07-04T12:17,90,1.5 h,anonymous,2026-07-04T10:17:29+00:00
evzoni-bogorodica,2026-07-04T12:04,5,5 min,anonymous,2026-07-04T10:17:29+00:00
evzoni-bogorodica,2026-07-04T12:59,55,55 min,anonymous,2026-07-04T11:07:31+00:00
evzoni-bogorodica,2026-07-04T13:22,60,60 min,anonymous,2026-07-04T11:22:38+00:00
evzoni-bogorodica,2026-07-04T13:27,40,40 min,anonymous,2026-07-04T11:37:44+00:00
evzoni-bogorodica,2026-07-04T13:40,5,5 min,anonymous,2026-07-04T11:49:58+00:00
evzoni-bogorodica,2026-07-04T13:51,55,55 min,anonymous,2026-07-04T12:05:03+00:00
evzoni-bogorodica,2026-07-04T14:53,50,50 min,anonymous_,2026-07-04T13:06:49+00:00
evzoni-bogorodica,2026-07-04T15:59,45,45 min,anonymous_,2026-07-04T14:07:11+00:00
evzoni-bogorodica,2026-07-04T16:36,50,50 min,anonymous,2026-07-04T14:38:50+00:00
evzoni-bogorodica,2026-07-04T17:48,45,45 min,anonymous,2026-07-04T15:59:55+00:00
evzoni-bogorodica,2026-07-04T18:34,120,2 h,anonymous,2026-07-04T16:45:16+00:00
evzoni-bogorodica,2026-07-04T18:33,5,5 min,anonymous,2026-07-04T16:45:16+00:00
evzoni-bogorodica,2026-07-04T19:28,30,30 min,anonymous,2026-07-04T17:30:34+00:00
evzoni-bogorodica,2026-07-04T20:14,10,10 min,anonymous,2026-07-04T18:20:42+00:00
evzoni-bogorodica,2026-07-04T21:34,45,45 min,anonymous,2026-07-04T19:37:25+00:00
evzoni-bogorodica,2026-07-04T21:25,5,5 min,anonymous_,2026-07-04T19:37:25+00:00
evzoni-bogorodica,2026-07-04T22:57,40,40 min,anonymous_,2026-07-04T21:05:40+00:00
evzoni-bogorodica,2026-07-04T23:56,35,35 min,anonymous_,2026-07-04T22:12:49+00:00
evzoni-bogorodica,2026-07-05T00:57,30,30 min,anonymous_,2026-07-04T23:00:32+00:00
evzoni-bogorodica,2026-07-05T01:53,25,25 min,anonymous_,2026-07-05T00:11:51+00:00
evzoni-bogorodica,2026-07-05T02:53,20,20 min,anonymous_,2026-07-05T01:12:12+00:00
evzoni-bogorodica,2026-07-05T03:59,15,15 min,anonymous_,2026-07-05T02:05:53+00:00
evzoni-bogorodica,2026-07-05T04:56,10,10 min,anonymous_,2026-07-05T03:06:14+00:00
evzoni-bogorodica,2026-07-05T05:58,5,5 min,anonymous_,2026-07-05T04:06:35+00:00
evzoni-bogorodica,2026-07-05T06:55,5,5 min,anonymous,2026-07-05T05:06:56+00:00
evzoni-bogorodica,2026-07-05T07:53,10,10 min,anonymous_,2026-07-05T06:01:01+00:00
evzoni-bogorodica,2026-07-05T08:38,15,15 min,anonymous,2026-07-05T06:46:17+00:00
evzoni-bogorodica,2026-07-05T08:52,5,5 min,anonymous,2026-07-05T07:01:23+00:00
evzoni-bogorodica,2026-07-05T09:15,10,10 min,anonymous,2026-07-05T07:16:29+00:00
evzoni-bogorodica,2026-07-05T10:30,45,45 min,anonymous,2026-07-05T08:36:55+00:00
evzoni-bogorodica,2026-07-05T10:29,40,40 min,anonymous,2026-07-05T08:36:55+00:00
evzoni-bogorodica,2026-07-05T11:26,40,40 min,anonymous_,2026-07-05T09:37:15+00:00
evzoni-bogorodica,2026-07-05T12:24,35,35 min,anonymous_,2026-07-05T10:35:27+00:00
evzoni-bogorodica,2026-07-05T12:43,90,1.5 h,anonymous,2026-07-05T10:50:34+00:00
evzoni-bogorodica,2026-07-05T13:17,90,1.5 h,anonymous,2026-07-05T11:20:48+00:00
evzoni-bogorodica,2026-07-05T13:33,120,2 h,anonymous,2026-07-05T11:35:54+00:00
evzoni-bogorodica,2026-07-05T13:56,120,2 h,anonymous,2026-07-05T12:02:12+00:00
evzoni-bogorodica,2026-07-05T14:14,120,2 h,anonymous,2026-07-05T12:17:19+00:00
evzoni-bogorodica,2026-07-05T14:29,150,2.5 h,anonymous,2026-07-05T12:32:26+00:00
evzoni-bogorodica,2026-07-05T15:27,120,2 h,anonymous_,2026-07-05T13:32:51+00:00
evzoni-bogorodica,2026-07-05T16:16,60,60 min,anonymous,2026-07-05T14:17:58+00:00
evzoni-bogorodica,2026-07-05T16:48,120,2 h,anonymous,2026-07-05T15:03:21+00:00
evzoni-bogorodica,2026-07-05T17:23,120,2 h,anonymous,2026-07-05T15:24:22+00:00
evzoni-bogorodica,2026-07-05T17:20,60,60 min,anonymous,2026-07-05T15:24:22+00:00
evzoni-bogorodica,2026-07-05T18:24,60,60 min,anonymous,2026-07-05T16:24:53+00:00
evzoni-bogorodica,2026-07-05T18:30,90,1.5 h,anonymous,2026-07-05T16:38:26+00:00
evzoni-bogorodica,2026-07-05T18:55,25,25 min,anonymous,2026-07-05T17:08:43+00:00
evzoni-bogorodica,2026-07-05T19:40,25,25 min,anonymous,2026-07-05T17:51:26+00:00
evzoni-bogorodica,2026-07-05T19:56,30,30 min,anonymous,2026-07-05T18:06:31+00:00
evzoni-bogorodica,2026-07-05T19:56,10,10 min,anonymous,2026-07-05T18:06:31+00:00
evzoni-bogorodica,2026-07-05T20:20,10,10 min,anonymous,2026-07-05T18:21:37+00:00
evzoni-bogorodica,2026-07-05T20:48,5,5 min,anonymous,2026-07-05T18:51:48+00:00
evzoni-bogorodica,2026-07-05T21:31,5,5 min,anonymous,2026-07-05T19:32:08+00:00
evzoni-bogorodica,2026-07-05T21:55,25,25 min,anonymous,2026-07-05T20:02:18+00:00
evzoni-bogorodica,2026-07-05T22:04,15,15 min,anonymous,2026-07-05T20:17:24+00:00
evzoni-bogorodica,2026-07-05T23:28,10,10 min,anonymous_,2026-07-05T21:31:09+00:00
evzoni-bogorodica,2026-07-06T00:27,5,5 min,anonymous_,2026-07-05T22:31:30+00:00
evzoni-bogorodica,2026-07-06T01:26,10,10 min,anonymous_,2026-07-05T23:35:55+00:00
evzoni-bogorodica,2026-07-06T02:24,5,5 min,anonymous_,2026-07-06T00:42:08+00:00
evzoni-bogorodica,2026-07-06T03:25,15,15 min,anonymous_,2026-07-06T01:44:01+00:00
evzoni-bogorodica,2026-07-06T04:26,10,10 min,anonymous_,2026-07-06T02:44:22+00:00
evzoni-bogorodica,2026-07-06T05:28,5,5 min,anonymous_,2026-07-06T03:44:44+00:00
evzoni-bogorodica,2026-07-06T06:32,30,30 min,anonymous,2026-07-06T04:45:33+00:00
evzoni-bogorodica,2026-07-06T06:29,10,10 min,anonymous_,2026-07-06T04:45:33+00:00
evzoni-bogorodica,2026-07-06T06:49,5,5 min,anonymous,2026-07-06T05:00:38+00:00
evzoni-bogorodica,2026-07-06T06:46,30,30 min,anonymous,2026-07-06T05:00:38+00:00
evzoni-bogorodica,2026-07-06T07:05,5,5 min,anonymous,2026-07-06T05:15:44+00:00
evzoni-bogorodica,2026-07-06T07:32,90,1.5 h,anonymous,2026-07-06T05:45:54+00:00
evzoni-bogorodica,2026-07-06T08:56,60,60 min,anonymous_,2026-07-06T07:09:10+00:00
evzoni-bogorodica,2026-07-06T09:39,60,60 min,anonymous,2026-07-06T07:39:20+00:00
evzoni-bogorodica,2026-07-06T09:28,60,60 min,anonymous,2026-07-06T07:39:20+00:00
evzoni-bogorodica,2026-07-06T10:14,25,25 min,anonymous,2026-07-06T08:24:36+00:00
evzoni-bogorodica,2026-07-06T11:24,20,20 min,anonymous_,2026-07-06T09:40:03+00:00
evzoni-bogorodica,2026-07-06T12:23,15,15 min,anonymous_,2026-07-06T10:40:31+00:00
evzoni-bogorodica,2026-07-06T13:01,60,60 min,anonymous,2026-07-06T11:08:40+00:00
evzoni-bogorodica,2026-07-06T13:18,50,50 min,anonymous,2026-07-06T11:23:49+00:00
evzoni-bogorodica,2026-07-06T14:17,60,60 min,anonymous,2026-07-06T12:24:11+00:00
evzoni-bogorodica,2026-07-06T14:29,60,60 min,anonymous,2026-07-06T12:39:17+00:00
evzoni-bogorodica,2026-07-06T14:58,60,60 min,anonymous,2026-07-06T13:09:27+00:00
evzoni-bogorodica,2026-07-06T16:09,90,1.5 h,anonymous,2026-07-06T14:09:49+00:00
evzoni-bogorodica,2026-07-06T15:57,55,55 min,anonymous_,2026-07-06T14:09:49+00:00
evzoni-bogorodica,2026-07-06T17:06,15,15 min,anonymous,2026-07-06T15:09:20+00:00
evzoni-bogorodica,2026-07-06T17:48,30,30 min,anonymous,2026-07-06T15:54:38+00:00
evzoni-bogorodica,2026-07-06T17:40,60,60 min,anonymous,2026-07-06T15:54:38+00:00
evzoni-bogorodica,2026-07-06T18:57,25,25 min,anonymous_,2026-07-06T17:10:12+00:00
evzoni-bogorodica,2026-07-06T19:42,45,45 min,anonymous,2026-07-06T17:45:55+00:00
evzoni-bogorodica,2026-07-06T19:46,40,40 min,anonymous,2026-07-06T18:01:02+00:00
evzoni-bogorodica,2026-07-06T20:17,30,30 min,anonymous,2026-07-06T18:31:14+00:00
evzoni-bogorodica,2026-07-06T21:28,25,25 min,anonymous_,2026-07-06T19:36:17+00:00
evzoni-bogorodica,2026-07-06T22:23,20,20 min,anonymous_,2026-07-06T20:36:45+00:00
evzoni-bogorodica,2026-07-06T23:25,15,15 min,anonymous_,2026-07-06T21:38:08+00:00
evzoni-bogorodica,2026-07-07T00:28,10,10 min,anonymous_,2026-07-06T22:38:37+00:00
evzoni-bogorodica,2026-07-07T01:28,5,5 min,anonymous_,2026-07-06T23:42:26+00:00
evzoni-bogorodica,2026-07-07T02:29,15,15 min,anonymous_,2026-07-07T00:37:48+00:00
evzoni-bogorodica,2026-07-07T03:26,10,10 min,anonymous_,2026-07-07T01:38:14+00:00
evzoni-bogorodica,2026-07-07T04:23,5,5 min,anonymous_,2026-07-07T02:38:41+00:00
evzoni-bogorodica,2026-07-07T05:24,10,10 min,anonymous_,2026-07-07T03:39:04+00:00
evzoni-bogorodica,2026-07-07T06:27,40,40 min,anonymous,2026-07-07T04:28:04+00:00
evzoni-bogorodica,2026-07-07T07:36,15,15 min,anonymous,2026-07-07T05:43:36+00:00
evzoni-bogorodica,2026-07-07T07:27,35,35 min,anonymous_,2026-07-07T05:43:36+00:00
evzoni-bogorodica,2026-07-07T08:56,10,10 min,anonymous_,2026-07-07T07:14:19+00:00
evzoni-bogorodica,2026-07-07T09:58,5,5 min,anonymous_,2026-07-07T08:10:57+00:00
evzoni-bogorodica,2026-07-07T10:55,35,35 min,anonymous,2026-07-07T08:56:14+00:00
evzoni-bogorodica,2026-07-07T11:53,30,30 min,anonymous_,2026-07-07T10:11:40+00:00
evzoni-bogorodica,2026-07-07T12:39,5,5 min,anonymous,2026-07-07T10:41:50+00:00
evzoni-bogorodica,2026-07-07T12:42,240,4 h,anonymous,2026-07-07T10:56:56+00:00
evzoni-bogorodica,2026-07-07T13:23,30,30 min,anonymous,2026-07-07T11:32:43+00:00
evzoni-bogorodica,2026-07-07T14:24,25,25 min,anonymous_,2026-07-07T12:33:08+00:00
evzoni-bogorodica,2026-07-07T14:42,15,15 min,anonymous,2026-07-07T12:48:14+00:00
evzoni-bogorodica,2026-07-07T15:57,10,10 min,anonymous_,2026-07-07T14:15:03+00:00
evzoni-bogorodica,2026-07-07T16:54,5,5 min,anonymous_,2026-07-07T15:00:24+00:00
evzoni-bogorodica,2026-07-07T17:55,15,15 min,anonymous_,2026-07-07T16:00:46+00:00
evzoni-bogorodica,2026-07-07T18:59,10,10 min,anonymous,2026-07-07T17:07:21+00:00
evzoni-bogorodica,2026-07-07T19:55,5,5 min,anonymous_,2026-07-07T18:07:47+00:00
evzoni-bogorodica,2026-07-07T20:14,15,15 min,anonymous,2026-07-07T18:18:00+00:00
evzoni-bogorodica,2026-07-07T21:01,10,10 min,anonymous,2026-07-07T19:03:23+00:00
evzoni-bogorodica,2026-07-07T20:57,15,15 min,anonymous,2026-07-07T19:03:23+00:00
evzoni-bogorodica,2026-07-07T22:25,5,5 min,anonymous_,2026-07-07T20:34:01+00:00
evzoni-bogorodica,2026-07-07T23:28,15,15 min,anonymous_,2026-07-07T21:34:21+00:00
evzoni-bogorodica,2026-07-08T00:23,10,10 min,anonymous_,2026-07-07T22:32:48+00:00
evzoni-bogorodica,2026-07-08T01:28,5,5 min,anonymous_,2026-07-07T23:31:57+00:00
evzoni-bogorodica,2026-07-08T02:27,15,15 min,anonymous_,2026-07-08T00:41:52+00:00
evzoni-bogorodica,2026-07-08T03:27,10,10 min,anonymous_,2026-07-08T01:44:40+00:00
evzoni-bogorodica,2026-07-08T04:25,5,5 min,anonymous_,2026-07-08T02:45:17+00:00
evzoni-bogorodica,2026-07-08T05:25,10,10 min,anonymous_,2026-07-08T03:30:36+00:00
evzoni-bogorodica,2026-07-08T06:27,5,5 min,anonymous_,2026-07-08T04:31:02+00:00
evzoni-bogorodica,2026-07-08T07:29,10,10 min,anonymous_,2026-07-08T05:37:48+00:00
evzoni-bogorodica,2026-07-08T07:42,35,35 min,anonymous,2026-07-08T05:52:54+00:00
evzoni-bogorodica,2026-07-08T08:58,30,30 min,anonymous_,2026-07-08T07:08:34+00:00
evzoni-bogorodica,2026-07-08T09:34,5,5 min,anonymous,2026-07-08T07:47:47+00:00
evzoni-bogorodica,2026-07-08T10:09,30,30 min,anonymous,2026-07-08T08:17:58+00:00
evzoni-bogorodica,2026-07-08T11:10,120,2 h,anonymous,2026-07-08T09:18:19+00:00
evzoni-bogorodica,2026-07-08T11:34,60,60 min,anonymous,2026-07-08T09:42:01+00:00
evzoni-bogorodica,2026-07-08T11:45,15,15 min,anonymous,2026-07-08T09:57:07+00:00
evzoni-bogorodica,2026-07-08T12:06,60,60 min,anonymous,2026-07-08T10:12:12+00:00
evzoni-bogorodica,2026-07-08T13:04,30,30 min,anonymous,2026-07-08T11:12:34+00:00
evzoni-bogorodica,2026-07-08T14:27,10,10 min,anonymous,2026-07-08T12:39:36+00:00
evzoni-bogorodica,2026-07-08T14:26,5,5 min,anonymous,2026-07-08T12:39:36+00:00
evzoni-bogorodica,2026-07-08T14:49,10,10 min,anonymous,2026-07-08T12:54:43+00:00
evzoni-bogorodica,2026-07-08T15:28,10,10 min,anonymous,2026-07-08T13:33:24+00:00
evzoni-bogorodica,2026-07-08T16:19,60,60 min,anonymous,2026-07-08T14:33:49+00:00
evzoni-bogorodica,2026-07-08T17:34,10,10 min,anonymous,2026-07-08T15:34:14+00:00
evzoni-bogorodica,2026-07-08T17:27,55,55 min,anonymous_,2026-07-08T15:34:14+00:00
evzoni-bogorodica,2026-07-08T17:43,10,10 min,anonymous,2026-07-08T15:54:07+00:00
evzoni-bogorodica,2026-07-08T18:54,5,5 min,anonymous_,2026-07-08T17:09:40+00:00
evzoni-bogorodica,2026-07-08T19:55,15,15 min,anonymous_,2026-07-08T18:14:06+00:00
evzoni-bogorodica,2026-07-08T20:59,10,10 min,anonymous_,2026-07-08T19:06:13+00:00
evzoni-bogorodica,2026-07-08T21:57,20,20 min,anonymous,2026-07-08T20:06:39+00:00
evzoni-bogorodica,2026-07-08T22:55,15,15 min,anonymous_,2026-07-08T21:01:30+00:00
evzoni-bogorodica,2026-07-08T23:56,10,10 min,anonymous_,2026-07-08T22:05:05+00:00
evzoni-bogorodica,2026-07-09T00:58,5,5 min,anonymous_,2026-07-08T23:10:14+00:00
evzoni-bogorodica,2026-07-09T01:58,10,10 min,anonymous_,2026-07-09T00:10:00+00:00
evzoni-bogorodica,2026-07-09T02:54,5,5 min,anonymous_,2026-07-09T01:10:21+00:00
evzoni-bogorodica,2026-07-09T03:56,15,15 min,anonymous_,2026-07-09T02:10:42+00:00
evzoni-bogorodica,2026-07-09T04:56,10,10 min,anonymous_,2026-07-09T03:11:03+00:00
evzoni-bogorodica,2026-07-09T05:54,15,15 min,anonymous,2026-07-09T03:56:20+00:00
evzoni-bogorodica,2026-07-09T06:55,10,10 min,anonymous_,2026-07-09T05:09:01+00:00
evzoni-bogorodica,2026-07-09T07:46,5,5 min,anonymous,2026-07-09T05:54:20+00:00
evzoni-bogorodica,2026-07-09T08:59,10,10 min,anonymous_,2026-07-09T07:09:54+00:00
evzoni-bogorodica,2026-07-09T10:01,5,5 min,anonymous,2026-07-09T08:11:35+00:00
evzoni-bogorodica,2026-07-09T09:57,180,3 h,anonymous,2026-07-09T08:11:35+00:00
evzoni-bogorodica,2026-07-09T11:37,20,20 min,anonymous,2026-07-09T09:42:08+00:00
evzoni-bogorodica,2026-07-09T11:26,10,10 min,anonymous_,2026-07-09T09:42:08+00:00
evzoni-bogorodica,2026-07-09T12:37,50,50 min,anonymous,2026-07-09T10:42:31+00:00
evzoni-bogorodica,2026-07-09T12:52,45,45 min,anonymous,2026-07-09T10:57:37+00:00
evzoni-bogorodica,2026-07-09T13:35,60,60 min,anonymous,2026-07-09T11:36:20+00:00
evzoni-bogorodica,2026-07-09T13:44,90,1.5 h,anonymous,2026-07-09T11:51:27+00:00
evzoni-bogorodica,2026-07-09T13:43,90,1.5 h,anonymous,2026-07-09T11:51:27+00:00
evzoni-bogorodica,2026-07-09T14:58,60,60 min,anonymous_,2026-07-09T13:07:01+00:00
evzoni-bogorodica,2026-07-09T15:33,90,1.5 h,anonymous,2026-07-09T13:37:15+00:00
evzoni-bogorodica,2026-07-09T15:28,20,20 min,anonymous,2026-07-09T13:37:15+00:00
evzoni-bogorodica,2026-07-09T16:36,5,5 min,anonymous,2026-07-09T14:46:16+00:00
evzoni-bogorodica,2026-07-09T17:56,10,10 min,anonymous_,2026-07-09T16:01:48+00:00
evzoni-bogorodica,2026-07-09T18:59,5,5 min,anonymous_,2026-07-09T17:05:40+00:00
evzoni-bogorodica,2026-07-09T19:54,10,10 min,anonymous_,2026-07-09T18:06:11+00:00
evzoni-bogorodica,2026-07-09T20:27,5,5 min,anonymous,2026-07-09T18:39:13+00:00
evzoni-bogorodica,2026-07-09T21:23,15,15 min,anonymous_,2026-07-09T19:39:33+00:00
evzoni-bogorodica,2026-07-09T21:51,180,3 h,anonymous,2026-07-09T19:54:38+00:00
evzoni-bogorodica,2026-07-09T22:54,150,2.5 h,anonymous_,2026-07-09T21:12:38+00:00
evzoni-bogorodica,2026-07-09T23:56,120,2 h,anonymous_,2026-07-09T22:06:28+00:00
evzoni-bogorodica,2026-07-10T00:57,90,1.5 h,anonymous_,2026-07-09T23:06:52+00:00
evzoni-bogorodica,2026-07-10T01:59,60,60 min,anonymous_,2026-07-10T00:05:33+00:00
evzoni-bogorodica,2026-07-10T02:58,55,55 min,anonymous_,2026-07-10T01:05:55+00:00
evzoni-bogorodica,2026-07-10T03:53,50,50 min,anonymous_,2026-07-10T02:14:02+00:00
evzoni-bogorodica,2026-07-10T04:47,5,5 min,anonymous,2026-07-10T02:59:22+00:00
evzoni-bogorodica,2026-07-10T05:39,35,35 min,anonymous,2026-07-10T03:44:39+00:00
evzoni-bogorodica,2026-07-10T06:58,30,30 min,anonymous_,2026-07-10T05:00:24+00:00
evzoni-bogorodica,2026-07-10T07:11,210,3.5 h,anonymous,2026-07-10T05:12:26+00:00
evzoni-bogorodica,2026-07-10T07:21,30,30 min,anonymous,2026-07-10T05:27:32+00:00
evzoni-bogorodica,2026-07-10T07:13,15,15 min,anonymous,2026-07-10T05:27:32+00:00
evzoni-bogorodica,2026-07-10T08:42,10,10 min,anonymous,2026-07-10T06:43:00+00:00
evzoni-bogorodica,2026-07-10T08:25,25,25 min,anonymous_,2026-07-10T06:43:00+00:00
evzoni-bogorodica,2026-07-10T10:04,5,5 min,anonymous,2026-07-10T08:13:45+00:00
evzoni-bogorodica,2026-07-10T09:57,5,5 min,anonymous_,2026-07-10T08:13:45+00:00
evzoni-bogorodica,2026-07-10T10:48,20,20 min,anonymous,2026-07-10T09:00:24+00:00
evzoni-bogorodica,2026-07-10T11:29,60,60 min,anonymous,2026-07-10T09:30:36+00:00
evzoni-bogorodica,2026-07-10T12:23,55,55 min,anonymous_,2026-07-10T10:30:59+00:00
evzoni-bogorodica,2026-07-10T12:38,60,60 min,anonymous,2026-07-10T10:46:04+00:00
evzoni-bogorodica,2026-07-10T13:35,120,2 h,anonymous,2026-07-10T11:37:17+00:00
evzoni-bogorodica,2026-07-10T13:46,90,1.5 h,anonymous,2026-07-10T11:52:24+00:00
evzoni-bogorodica,2026-07-10T13:42,90,1.5 h,anonymous,2026-07-10T11:52:24+00:00
evzoni-bogorodica,2026-07-10T14:46,30,30 min,anonymous,2026-07-10T12:52:51+00:00
evzoni-bogorodica,2026-07-10T14:58,120,2 h,anonymous,2026-07-10T13:07:57+00:00
evzoni-bogorodica,2026-07-10T15:14,60,60 min,anonymous,2026-07-10T13:23:05+00:00
evzoni-bogorodica,2026-07-10T15:24,60,60 min,anonymous,2026-07-10T13:34:57+00:00
evzoni-bogorodica,2026-07-10T15:47,30,30 min,anonymous,2026-07-10T13:50:05+00:00
evzoni-bogorodica,2026-07-10T16:17,90,1.5 h,anonymous,2026-07-10T14:20:19+00:00
evzoni-bogorodica,2026-07-10T16:10,30,30 min,anonymous,2026-07-10T14:20:19+00:00
evzoni-bogorodica,2026-07-10T16:31,30,30 min,anonymous,2026-07-10T14:35:26+00:00
evzoni-bogorodica,2026-07-10T16:37,60,60 min,anonymous,2026-07-10T14:50:33+00:00
evzoni-bogorodica,2026-07-10T17:53,55,55 min,anonymous_,2026-07-10T16:01:54+00:00
evzoni-bogorodica,2026-07-10T18:06,45,45 min,anonymous,2026-07-10T16:17:01+00:00
evzoni-bogorodica,2026-07-10T18:58,5,5 min,anonymous,2026-07-10T17:02:22+00:00
evzoni-bogorodica,2026-07-10T19:24,10,10 min,anonymous,2026-07-10T17:32:35+00:00
evzoni-bogorodica,2026-07-10T19:47,45,45 min,anonymous,2026-07-10T17:47:42+00:00
evzoni-bogorodica,2026-07-10T19:47,15,15 min,anonymous,2026-07-10T17:47:42+00:00
evzoni-bogorodica,2026-07-10T19:59,45,45 min,anonymous,2026-07-10T18:12:22+00:00
evzoni-bogorodica,2026-07-10T20:26,40,40 min,anonymous,2026-07-10T18:27:29+00:00
evzoni-bogorodica,2026-07-10T20:38,5,5 min,anonymous,2026-07-10T18:42:36+00:00
evzoni-bogorodica,2026-07-10T21:58,15,15 min,anonymous_,2026-07-10T20:02:55+00:00
evzoni-bogorodica,2026-07-10T22:16,90,1.5 h,anonymous,2026-07-10T20:18:01+00:00
evzoni-bogorodica,2026-07-10T23:29,60,60 min,anonymous_,2026-07-10T21:41:37+00:00
evzoni-bogorodica,2026-07-11T00:26,55,55 min,anonymous_,2026-07-10T22:43:29+00:00
evzoni-bogorodica,2026-07-11T01:28,50,50 min,anonymous_,2026-07-10T23:32:23+00:00
evzoni-bogorodica,2026-07-11T02:25,45,45 min,anonymous_,2026-07-11T00:44:16+00:00
evzoni-bogorodica,2026-07-11T03:28,40,40 min,anonymous_,2026-07-11T01:44:37+00:00
evzoni-bogorodica,2026-07-11T04:25,35,35 min,anonymous_,2026-07-11T02:44:59+00:00
evzoni-bogorodica,2026-07-11T05:25,30,30 min,anonymous_,2026-07-11T03:30:26+00:00
evzoni-bogorodica,2026-07-11T06:23,25,25 min,anonymous_,2026-07-11T04:33:21+00:00
evzoni-bogorodica,2026-07-11T07:29,20,20 min,anonymous_,2026-07-11T05:33:44+00:00
evzoni-bogorodica,2026-07-11T08:03,5,5 min,anonymous,2026-07-11T06:03:44+00:00
evzoni-bogorodica,2026-07-11T09:23,15,15 min,anonymous_,2026-07-11T07:34:16+00:00
evzoni-bogorodica,2026-07-11T10:03,55,55 min,anonymous,2026-07-11T08:04:27+00:00
evzoni-bogorodica,2026-07-11T10:46,35,35 min,anonymous,2026-07-11T08:55:47+00:00
evzoni-bogorodica,2026-07-11T11:50,60,60 min,anonymous,2026-07-11T09:53:04+00:00
evzoni-bogorodica,2026-07-11T11:53,90,1.5 h,anonymous,2026-07-11T10:08:10+00:00
evzoni-bogorodica,2026-07-11T12:19,90,1.5 h,anonymous,2026-07-11T10:23:28+00:00
evzoni-bogorodica,2026-07-11T12:17,10,10 min,anonymous,2026-07-11T10:23:28+00:00
evzoni-bogorodica,2026-07-11T13:03,150,2.5 h,anonymous,2026-07-11T11:08:44+00:00
evzoni-bogorodica,2026-07-11T13:41,20,20 min,anonymous,2026-07-11T11:46:20+00:00
evzoni-bogorodica,2026-07-11T14:00,240,4 h,anonymous,2026-07-11T12:01:27+00:00
evzoni-bogorodica,2026-07-11T13:59,180,3 h,anonymous,2026-07-11T12:01:27+00:00
evzoni-bogorodica,2026-07-11T14:45,180,3 h,anonymous,2026-07-11T12:54:54+00:00
evzoni-bogorodica,2026-07-11T15:02,240,4 h,anonymous,2026-07-11T13:10:01+00:00
evzoni-bogorodica,2026-07-11T15:23,330,5.5 h,anonymous,2026-07-11T13:25:08+00:00
evzoni-bogorodica,2026-07-11T15:13,300,5 h,anonymous,2026-07-11T13:25:08+00:00
evzoni-bogorodica,2026-07-11T15:32,180,3 h,anonymous,2026-07-11T13:40:15+00:00
evzoni-bogorodica,2026-07-11T15:44,5,5 min,anonymous,2026-07-11T13:55:22+00:00
evzoni-bogorodica,2026-07-11T15:56,210,3.5 h,anonymous,2026-07-11T13:58:29+00:00
evzoni-bogorodica,2026-07-11T16:36,330,5.5 h,anonymous,2026-07-11T14:43:48+00:00
evzoni-bogorodica,2026-07-11T17:37,300,5 h,anonymous,2026-07-11T15:39:34+00:00
evzoni-bogorodica,2026-07-11T17:51,390,6.5 h,anonymous,2026-07-11T15:54:40+00:00
evzoni-bogorodica,2026-07-11T17:50,330,5.5 h,anonymous,2026-07-11T15:54:40+00:00
evzoni-bogorodica,2026-07-11T17:40,240,4 h,anonymous,2026-07-11T15:54:40+00:00
evzoni-bogorodica,2026-07-11T18:33,390,6.5 h,anonymous,2026-07-11T16:43:34+00:00
evzoni-bogorodica,2026-07-11T19:08,360,6 h,anonymous,2026-07-11T17:13:46+00:00
evzoni-bogorodica,2026-07-11T19:00,390,6.5 h,anonymous,2026-07-11T17:13:46+00:00
evzoni-bogorodica,2026-07-11T19:55,270,4.5 h,anonymous,2026-07-11T17:56:39+00:00
evzoni-bogorodica,2026-07-11T20:17,270,4.5 h,anonymous,2026-07-11T18:26:51+00:00
evzoni-bogorodica,2026-07-11T20:12,420,7 h,anonymous,2026-07-11T18:26:51+00:00
evzoni-bogorodica,2026-07-11T20:12,360,6 h,anonymous,2026-07-11T18:26:51+00:00
evzoni-bogorodica,2026-07-11T20:27,120,2 h,anonymous,2026-07-11T18:31:06+00:00
evzoni-bogorodica,2026-07-11T20:42,180,3 h,anonymous,2026-07-11T18:46:12+00:00
evzoni-bogorodica,2026-07-11T21:14,180,3 h,anonymous,2026-07-11T19:16:24+00:00
evzoni-bogorodica,2026-07-11T21:08,390,6.5 h,anonymous,2026-07-11T19:16:24+00:00
evzoni-bogorodica,2026-07-11T21:40,360,6 h,anonymous,2026-07-11T19:46:37+00:00
evzoni-bogorodica,2026-07-11T21:40,270,4.5 h,anonymous,2026-07-11T19:46:37+00:00
evzoni-bogorodica,2026-07-11T21:37,240,4 h,anonymous,2026-07-11T19:46:37+00:00
evzoni-bogorodica,2026-07-11T21:34,55,55 min,anonymous,2026-07-11T19:46:37+00:00
evzoni-bogorodica,2026-07-11T22:49,480,8 h,anonymous,2026-07-11T21:04:06+00:00
evzoni-bogorodica,2026-07-12T00:07,300,5 h,anonymous,2026-07-11T22:14:59+00:00
evzoni-bogorodica,2026-07-11T23:55,450,7.5 h,anonymous_,2026-07-11T22:14:59+00:00
evzoni-bogorodica,2026-07-12T01:15,420,7 h,anonymous,2026-07-11T23:28:24+00:00
evzoni-bogorodica,2026-07-12T02:26,390,6.5 h,anonymous_,2026-07-12T00:33:51+00:00
evzoni-bogorodica,2026-07-12T03:24,360,6 h,anonymous_,2026-07-12T01:40:54+00:00
evzoni-bogorodica,2026-07-12T04:29,330,5.5 h,anonymous_,2026-07-12T02:41:14+00:00
evzoni-bogorodica,2026-07-12T05:23,300,5 h,anonymous_,2026-07-12T03:41:33+00:00
evzoni-bogorodica,2026-07-12T06:23,270,4.5 h,anonymous_,2026-07-12T04:41:54+00:00
evzoni-bogorodica,2026-07-12T06:45,450,7.5 h,anonymous,2026-07-12T04:58:42+00:00
evzoni-bogorodica,2026-07-12T07:16,330,5.5 h,anonymous,2026-07-12T05:28:52+00:00
evzoni-bogorodica,2026-07-12T07:38,210,3.5 h,anonymous,2026-07-12T05:43:58+00:00
evzoni-bogorodica,2026-07-12T07:53,90,1.5 h,anonymous,2026-07-12T05:59:04+00:00
evzoni-bogorodica,2026-07-12T08:07,5,5 min,anonymous,2026-07-12T06:14:09+00:00
evzoni-bogorodica,2026-07-12T08:00,25,25 min,anonymous,2026-07-12T06:14:09+00:00
evzoni-bogorodica,2026-07-12T09:26,10,10 min,anonymous_,2026-07-12T07:35:42+00:00
evzoni-bogorodica,2026-07-12T10:23,5,5 min,anonymous_,2026-07-12T08:36:04+00:00
evzoni-bogorodica,2026-07-12T10:55,45,45 min,anonymous,2026-07-12T09:06:15+00:00
evzoni-bogorodica,2026-07-12T11:58,20,20 min,anonymous,2026-07-12T10:08:34+00:00
evzoni-bogorodica,2026-07-12T12:38,5,5 min,anonymous,2026-07-12T10:38:47+00:00
evzoni-bogorodica,2026-07-12T12:55,180,3 h,anonymous,2026-07-12T10:58:15+00:00
evzoni-bogorodica,2026-07-12T13:24,50,50 min,anonymous,2026-07-12T11:28:27+00:00
evzoni-bogorodica,2026-07-12T13:39,45,45 min,anonymous,2026-07-12T11:43:34+00:00
evzoni-bogorodica,2026-07-12T14:24,35,35 min,anonymous,2026-07-12T12:36:03+00:00
evzoni-bogorodica,2026-07-12T15:13,15,15 min,anonymous,2026-07-12T13:21:21+00:00
evzoni-bogorodica,2026-07-12T15:54,10,10 min,anonymous,2026-07-12T14:07:38+00:00
evzoni-bogorodica,2026-07-12T16:12,90,1.5 h,anonymous,2026-07-12T14:22:44+00:00
evzoni-bogorodica,2026-07-12T16:41,10,10 min,anonymous,2026-07-12T14:52:57+00:00
evzoni-bogorodica,2026-07-12T17:02,5,5 min,anonymous,2026-07-12T15:08:03+00:00
evzoni-bogorodica,2026-07-12T17:08,15,15 min,anonymous,2026-07-12T15:09:41+00:00
evzoni-bogorodica,2026-07-12T17:16,15,15 min,anonymous,2026-07-12T15:24:48+00:00
evzoni-bogorodica,2026-07-12T17:48,10,10 min,anonymous,2026-07-12T15:55:01+00:00
evzoni-bogorodica,2026-07-12T18:56,5,5 min,anonymous_,2026-07-12T17:01:16+00:00
evzoni-bogorodica,2026-07-12T19:08,15,15 min,anonymous,2026-07-12T17:16:22+00:00
evzoni-bogorodica,2026-07-12T19:17,5,5 min,anonymous,2026-07-12T17:29:41+00:00
evzoni-bogorodica,2026-07-12T19:35,120,2 h,anonymous,2026-07-12T17:44:48+00:00
evzoni-bogorodica,2026-07-12T19:32,210,3.5 h,anonymous,2026-07-12T17:44:48+00:00
evzoni-bogorodica,2026-07-12T19:58,25,25 min,anonymous,2026-07-12T17:59:54+00:00
evzoni-bogorodica,2026-07-12T20:01,30,30 min,anonymous,2026-07-12T18:15:02+00:00
evzoni-bogorodica,2026-07-12T20:29,30,30 min,anonymous,2026-07-12T18:30:08+00:00
evzoni-bogorodica,2026-07-12T20:21,30,30 min,anonymous,2026-07-12T18:30:08+00:00
evzoni-bogorodica,2026-07-12T20:45,45,45 min,anonymous,2026-07-12T18:46:39+00:00
evzoni-bogorodica,2026-07-12T20:48,90,1.5 h,anonymous,2026-07-12T19:01:46+00:00
evzoni-bogorodica,2026-07-12T21:33,40,40 min,anonymous,2026-07-12T19:46:09+00:00
evzoni-bogorodica,2026-07-12T22:33,40,40 min,anonymous,2026-07-12T20:46:48+00:00
evzoni-bogorodica,2026-07-12T23:12,40,40 min,anonymous,2026-07-12T21:16:59+00:00
evzoni-bogorodica,2026-07-12T23:24,150,2.5 h,anonymous,2026-07-12T21:28:35+00:00
evzoni-bogorodica,2026-07-12T23:30,50,50 min,anonymous,2026-07-12T21:43:42+00:00
evzoni-bogorodica,2026-07-12T23:56,30,30 min,anonymous,2026-07-12T21:58:49+00:00
evzoni-bogorodica,2026-07-13T00:02,50,50 min,anonymous,2026-07-12T22:13:56+00:00
evzoni-bogorodica,2026-07-13T01:23,45,45 min,anonymous_,2026-07-12T23:32:35+00:00
evzoni-bogorodica,2026-07-13T02:25,40,40 min,anonymous_,2026-07-13T00:33:04+00:00
evzoni-bogorodica,2026-07-13T03:28,35,35 min,anonymous_,2026-07-13T01:40:50+00:00
evzoni-bogorodica,2026-07-13T04:25,30,30 min,anonymous_,2026-07-13T02:41:12+00:00
evzoni-bogorodica,2026-07-13T05:39,15,15 min,anonymous,2026-07-13T03:41:34+00:00
evzoni-bogorodica,2026-07-13T05:24,25,25 min,anonymous_,2026-07-13T03:41:34+00:00
evzoni-bogorodica,2026-07-13T06:11,15,15 min,anonymous,2026-07-13T04:11:46+00:00
evzoni-bogorodica,2026-07-13T05:59,15,15 min,anonymous,2026-07-13T04:11:46+00:00
evzoni-bogorodica,2026-07-13T06:48,25,25 min,anonymous,2026-07-13T04:50:42+00:00
evzoni-bogorodica,2026-07-13T07:39,5,5 min,anonymous,2026-07-13T05:51:08+00:00
evzoni-bogorodica,2026-07-13T08:41,15,15 min,anonymous,2026-07-13T06:51:35+00:00
evzoni-bogorodica,2026-07-13T09:58,10,10 min,anonymous_,2026-07-13T08:00:46+00:00
evzoni-bogorodica,2026-07-13T10:57,5,5 min,anonymous_,2026-07-13T09:01:11+00:00
evzoni-bogorodica,2026-07-13T11:11,55,55 min,anonymous,2026-07-13T09:16:18+00:00
evzoni-bogorodica,2026-07-13T11:43,60,60 min,anonymous,2026-07-13T09:46:31+00:00
evzoni-bogorodica,2026-07-13T11:34,50,50 min,anonymous,2026-07-13T09:46:31+00:00
evzoni-bogorodica,2026-07-13T12:11,120,2 h,anonymous,2026-07-13T10:16:45+00:00
evzoni-bogorodica,2026-07-13T13:29,90,1.5 h,anonymous_,2026-07-13T11:41:09+00:00
evzoni-bogorodica,2026-07-13T14:36,120,2 h,anonymous,2026-07-13T12:41:33+00:00
evzoni-bogorodica,2026-07-13T14:27,60,60 min,anonymous_,2026-07-13T12:41:33+00:00
evzoni-bogorodica,2026-07-13T14:49,60,60 min,anonymous,2026-07-13T12:56:38+00:00
evzoni-bogorodica,2026-07-13T14:47,20,20 min,anonymous,2026-07-13T12:56:38+00:00
evzoni-bogorodica,2026-07-13T15:32,120,2 h,anonymous,2026-07-13T13:39:55+00:00
evzoni-bogorodica,2026-07-13T16:20,5,5 min,anonymous,2026-07-13T14:25:16+00:00
evzoni-bogorodica,2026-07-13T16:39,5,5 min,anonymous,2026-07-13T14:40:22+00:00
evzoni-bogorodica,2026-07-13T16:34,90,1.5 h,anonymous,2026-07-13T14:40:22+00:00
evzoni-bogorodica,2026-07-13T16:28,5,5 min,anonymous,2026-07-13T14:40:22+00:00
evzoni-bogorodica,2026-07-13T16:50,5,5 min,anonymous,2026-07-13T14:55:29+00:00
evzoni-bogorodica,2026-07-13T16:49,60,60 min,anonymous,2026-07-13T14:55:29+00:00
evzoni-bogorodica,2026-07-13T17:00,90,1.5 h,anonymous,2026-07-13T15:10:37+00:00
evzoni-bogorodica,2026-07-13T17:20,5,5 min,anonymous,2026-07-13T15:25:44+00:00
evzoni-bogorodica,2026-07-13T17:10,5,5 min,anonymous,2026-07-13T15:25:44+00:00
evzoni-bogorodica,2026-07-13T17:28,90,1.5 h,anonymous,2026-07-13T15:40:55+00:00
evzoni-bogorodica,2026-07-13T18:25,60,60 min,anonymous_,2026-07-13T16:42:19+00:00
evzoni-bogorodica,2026-07-13T18:59,5,5 min,anonymous,2026-07-13T17:12:31+00:00
evzoni-bogorodica,2026-07-13T19:27,15,15 min,anonymous,2026-07-13T17:27:37+00:00
evzoni-bogorodica,2026-07-13T19:37,25,25 min,anonymous,2026-07-13T17:42:43+00:00
evzoni-bogorodica,2026-07-13T19:28,10,10 min,anonymous,2026-07-13T17:42:43+00:00
evzoni-bogorodica,2026-07-13T19:48,20,20 min,anonymous,2026-07-13T17:57:50+00:00
evzoni-bogorodica,2026-07-13T20:21,5,5 min,anonymous,2026-07-13T18:29:41+00:00
evzoni-bogorodica,2026-07-13T20:59,5,5 min,anonymous,2026-07-13T18:59:55+00:00
evzoni-bogorodica,2026-07-13T21:55,10,10 min,anonymous_,2026-07-13T20:09:43+00:00
evzoni-bogorodica,2026-07-13T22:58,5,5 min,anonymous_,2026-07-13T21:09:47+00:00
evzoni-bogorodica,2026-07-13T23:58,15,15 min,anonymous_,2026-07-13T22:10:08+00:00
evzoni-bogorodica,2026-07-14T00:19,5,5 min,anonymous,2026-07-13T22:29:53+00:00
evzoni-bogorodica,2026-07-14T01:28,15,15 min,anonymous_,2026-07-13T23:31:43+00:00
evzoni-bogorodica,2026-07-14T02:24,10,10 min,anonymous_,2026-07-14T00:41:40+00:00
evzoni-bogorodica,2026-07-14T03:23,5,5 min,anonymous_,2026-07-14T01:42:05+00:00
evzoni-bogorodica,2026-07-14T04:23,15,15 min,anonymous_,2026-07-14T02:42:31+00:00
evzoni-bogorodica,2026-07-14T05:25,10,10 min,anonymous_,2026-07-14T03:41:14+00:00
evzoni-bogorodica,2026-07-14T05:52,10,10 min,anonymous,2026-07-14T03:56:20+00:00
evzoni-bogorodica,2026-07-14T06:26,20,20 min,anonymous,2026-07-14T04:26:31+00:00
evzoni-bogorodica,2026-07-14T07:29,15,15 min,anonymous_,2026-07-14T05:42:00+00:00
evzoni-bogorodica,2026-07-14T08:27,10,10 min,anonymous_,2026-07-14T06:30:35+00:00
evzoni-bogorodica,2026-07-14T08:30,5,5 min,anonymous,2026-07-14T06:45:43+00:00
evzoni-bogorodica,2026-07-14T09:14,240,4 h,anonymous,2026-07-14T07:15:58+00:00
evzoni-bogorodica,2026-07-14T09:29,480,8 h,anonymous,2026-07-14T07:31:05+00:00
evzoni-bogorodica,2026-07-14T09:21,240,4 h,anonymous,2026-07-14T07:31:05+00:00
evzoni-bogorodica,2026-07-14T09:37,480,8 h,anonymous,2026-07-14T07:46:12+00:00
evzoni-bogorodica,2026-07-14T09:57,480,8 h,anonymous,2026-07-14T08:01:19+00:00
evzoni-bogorodica,2026-07-14T10:12,480,8 h,anonymous,2026-07-14T08:16:25+00:00
evzoni-bogorodica,2026-07-14T10:36,180,3 h,anonymous,2026-07-14T08:40:16+00:00
evzoni-bogorodica,2026-07-14T10:35,300,5 h,anonymous,2026-07-14T08:40:16+00:00
evzoni-bogorodica,2026-07-14T10:28,480,8 h,anonymous,2026-07-14T08:40:16+00:00
evzoni-bogorodica,2026-07-14T10:47,15,15 min,anonymous,2026-07-14T08:55:22+00:00
evzoni-bogorodica,2026-07-14T10:40,10,10 min,anonymous,2026-07-14T08:55:22+00:00
evzoni-bogorodica,2026-07-14T10:56,180,3 h,anonymous,2026-07-14T09:10:27+00:00
evzoni-bogorodica,2026-07-14T11:24,240,4 h,anonymous,2026-07-14T09:25:33+00:00
evzoni-bogorodica,2026-07-14T11:19,5,5 min,anonymous,2026-07-14T09:25:33+00:00
evzoni-bogorodica,2026-07-14T11:36,45,45 min,anonymous,2026-07-14T09:40:39+00:00
evzoni-bogorodica,2026-07-14T11:32,60,60 min,anonymous,2026-07-14T09:40:39+00:00
evzoni-bogorodica,2026-07-14T11:48,240,4 h,anonymous,2026-07-14T09:55:45+00:00
evzoni-bogorodica,2026-07-14T12:06,240,4 h,anonymous,2026-07-14T10:10:50+00:00
evzoni-bogorodica,2026-07-14T12:17,25,25 min,anonymous,2026-07-14T10:21:20+00:00
evzoni-bogorodica,2026-07-14T12:24,240,4 h,anonymous,2026-07-14T10:36:27+00:00
evzoni-bogorodica,2026-07-14T12:40,240,4 h,anonymous,2026-07-14T10:51:34+00:00
evzoni-bogorodica,2026-07-14T12:54,240,4 h,anonymous,2026-07-14T11:06:41+00:00
evzoni-bogorodica,2026-07-14T13:11,240,4 h,anonymous,2026-07-14T11:21:47+00:00
evzoni-bogorodica,2026-07-14T13:28,240,4 h,anonymous,2026-07-14T11:36:54+00:00
evzoni-bogorodica,2026-07-14T14:00,90,1.5 h,anonymous,2026-07-14T12:06:13+00:00
evzoni-bogorodica,2026-07-14T14:14,60,60 min,anonymous,2026-07-14T12:21:19+00:00
evzoni-bogorodica,2026-07-14T14:38,45,45 min,anonymous,2026-07-14T12:51:30+00:00
evzoni-bogorodica,2026-07-14T15:06,60,60 min,anonymous,2026-07-14T13:20:09+00:00
evzoni-bogorodica,2026-07-14T15:29,60,60 min,anonymous,2026-07-14T13:35:17+00:00
evzoni-bogorodica,2026-07-14T16:19,420,7 h,anonymous,2026-07-14T14:20:38+00:00
evzoni-bogorodica,2026-07-14T16:07,300,5 h,anonymous,2026-07-14T14:20:38+00:00
evzoni-bogorodica,2026-07-14T16:35,420,7 h,anonymous,2026-07-14T14:35:45+00:00
evzoni-bogorodica,2026-07-14T17:58,540,9 h,anonymous,2026-07-14T16:01:29+00:00
evzoni-bogorodica,2026-07-14T18:44,540,9 h,anonymous,2026-07-14T16:54:22+00:00
evzoni-bogorodica,2026-07-14T18:42,480,8 h,anonymous,2026-07-14T16:54:22+00:00
evzoni-bogorodica,2026-07-14T18:40,480,8 h,anonymous,2026-07-14T16:54:22+00:00
evzoni-bogorodica,2026-07-14T19:02,540,9 h,anonymous,2026-07-14T17:09:29+00:00
evzoni-bogorodica,2026-07-14T18:57,570,9.5 h,anonymous,2026-07-14T17:09:29+00:00
evzoni-bogorodica,2026-07-14T20:31,720,12 h,anonymous,2026-07-14T18:44:28+00:00
evzoni-bogorodica,2026-07-14T20:26,510,8.5 h,anonymous_,2026-07-14T18:44:28+00:00
evzoni-bogorodica,2026-07-14T20:48,510,8.5 h,anonymous,2026-07-14T18:53:27+00:00
evzoni-bogorodica,2026-07-14T20:59,390,6.5 h,anonymous,2026-07-14T19:08:34+00:00
evzoni-bogorodica,2026-07-14T21:16,90,1.5 h,anonymous,2026-07-14T19:23:41+00:00
evzoni-bogorodica,2026-07-14T21:11,180,3 h,anonymous,2026-07-14T19:23:41+00:00
evzoni-bogorodica,2026-07-14T21:25,270,4.5 h,anonymous,2026-07-14T19:38:48+00:00
evzoni-bogorodica,2026-07-14T21:48,90,1.5 h,anonymous,2026-07-14T19:53:55+00:00
evzoni-bogorodica,2026-07-14T22:07,45,45 min,anonymous,2026-07-14T20:09:02+00:00
evzoni-bogorodica,2026-07-14T22:00,60,60 min,anonymous,2026-07-14T20:09:02+00:00
evzoni-bogorodica,2026-07-14T21:56,50,50 min,anonymous,2026-07-14T20:09:02+00:00
evzoni-bogorodica,2026-07-14T22:32,270,4.5 h,anonymous,2026-07-14T20:35:19+00:00
evzoni-bogorodica,2026-07-14T23:10,10,10 min,anonymous,2026-07-14T21:20:37+00:00
evzoni-bogorodica,2026-07-14T23:09,40,40 min,anonymous,2026-07-14T21:20:37+00:00
evzoni-bogorodica,2026-07-15T00:27,5,5 min,anonymous_,2026-07-14T22:35:21+00:00
evzoni-bogorodica,2026-07-15T01:25,15,15 min,anonymous_,2026-07-14T23:30:24+00:00
evzoni-bogorodica,2026-07-15T02:28,10,10 min,anonymous_,2026-07-15T00:30:58+00:00
evzoni-bogorodica,2026-07-15T03:27,5,5 min,anonymous_,2026-07-15T01:41:08+00:00
evzoni-bogorodica,2026-07-15T04:26,10,10 min,anonymous_,2026-07-15T02:41:29+00:00
evzoni-bogorodica,2026-07-15T05:26,5,5 min,anonymous_,2026-07-15T03:41:48+00:00
evzoni-bogorodica,2026-07-15T06:27,15,15 min,anonymous_,2026-07-15T04:44:39+00:00
evzoni-bogorodica,2026-07-15T07:02,10,10 min,anonymous,2026-07-15T05:14:50+00:00
evzoni-bogorodica,2026-07-15T07:17,30,30 min,anonymous,2026-07-15T05:29:56+00:00
evzoni-bogorodica,2026-07-15T07:59,240,4 h,anonymous,2026-07-15T06:00:07+00:00
evzoni-bogorodica,2026-07-15T08:13,420,7 h,anonymous,2026-07-15T06:15:24+00:00
evzoni-bogorodica,2026-07-15T08:25,480,8 h,anonymous,2026-07-15T06:30:31+00:00
evzoni-bogorodica,2026-07-15T08:38,480,8 h,anonymous,2026-07-15T06:47:58+00:00
evzoni-bogorodica,2026-07-15T08:34,240,4 h,anonymous,2026-07-15T06:47:58+00:00
evzoni-bogorodica,2026-07-15T08:57,480,8 h,anonymous,2026-07-15T07:03:04+00:00
evzoni-bogorodica,2026-07-15T08:50,420,7 h,anonymous,2026-07-15T07:03:04+00:00
evzoni-bogorodica,2026-07-15T09:29,480,8 h,anonymous,2026-07-15T07:33:17+00:00
evzoni-bogorodica,2026-07-15T09:43,480,8 h,anonymous,2026-07-15T07:48:23+00:00
evzoni-bogorodica,2026-07-15T10:00,480,8 h,anonymous,2026-07-15T08:03:29+00:00
evzoni-bogorodica,2026-07-15T10:14,330,5.5 h,anonymous,2026-07-15T08:18:35+00:00
evzoni-bogorodica,2026-07-15T10:35,480,8 h,anonymous,2026-07-15T08:48:46+00:00
evzoni-bogorodica,2026-07-15T10:54,480,8 h,anonymous,2026-07-15T08:57:37+00:00
evzoni-bogorodica,2026-07-15T11:17,480,8 h,anonymous,2026-07-15T09:27:49+00:00
evzoni-bogorodica,2026-07-15T11:35,480,8 h,anonymous,2026-07-15T09:42:55+00:00
evzoni-bogorodica,2026-07-15T11:52,540,9 h,anonymous,2026-07-15T09:58:01+00:00
evzoni-bogorodica,2026-07-15T11:51,540,9 h,anonymous,2026-07-15T09:58:01+00:00
evzoni-bogorodica,2026-07-15T12:02,390,6.5 h,anonymous,2026-07-15T10:13:07+00:00
evzoni-bogorodica,2026-07-15T13:18,5,5 min,anonymous,2026-07-15T11:30:44+00:00
evzoni-bogorodica,2026-07-15T13:18,150,2.5 h,anonymous,2026-07-15T11:30:44+00:00
evzoni-bogorodica,2026-07-15T13:41,5,5 min,anonymous,2026-07-15T11:45:50+00:00
evzoni-bogorodica,2026-07-15T13:57,15,15 min,anonymous,2026-07-15T12:01:01+00:00
evzoni-bogorodica,2026-07-15T13:55,5,5 min,anonymous,2026-07-15T12:01:01+00:00
evzoni-bogorodica,2026-07-15T14:18,30,30 min,anonymous,2026-07-15T12:23:05+00:00
evzoni-bogorodica,2026-07-15T14:47,120,2 h,anonymous,2026-07-15T12:53:22+00:00
evzoni-bogorodica,2026-07-15T14:47,5,5 min,anonymous,2026-07-15T12:53:22+00:00
evzoni-bogorodica,2026-07-15T14:55,360,6 h,anonymous,2026-07-15T13:08:28+00:00
evzoni-bogorodica,2026-07-15T15:20,150,2.5 h,anonymous,2026-07-15T13:23:34+00:00
evzoni-bogorodica,2026-07-15T15:37,55,55 min,anonymous,2026-07-15T13:38:41+00:00
evzoni-bogorodica,2026-07-15T16:49,10,10 min,anonymous,2026-07-15T14:54:09+00:00
evzoni-bogorodica,2026-07-15T17:23,25,25 min,anonymous,2026-07-15T15:24:24+00:00
evzoni-bogorodica,2026-07-15T17:57,5,5 min,anonymous,2026-07-15T16:06:27+00:00
evzoni-bogorodica,2026-07-15T17:56,5,5 min,anonymous,2026-07-15T16:06:27+00:00
evzoni-bogorodica,2026-07-15T18:13,5,5 min,anonymous,2026-07-15T16:21:34+00:00
evzoni-bogorodica,2026-07-15T19:20,15,15 min,anonymous,2026-07-15T17:22:05+00:00
evzoni-bogorodica,2026-07-15T19:06,20,20 min,anonymous,2026-07-15T17:22:05+00:00
evzoni-bogorodica,2026-07-15T20:27,10,10 min,anonymous,2026-07-15T18:37:02+00:00
evzoni-bogorodica,2026-07-15T21:44,15,15 min,anonymous,2026-07-15T19:44:34+00:00
evzoni-bogorodica,2026-07-15T21:23,5,5 min,anonymous_,2026-07-15T19:44:34+00:00
evzoni-bogorodica,2026-07-15T23:10,5,5 min,anonymous,2026-07-15T21:12:06+00:00
evzoni-bogorodica,2026-07-15T22:56,10,10 min,anonymous_,2026-07-15T21:12:06+00:00
evzoni-bogorodica,2026-07-16T00:28,10,10 min,anonymous_,2026-07-15T22:40:53+00:00
evzoni-bogorodica,2026-07-16T01:23,5,5 min,anonymous_,2026-07-15T23:35:28+00:00
evzoni-bogorodica,2026-07-16T02:24,15,15 min,anonymous_,2026-07-16T00:36:12+00:00
evzoni-bogorodica,2026-07-16T03:27,10,10 min,anonymous_,2026-07-16T01:35:30+00:00
evzoni-bogorodica,2026-07-16T04:25,5,5 min,anonymous_,2026-07-16T02:35:56+00:00
evzoni-bogorodica,2026-07-16T05:27,10,10 min,anonymous_,2026-07-16T03:36:20+00:00
evzoni-bogorodica,2026-07-16T06:28,5,5 min,anonymous_,2026-07-16T04:37:38+00:00
evzoni-bogorodica,2026-07-16T07:23,10,10 min,anonymous_,2026-07-16T05:38:03+00:00
evzoni-bogorodica,2026-07-16T08:00,10,10 min,IOANNIS,2026-07-16T06:08:16+00:00
evzoni-bogorodica,2026-07-16T08:57,5,5 min,anonymous_,2026-07-16T07:06:06+00:00
evzoni-bogorodica,2026-07-16T09:53,10,10 min,anonymous_,2026-07-16T08:06:30+00:00
evzoni-bogorodica,2026-07-16T10:21,240,4 h,anonymous,2026-07-16T08:36:51+00:00
evzoni-bogorodica,2026-07-16T10:38,420,7 h,anonymous,2026-07-16T08:51:58+00:00
evzoni-bogorodica,2026-07-16T10:53,420,7 h,anonymous,2026-07-16T09:07:05+00:00
evzoni-bogorodica,2026-07-16T11:30,420,7 h,anonymous,2026-07-16T09:40:55+00:00
evzoni-bogorodica,2026-07-16T11:54,240,4 h,anonymous,2026-07-16T09:56:02+00:00
evzoni-bogorodica,2026-07-16T11:46,420,7 h,anonymous,2026-07-16T09:56:02+00:00
evzoni-bogorodica,2026-07-16T12:01,30,30 min,anonymous,2026-07-16T10:11:16+00:00
evzoni-bogorodica,2026-07-16T12:00,60,60 min,anonymous,2026-07-16T10:11:16+00:00
evzoni-bogorodica,2026-07-16T11:57,60,60 min,anonymous,2026-07-16T10:11:16+00:00
evzoni-bogorodica,2026-07-16T12:25,240,4 h,anonymous,2026-07-16T10:26:22+00:00
evzoni-bogorodica,2026-07-16T12:16,45,45 min,anonymous,2026-07-16T10:26:22+00:00
evzoni-bogorodica,2026-07-16T12:34,240,4 h,anonymous,2026-07-16T10:41:29+00:00
evzoni-bogorodica,2026-07-16T13:08,420,7 h,anonymous,2026-07-16T11:11:41+00:00
evzoni-bogorodica,2026-07-16T12:58,420,7 h,anonymous,2026-07-16T11:11:41+00:00
evzoni-bogorodica,2026-07-16T13:36,420,7 h,anonymous,2026-07-16T11:50:26+00:00
evzoni-bogorodica,2026-07-16T14:18,570,9.5 h,anonymous,2026-07-16T12:20:40+00:00
evzoni-bogorodica,2026-07-16T14:07,420,7 h,anonymous,2026-07-16T12:20:40+00:00
evzoni-bogorodica,2026-07-16T14:33,780,13 h,anonymous,2026-07-16T12:35:47+00:00
evzoni-bogorodica,2026-07-16T14:21,780,13 h,anonymous,2026-07-16T12:35:47+00:00
evzoni-bogorodica,2026-07-16T16:00,540,9 h,anonymous,2026-07-16T14:12:34+00:00
evzoni-bogorodica,2026-07-16T15:59,750,12.5 h,anonymous_,2026-07-16T14:12:34+00:00
evzoni-bogorodica,2026-07-16T17:05,270,4.5 h,anonymous,2026-07-16T15:10:45+00:00
evzoni-bogorodica,2026-07-16T16:55,510,8.5 h,anonymous_,2026-07-16T15:10:45+00:00
evzoni-bogorodica,2026-07-16T17:20,50,50 min,anonymous,2026-07-16T15:25:52+00:00
evzoni-bogorodica,2026-07-16T17:18,5,5 min,anonymous,2026-07-16T15:25:52+00:00
evzoni-bogorodica,2026-07-16T17:17,35,35 min,anonymous,2026-07-16T15:25:52+00:00
evzoni-bogorodica,2026-07-16T17:16,150,2.5 h,anonymous,2026-07-16T15:25:52+00:00
evzoni-bogorodica,2026-07-16T17:38,50,50 min,anonymous,2026-07-16T15:40:59+00:00
evzoni-bogorodica,2026-07-16T17:47,60,60 min,anonymous,2026-07-16T15:56:07+00:00
evzoni-bogorodica,2026-07-16T18:15,20,20 min,anonymous,2026-07-16T16:26:21+00:00
evzoni-bogorodica,2026-07-16T18:45,240,4 h,anonymous,2026-07-16T16:45:51+00:00
evzoni-bogorodica,2026-07-16T18:56,15,15 min,anonymous,2026-07-16T17:01:06+00:00
evzoni-bogorodica,2026-07-16T19:10,240,4 h,anonymous,2026-07-16T17:16:14+00:00
evzoni-bogorodica,2026-07-16T19:21,240,4 h,anonymous,2026-07-16T17:31:21+00:00
evzoni-bogorodica,2026-07-16T20:07,5,5 min,anonymous,2026-07-16T18:11:54+00:00
evzoni-bogorodica,2026-07-16T20:19,240,4 h,anonymous,2026-07-16T18:27:01+00:00
evzoni-bogorodica,2026-07-16T21:23,210,3.5 h,anonymous_,2026-07-16T19:31:35+00:00
evzoni-bogorodica,2026-07-16T21:40,240,4 h,anonymous,2026-07-16T19:46:41+00:00
evzoni-bogorodica,2026-07-16T21:55,30,30 min,anonymous,2026-07-16T20:01:47+00:00
evzoni-bogorodica,2026-07-16T22:06,5,5 min,anonymous,2026-07-16T20:16:53+00:00
evzoni-bogorodica,2026-07-16T22:33,240,4 h,anonymous,2026-07-16T20:45:49+00:00
evzoni-bogorodica,2026-07-16T23:02,240,4 h,anonymous,2026-07-16T21:16:01+00:00
evzoni-bogorodica,2026-07-16T23:33,240,4 h,anonymous,2026-07-16T21:40:43+00:00
evzoni-bogorodica,2026-07-17T00:53,210,3.5 h,anonymous_,2026-07-16T23:12:58+00:00
evzoni-bogorodica,2026-07-17T01:56,180,3 h,anonymous_,2026-07-17T00:13:06+00:00
evzoni-bogorodica,2026-07-17T02:55,150,2.5 h,anonymous_,2026-07-17T01:13:46+00:00
evzoni-bogorodica,2026-07-17T03:29,5,5 min,anonymous,2026-07-17T01:30:59+00:00
evzoni-bogorodica,2026-07-17T04:29,10,10 min,anonymous_,2026-07-17T02:31:21+00:00
evzoni-bogorodica,2026-07-17T05:06,30,30 min,anonymous,2026-07-17T03:16:36+00:00
evzoni-bogorodica,2026-07-17T06:29,25,25 min,anonymous_,2026-07-17T04:30:22+00:00
evzoni-bogorodica,2026-07-17T07:23,20,20 min,anonymous_,2026-07-17T05:30:48+00:00
evzoni-bogorodica,2026-07-17T07:34,30,30 min,anonymous,2026-07-17T05:45:55+00:00
evzoni-bogorodica,2026-07-17T08:48,240,4 h,anonymous,2026-07-17T07:00:52+00:00
evzoni-bogorodica,2026-07-17T09:15,240,4 h,anonymous,2026-07-17T07:16:32+00:00
evzoni-bogorodica,2026-07-17T09:07,30,30 min,anonymous,2026-07-17T07:16:32+00:00
evzoni-bogorodica,2026-07-17T09:01,240,4 h,anonymous,2026-07-17T07:16:32+00:00
evzoni-bogorodica,2026-07-17T09:42,30,30 min,anonymous,2026-07-17T07:46:45+00:00
evzoni-bogorodica,2026-07-17T09:42,240,4 h,anonymous,2026-07-17T07:46:45+00:00
evzoni-bogorodica,2026-07-17T09:36,240,4 h,anonymous,2026-07-17T07:46:45+00:00
evzoni-bogorodica,2026-07-17T10:11,240,4 h,anonymous,2026-07-17T08:16:59+00:00
evzoni-bogorodica,2026-07-17T10:22,240,4 h,anonymous,2026-07-17T08:32:06+00:00
evzoni-bogorodica,2026-07-17T11:01,40,40 min,anonymous,2026-07-17T09:02:20+00:00
evzoni-bogorodica,2026-07-17T11:01,240,4 h,anonymous,2026-07-17T09:02:20+00:00
evzoni-bogorodica,2026-07-17T10:49,120,2 h,anonymous,2026-07-17T09:02:20+00:00
evzoni-bogorodica,2026-07-17T10:48,240,4 h,anonymous,2026-07-17T09:02:20+00:00
evzoni-bogorodica,2026-07-17T11:14,40,40 min,anonymous,2026-07-17T09:17:28+00:00
evzoni-bogorodica,2026-07-17T11:07,240,4 h,anonymous,2026-07-17T09:17:28+00:00
evzoni-bogorodica,2026-07-17T11:24,240,4 h,anonymous,2026-07-17T09:33:50+00:00
evzoni-bogorodica,2026-07-17T11:38,240,4 h,anonymous,2026-07-17T09:48:59+00:00
evzoni-bogorodica,2026-07-17T11:56,360,6 h,anonymous,2026-07-17T10:04:06+00:00
evzoni-bogorodica,2026-07-17T12:13,360,6 h,anonymous,2026-07-17T10:19:13+00:00
evzoni-bogorodica,2026-07-17T12:30,360,6 h,anonymous,2026-07-17T10:34:20+00:00
evzoni-bogorodica,2026-07-17T12:45,480,8 h,anonymous,2026-07-17T10:49:27+00:00
evzoni-bogorodica,2026-07-17T13:55,540,9 h,anonymous,2026-07-17T11:59:56+00:00
evzoni-bogorodica,2026-07-17T13:47,600,10 h,anonymous,2026-07-17T11:59:56+00:00
evzoni-bogorodica,2026-07-17T14:45,720,12 h,anonymous,2026-07-17T12:49:11+00:00
evzoni-bogorodica,2026-07-17T14:37,780,13 h,anonymous,2026-07-17T12:49:11+00:00
evzoni-bogorodica,2026-07-17T15:00,720,12 h,anonymous,2026-07-17T13:04:18+00:00
evzoni-bogorodica,2026-07-17T15:00,750,12.5 h,anonymous,2026-07-17T13:04:18+00:00
evzoni-bogorodica,2026-07-17T14:51,780,13 h,anonymous,2026-07-17T13:04:18+00:00
evzoni-bogorodica,2026-07-17T15:36,600,10 h,anonymous,2026-07-17T13:49:40+00:00
evzoni-bogorodica,2026-07-17T16:41,780,13 h,anonymous,2026-07-17T14:53:48+00:00
evzoni-bogorodica,2026-07-17T17:58,750,12.5 h,anonymous_,2026-07-17T16:03:53+00:00
evzoni-bogorodica,2026-07-17T18:26,540,9 h,anonymous,2026-07-17T16:34:03+00:00
evzoni-bogorodica,2026-07-17T19:03,780,13 h,anonymous,2026-07-17T17:09:46+00:00
evzoni-bogorodica,2026-07-17T19:29,540,9 h,anonymous,2026-07-17T17:39:56+00:00
evzoni-bogorodica,2026-07-17T19:27,780,13 h,anonymous,2026-07-17T17:39:56+00:00
evzoni-bogorodica,2026-07-17T19:26,750,12.5 h,anonymous,2026-07-17T17:39:56+00:00
evzoni-bogorodica,2026-07-17T20:26,510,8.5 h,anonymous_,2026-07-17T18:44:42+00:00
evzoni-bogorodica,2026-07-17T21:18,330,5.5 h,anonymous,2026-07-17T19:36:56+00:00
evzoni-bogorodica,2026-07-17T21:48,120,2 h,anonymous,2026-07-17T19:52:03+00:00
evzoni-bogorodica,2026-07-17T22:10,35,35 min,anonymous,2026-07-17T20:22:15+00:00
evzoni-bogorodica,2026-07-17T23:23,30,30 min,anonymous_,2026-07-17T21:42:04+00:00
evzoni-bogorodica,2026-07-18T00:24,25,25 min,anonymous_,2026-07-17T22:42:44+00:00
evzoni-bogorodica,2026-07-18T01:27,20,20 min,anonymous_,2026-07-17T23:30:20+00:00
evzoni-bogorodica,2026-07-18T02:23,15,15 min,anonymous_,2026-07-18T00:30:55+00:00
evzoni-bogorodica,2026-07-18T03:23,10,10 min,anonymous_,2026-07-18T01:32:48+00:00
evzoni-bogorodica,2026-07-18T04:24,5,5 min,anonymous_,2026-07-18T02:33:14+00:00
evzoni-bogorodica,2026-07-18T05:14,15,15 min,anonymous,2026-07-18T03:18:34+00:00
evzoni-bogorodica,2026-07-18T05:11,20,20 min,anonymous,2026-07-18T03:18:34+00:00
evzoni-bogorodica,2026-07-18T06:25,10,10 min,anonymous_,2026-07-18T04:40:41+00:00
evzoni-bogorodica,2026-07-18T06:58,15,15 min,anonymous,2026-07-18T05:10:52+00:00
evzoni-bogorodica,2026-07-18T06:56,20,20 min,anonymous,2026-07-18T05:10:52+00:00
evzoni-bogorodica,2026-07-18T07:44,10,10 min,anonymous,2026-07-18T05:56:08+00:00
evzoni-bogorodica,2026-07-18T08:10,240,4 h,anonymous,2026-07-18T06:11:14+00:00
evzoni-bogorodica,2026-07-18T08:46,20,20 min,anonymous,2026-07-18T06:54:46+00:00
evzoni-bogorodica,2026-07-18T09:29,15,15 min,anonymous,2026-07-18T07:40:04+00:00
evzoni-bogorodica,2026-07-18T09:52,10,10 min,anonymous,2026-07-18T07:55:11+00:00
evzoni-bogorodica,2026-07-18T10:16,120,2 h,anonymous,2026-07-18T08:25:22+00:00
evzoni-bogorodica,2026-07-18T10:36,55,55 min,anonymous,2026-07-18T08:40:29+00:00
evzoni-bogorodica,2026-07-18T11:15,90,1.5 h,anonymous,2026-07-18T09:25:50+00:00
evzoni-bogorodica,2026-07-18T11:26,60,60 min,anonymous,2026-07-18T09:40:57+00:00
evzoni-bogorodica,2026-07-18T12:03,90,1.5 h,anonymous,2026-07-18T10:17:41+00:00
evzoni-bogorodica,2026-07-18T12:38,45,45 min,anonymous,2026-07-18T10:47:52+00:00
evzoni-bogorodica,2026-07-18T12:49,90,1.5 h,anonymous,2026-07-18T11:02:58+00:00
evzoni-bogorodica,2026-07-18T13:07,120,2 h,anonymous,2026-07-18T11:15:38+00:00
evzoni-bogorodica,2026-07-18T13:29,300,5 h,anonymous,2026-07-18T11:30:45+00:00
evzoni-bogorodica,2026-07-18T13:27,120,2 h,anonymous,2026-07-18T11:30:45+00:00
evzoni-bogorodica,2026-07-18T13:16,10,10 min,anonymous,2026-07-18T11:30:45+00:00
evzoni-bogorodica,2026-07-18T13:59,150,2.5 h,anonymous,2026-07-18T12:01:02+00:00
evzoni-bogorodica,2026-07-18T13:51,120,2 h,anonymous,2026-07-18T12:01:02+00:00
evzoni-bogorodica,2026-07-18T14:32,90,1.5 h,anonymous,2026-07-18T12:39:14+00:00
evzoni-bogorodica,2026-07-18T15:09,10,10 min,anonymous,2026-07-18T13:24:32+00:00
evzoni-bogorodica,2026-07-18T15:27,20,20 min,anonymous,2026-07-18T13:39:37+00:00
evzoni-bogorodica,2026-07-18T15:51,25,25 min,anonymous,2026-07-18T13:54:04+00:00
evzoni-bogorodica,2026-07-18T16:20,30,30 min,anonymous,2026-07-18T14:24:24+00:00
evzoni-bogorodica,2026-07-18T16:15,40,40 min,anonymous,2026-07-18T14:24:24+00:00
evzoni-bogorodica,2026-07-18T16:25,30,30 min,anonymous,2026-07-18T14:39:31+00:00
evzoni-bogorodica,2026-07-18T17:28,25,25 min,anonymous_,2026-07-18T15:38:08+00:00
evzoni-bogorodica,2026-07-18T17:53,15,15 min,anonymous,2026-07-18T15:53:14+00:00
evzoni-bogorodica,2026-07-18T17:44,10,10 min,anonymous,2026-07-18T15:53:14+00:00
evzoni-bogorodica,2026-07-18T18:28,5,5 min,anonymous,2026-07-18T16:30:06+00:00
evzoni-bogorodica,2026-07-18T19:25,10,10 min,anonymous_,2026-07-18T17:41:23+00:00
evzoni-bogorodica,2026-07-18T20:17,5,5 min,anonymous,2026-07-18T18:26:43+00:00
evzoni-bogorodica,2026-07-18T21:07,5,5 min,anonymous,2026-07-18T19:17:51+00:00
evzoni-bogorodica,2026-07-18T21:52,10,10 min,anonymous,2026-07-18T20:02:24+00:00
evzoni-bogorodica,2026-07-18T21:52,15,15 min,anonymous,2026-07-18T20:02:24+00:00
evzoni-bogorodica,2026-07-18T22:31,10,10 min,anonymous,2026-07-18T20:32:35+00:00
evzoni-bogorodica,2026-07-18T22:44,10,10 min,anonymous,2026-07-18T20:48:15+00:00
evzoni-bogorodica,2026-07-18T23:57,5,5 min,anonymous_,2026-07-18T22:01:44+00:00
evzoni-bogorodica,2026-07-19T00:57,15,15 min,anonymous_,2026-07-18T23:13:47+00:00
evzoni-bogorodica,2026-07-19T01:56,10,10 min,anonymous_,2026-07-19T00:02:41+00:00
evzoni-bogorodica,2026-07-19T02:54,5,5 min,anonymous_,2026-07-19T01:03:11+00:00
evzoni-bogorodica,2026-07-19T03:59,15,15 min,anonymous_,2026-07-19T02:07:44+00:00
evzoni-bogorodica,2026-07-19T04:55,10,10 min,anonymous_,2026-07-19T03:08:11+00:00
evzoni-bogorodica,2026-07-19T05:35,10,10 min,anonymous,2026-07-19T03:38:24+00:00
evzoni-bogorodica,2026-07-19T05:35,5,5 min,anonymous,2026-07-19T03:38:24+00:00
evzoni-bogorodica,2026-07-19T06:53,5,5 min,anonymous_,2026-07-19T05:02:55+00:00
evzoni-bogorodica,2026-07-19T07:05,5,5 min,anonymous,2026-07-19T05:18:01+00:00
evzoni-bogorodica,2026-07-19T07:05,40,40 min,anonymous,2026-07-19T05:18:01+00:00
evzoni-bogorodica,2026-07-19T07:29,20,20 min,anonymous,2026-07-19T05:33:07+00:00
evzoni-bogorodica,2026-07-19T07:48,5,5 min,anonymous,2026-07-19T05:48:16+00:00
evzoni-bogorodica,2026-07-19T08:05,5,5 min,anonymous,2026-07-19T06:18:28+00:00
evzoni-bogorodica,2026-07-19T08:29,5,5 min,anonymous,2026-07-19T06:33:34+00:00
evzoni-bogorodica,2026-07-19T08:43,5,5 min,anonymous,2026-07-19T06:48:40+00:00
evzoni-bogorodica,2026-07-19T08:58,60,60 min,anonymous,2026-07-19T07:03:46+00:00
evzoni-bogorodica,2026-07-19T09:04,5,5 min,anonymous,2026-07-19T07:10:04+00:00
evzoni-bogorodica,2026-07-19T09:48,5,5 min,anonymous,2026-07-19T07:55:23+00:00
evzoni-bogorodica,2026-07-19T10:01,5,5 min,anonymous,2026-07-19T08:10:35+00:00
evzoni-bogorodica,2026-07-19T10:18,30,30 min,anonymous,2026-07-19T08:25:42+00:00
evzoni-bogorodica,2026-07-19T10:16,5,5 min,anonymous,2026-07-19T08:25:42+00:00
evzoni-bogorodica,2026-07-19T10:16,45,45 min,anonymous,2026-07-19T08:25:42+00:00
evzoni-bogorodica,2026-07-19T10:49,25,25 min,anonymous,2026-07-19T08:56:18+00:00
evzoni-bogorodica,2026-07-19T10:43,20,20 min,anonymous,2026-07-19T08:56:18+00:00
evzoni-bogorodica,2026-07-19T11:09,120,2 h,anonymous,2026-07-19T09:11:24+00:00
evzoni-bogorodica,2026-07-19T11:05,60,60 min,anonymous,2026-07-19T09:11:24+00:00
evzoni-bogorodica,2026-07-19T11:04,60,60 min,anonymous,2026-07-19T09:11:24+00:00
evzoni-bogorodica,2026-07-19T11:16,40,40 min,anonymous,2026-07-19T09:22:14+00:00
evzoni-bogorodica,2026-07-19T11:33,90,1.5 h,anonymous,2026-07-19T09:37:22+00:00
evzoni-bogorodica,2026-07-19T11:30,120,2 h,anonymous,2026-07-19T09:37:22+00:00
evzoni-bogorodica,2026-07-19T11:29,90,1.5 h,anonymous,2026-07-19T09:37:22+00:00
evzoni-bogorodica,2026-07-19T12:30,30,30 min,anonymous,2026-07-19T10:37:53+00:00
evzoni-bogorodica,2026-07-19T12:24,15,15 min,anonymous,2026-07-19T10:37:53+00:00
evzoni-bogorodica,2026-07-19T12:47,50,50 min,anonymous,2026-07-19T10:50:25+00:00
evzoni-bogorodica,2026-07-19T13:03,5,5 min,anonymous,2026-07-19T11:05:31+00:00
evzoni-bogorodica,2026-07-19T13:18,5,5 min,anonymous,2026-07-19T11:20:38+00:00
evzoni-bogorodica,2026-07-19T13:13,90,1.5 h,anonymous,2026-07-19T11:20:38+00:00
evzoni-bogorodica,2026-07-19T13:29,5,5 min,anonymous,2026-07-19T11:35:44+00:00
evzoni-bogorodica,2026-07-19T13:38,180,3 h,anonymous,2026-07-19T11:47:15+00:00
evzoni-bogorodica,2026-07-19T13:47,150,2.5 h,anonymous,2026-07-19T12:02:23+00:00
evzoni-bogorodica,2026-07-19T14:07,150,2.5 h,anonymous,2026-07-19T12:17:30+00:00
evzoni-bogorodica,2026-07-19T14:31,10,10 min,anonymous,2026-07-19T12:32:37+00:00
evzoni-bogorodica,2026-07-19T14:17,5,5 min,anonymous,2026-07-19T12:32:37+00:00
evzoni-bogorodica,2026-07-19T14:41,180,3 h,anonymous,2026-07-19T12:41:23+00:00
evzoni-bogorodica,2026-07-19T14:37,180,3 h,anonymous,2026-07-19T12:41:23+00:00
evzoni-bogorodica,2026-07-19T14:50,60,60 min,anonymous,2026-07-19T12:56:29+00:00
evzoni-bogorodica,2026-07-19T14:49,120,2 h,anonymous,2026-07-19T12:56:29+00:00
evzoni-bogorodica,2026-07-19T14:47,60,60 min,anonymous,2026-07-19T12:56:29+00:00
evzoni-bogorodica,2026-07-19T14:44,240,4 h,anonymous,2026-07-19T12:56:29+00:00
evzoni-bogorodica,2026-07-19T14:57,5,5 min,anonymous,2026-07-19T13:11:35+00:00
evzoni-bogorodica,2026-07-19T15:22,120,2 h,anonymous,2026-07-19T13:26:41+00:00
evzoni-bogorodica,2026-07-19T15:40,60,60 min,anonymous,2026-07-19T13:41:47+00:00
evzoni-bogorodica,2026-07-19T16:07,300,5 h,anonymous,2026-07-19T14:12:00+00:00
evzoni-bogorodica,2026-07-19T16:06,240,4 h,anonymous,2026-07-19T14:12:00+00:00
evzoni-bogorodica,2026-07-19T16:13,180,3 h,anonymous,2026-07-19T14:16:15+00:00
evzoni-bogorodica,2026-07-19T16:21,45,45 min,anonymous,2026-07-19T14:31:22+00:00
evzoni-bogorodica,2026-07-19T16:21,10,10 min,anonymous,2026-07-19T14:31:22+00:00
evzoni-bogorodica,2026-07-19T16:41,240,4 h,anonymous,2026-07-19T14:46:28+00:00
evzoni-bogorodica,2026-07-19T16:32,180,3 h,anonymous,2026-07-19T14:46:28+00:00
evzoni-bogorodica,2026-07-19T16:49,180,3 h,anonymous,2026-07-19T15:01:38+00:00
evzoni-bogorodica,2026-07-19T16:48,40,40 min,anonymous,2026-07-19T15:01:38+00:00
evzoni-bogorodica,2026-07-19T17:51,360,6 h,anonymous,2026-07-19T15:57:35+00:00
evzoni-bogorodica,2026-07-19T18:11,120,2 h,anonymous,2026-07-19T16:12:41+00:00
evzoni-bogorodica,2026-07-19T18:12,5,5 min,anonymous,2026-07-19T16:27:48+00:00
evzoni-bogorodica,2026-07-19T18:56,120,2 h,anonymous,2026-07-19T17:01:43+00:00
evzoni-bogorodica,2026-07-19T19:59,90,1.5 h,anonymous_,2026-07-19T18:07:28+00:00
evzoni-bogorodica,2026-07-19T20:10,120,2 h,anonymous,2026-07-19T18:22:34+00:00
evzoni-bogorodica,2026-07-19T20:42,90,1.5 h,anonymous,2026-07-19T18:51:47+00:00
evzoni-bogorodica,2026-07-19T21:22,60,60 min,anonymous,2026-07-19T19:37:06+00:00
evzoni-bogorodica,2026-07-19T22:25,55,55 min,anonymous_,2026-07-19T20:36:21+00:00
evzoni-bogorodica,2026-07-19T22:47,5,5 min,anonymous,2026-07-19T20:52:05+00:00
evzoni-bogorodica,2026-07-19T23:04,15,15 min,anonymous,2026-07-19T21:07:12+00:00
evzoni-bogorodica,2026-07-20T00:29,10,10 min,anonymous_,2026-07-19T22:31:22+00:00
evzoni-bogorodica,2026-07-20T00:31,5,5 min,anonymous,2026-07-19T22:46:29+00:00
evzoni-bogorodica,2026-07-20T01:54,10,10 min,anonymous_,2026-07-20T00:04:49+00:00
evzoni-bogorodica,2026-07-20T02:53,5,5 min,anonymous_,2026-07-20T01:05:15+00:00
evzoni-bogorodica,2026-07-20T03:54,25,25 min,anonymous,2026-07-20T01:55:43+00:00
evzoni-bogorodica,2026-07-20T04:54,20,20 min,anonymous_,2026-07-20T03:11:15+00:00
evzoni-bogorodica,2026-07-20T05:54,15,15 min,anonymous_,2026-07-20T04:11:41+00:00
evzoni-bogorodica,2026-07-20T06:28,25,25 min,anonymous,2026-07-20T04:41:54+00:00
evzoni-bogorodica,2026-07-20T07:27,20,20 min,anonymous_,2026-07-20T05:41:25+00:00
evzoni-bogorodica,2026-07-20T08:16,35,35 min,anonymous,2026-07-20T06:26:47+00:00
evzoni-bogorodica,2026-07-20T09:06,5,5 min,anonymous,2026-07-20T07:12:08+00:00
evzoni-bogorodica,2026-07-20T09:21,5,5 min,anonymous,2026-07-20T07:27:14+00:00
evzoni-bogorodica,2026-07-20T09:31,35,35 min,anonymous,2026-07-20T07:42:21+00:00
evzoni-bogorodica,2026-07-20T09:44,60,60 min,anonymous,2026-07-20T07:57:27+00:00
evzoni-bogorodica,2026-07-20T10:53,55,55 min,anonymous_,2026-07-20T09:01:07+00:00
evzoni-bogorodica,2026-07-20T11:13,120,2 h,anonymous,2026-07-20T09:16:13+00:00
evzoni-bogorodica,2026-07-20T11:45,90,1.5 h,anonymous,2026-07-20T09:46:25+00:00
evzoni-bogorodica,2026-07-20T11:34,150,2.5 h,anonymous,2026-07-20T09:46:25+00:00
evzoni-bogorodica,2026-07-20T12:21,120,2 h,anonymous,2026-07-20T10:31:43+00:00
evzoni-bogorodica,2026-07-20T12:43,5,5 min,anonymous,2026-07-20T10:46:49+00:00
evzoni-bogorodica,2026-07-20T12:39,150,2.5 h,anonymous,2026-07-20T10:46:49+00:00
evzoni-bogorodica,2026-07-20T13:01,5,5 min,anonymous,2026-07-20T11:01:54+00:00
evzoni-bogorodica,2026-07-20T12:55,180,3 h,anonymous,2026-07-20T11:01:54+00:00
evzoni-bogorodica,2026-07-20T12:52,150,2.5 h,anonymous,2026-07-20T11:01:54+00:00
evzoni-bogorodica,2026-07-20T13:14,5,5 min,anonymous,2026-07-20T11:17:19+00:00
evzoni-bogorodica,2026-07-20T13:06,150,2.5 h,anonymous,2026-07-20T11:17:19+00:00
evzoni-bogorodica,2026-07-20T13:28,150,2.5 h,anonymous,2026-07-20T11:32:26+00:00
evzoni-bogorodica,2026-07-20T13:25,240,4 h,anonymous,2026-07-20T11:32:26+00:00
evzoni-bogorodica,2026-07-20T13:23,150,2.5 h,anonymous,2026-07-20T11:32:26+00:00
evzoni-bogorodica,2026-07-20T13:41,210,3.5 h,anonymous,2026-07-20T11:47:33+00:00
evzoni-bogorodica,2026-07-20T13:35,5,5 min,anonymous,2026-07-20T11:47:33+00:00
evzoni-bogorodica,2026-07-20T14:01,180,3 h,anonymous,2026-07-20T12:02:40+00:00
evzoni-bogorodica,2026-07-20T13:58,180,3 h,anonymous,2026-07-20T12:02:40+00:00
evzoni-bogorodica,2026-07-20T13:57,210,3.5 h,anonymous,2026-07-20T12:02:40+00:00
evzoni-bogorodica,2026-07-20T13:50,210,3.5 h,anonymous,2026-07-20T12:02:40+00:00
evzoni-bogorodica,2026-07-20T14:21,5,5 min,anonymous,2026-07-20T12:32:53+00:00
evzoni-bogorodica,2026-07-20T14:20,240,4 h,anonymous,2026-07-20T12:32:53+00:00
evzoni-bogorodica,2026-07-20T14:44,5,5 min,anonymous,2026-07-20T12:47:59+00:00
evzoni-bogorodica,2026-07-20T14:36,210,3.5 h,anonymous,2026-07-20T12:47:59+00:00
evzoni-bogorodica,2026-07-20T14:56,180,3 h,anonymous,2026-07-20T13:03:06+00:00
evzoni-bogorodica,2026-07-20T15:17,5,5 min,anonymous,2026-07-20T13:18:13+00:00
evzoni-bogorodica,2026-07-20T15:14,240,4 h,anonymous,2026-07-20T13:18:13+00:00
evzoni-bogorodica,2026-07-20T15:11,10,10 min,anonymous,2026-07-20T13:18:13+00:00
evzoni-bogorodica,2026-07-20T15:33,240,4 h,anonymous,2026-07-20T13:35:53+00:00
evzoni-bogorodica,2026-07-20T15:28,300,5 h,anonymous,2026-07-20T13:35:53+00:00
evzoni-bogorodica,2026-07-20T15:23,240,4 h,anonymous,2026-07-20T13:35:53+00:00
evzoni-bogorodica,2026-07-20T16:05,5,5 min,anonymous,2026-07-20T14:06:04+00:00
evzoni-bogorodica,2026-07-20T15:55,210,3.5 h,anonymous,2026-07-20T14:06:04+00:00
evzoni-bogorodica,2026-07-20T15:52,5,5 min,anonymous,2026-07-20T14:06:04+00:00
evzoni-bogorodica,2026-07-20T16:16,5,5 min,anonymous,2026-07-20T14:21:11+00:00
evzoni-bogorodica,2026-07-20T16:13,15,15 min,anonymous,2026-07-20T14:21:11+00:00
evzoni-bogorodica,2026-07-20T16:11,5,5 min,anonymous,2026-07-20T14:21:11+00:00
evzoni-bogorodica,2026-07-20T16:32,20,20 min,anonymous,2026-07-20T14:36:17+00:00
evzoni-bogorodica,2026-07-20T16:26,240,4 h,anonymous,2026-07-20T14:36:17+00:00
evzoni-bogorodica,2026-07-20T16:44,5,5 min,anonymous,2026-07-20T14:51:23+00:00
evzoni-bogorodica,2026-07-20T17:02,180,3 h,anonymous,2026-07-20T15:06:30+00:00
evzoni-bogorodica,2026-07-20T18:03,120,2 h,anonymous,2026-07-20T16:10:14+00:00
evzoni-bogorodica,2026-07-20T18:20,150,2.5 h,anonymous,2026-07-20T16:25:22+00:00
evzoni-bogorodica,2026-07-20T18:13,360,6 h,anonymous,2026-07-20T16:25:22+00:00
evzoni-bogorodica,2026-07-20T18:41,150,2.5 h,anonymous,2026-07-20T16:55:36+00:00
evzoni-bogorodica,2026-07-20T18:40,90,1.5 h,anonymous,2026-07-20T16:55:36+00:00
evzoni-bogorodica,2026-07-20T19:16,150,2.5 h,anonymous,2026-07-20T17:20:09+00:00
evzoni-bogorodica,2026-07-20T19:30,90,1.5 h,anonymous,2026-07-20T17:35:17+00:00
evzoni-bogorodica,2026-07-20T19:30,120,2 h,anonymous,2026-07-20T17:35:17+00:00
evzoni-bogorodica,2026-07-20T19:23,10,10 min,anonymous,2026-07-20T17:35:17+00:00
evzoni-bogorodica,2026-07-20T19:22,90,1.5 h,anonymous,2026-07-20T17:35:17+00:00
evzoni-bogorodica,2026-07-20T19:20,20,20 min,anonymous,2026-07-20T17:35:17+00:00
evzoni-bogorodica,2026-07-20T20:15,210,3.5 h,anonymous,2026-07-20T18:20:38+00:00
evzoni-bogorodica,2026-07-20T20:10,120,2 h,anonymous,2026-07-20T18:20:38+00:00
evzoni-bogorodica,2026-07-20T20:31,120,2 h,anonymous,2026-07-20T18:35:45+00:00
evzoni-bogorodica,2026-07-20T21:00,60,60 min,anonymous,2026-07-20T19:05:32+00:00
evzoni-bogorodica,2026-07-20T21:26,50,50 min,anonymous,2026-07-20T19:35:44+00:00
evzoni-bogorodica,2026-07-20T21:40,50,50 min,anonymous,2026-07-20T19:50:50+00:00
evzoni-bogorodica,2026-07-20T22:04,45,45 min,anonymous,2026-07-20T20:05:56+00:00
evzoni-bogorodica,2026-07-20T22:20,45,45 min,anonymous,2026-07-20T20:21:02+00:00
evzoni-bogorodica,2026-07-20T22:10,5,5 min,anonymous,2026-07-20T20:21:02+00:00
evzoni-bogorodica,2026-07-20T23:03,30,30 min,anonymous,2026-07-20T21:09:12+00:00
evzoni-bogorodica,2026-07-20T23:15,10,10 min,anonymous,2026-07-20T21:24:18+00:00
evzoni-bogorodica,2026-07-21T00:25,5,5 min,anonymous_,2026-07-20T22:38:44+00:00
evzoni-bogorodica,2026-07-21T01:26,10,10 min,anonymous_,2026-07-20T23:40:59+00:00
evzoni-bogorodica,2026-07-21T02:24,5,5 min,anonymous_,2026-07-21T00:30:22+00:00
evzoni-bogorodica,2026-07-21T02:54,35,35 min,anonymous,2026-07-21T01:00:35+00:00
evzoni-bogorodica,2026-07-21T03:57,30,30 min,anonymous_,2026-07-21T02:00:59+00:00
evzoni-bogorodica,2026-07-21T04:56,25,25 min,anonymous_,2026-07-21T03:01:25+00:00
evzoni-bogorodica,2026-07-21T05:27,10,10 min,anonymous,2026-07-21T03:31:36+00:00
evzoni-bogorodica,2026-07-21T06:25,5,5 min,anonymous_,2026-07-21T04:37:13+00:00
evzoni-bogorodica,2026-07-21T07:16,120,2 h,anonymous,2026-07-21T05:22:29+00:00
evzoni-bogorodica,2026-07-21T08:06,10,10 min,anonymous,2026-07-21T06:07:48+00:00
evzoni-bogorodica,2026-07-21T08:01,5,5 min,anonymous,2026-07-21T06:07:48+00:00
evzoni-bogorodica,2026-07-21T09:24,5,5 min,anonymous_,2026-07-21T07:38:00+00:00
evzoni-bogorodica,2026-07-21T10:09,45,45 min,anonymous,2026-07-21T08:23:40+00:00
evzoni-bogorodica,2026-07-21T11:37,25,25 min,anonymous,2026-07-21T09:43:47+00:00
evzoni-bogorodica,2026-07-21T11:23,40,40 min,anonymous_,2026-07-21T09:43:47+00:00
evzoni-bogorodica,2026-07-21T12:54,20,20 min,anonymous_,2026-07-21T11:14:20+00:00
evzoni-bogorodica,2026-07-21T13:18,30,30 min,anonymous,2026-07-21T11:21:06+00:00
evzoni-bogorodica,2026-07-21T13:15,45,45 min,anonymous,2026-07-21T11:21:06+00:00
evzoni-bogorodica,2026-07-21T13:39,60,60 min,anonymous,2026-07-21T11:51:20+00:00
evzoni-bogorodica,2026-07-21T14:07,90,1.5 h,anonymous,2026-07-21T12:21:33+00:00
evzoni-bogorodica,2026-07-21T15:24,50,50 min,anonymous,2026-07-21T13:35:40+00:00
evzoni-bogorodica,2026-07-21T16:16,210,3.5 h,anonymous,2026-07-21T14:21:05+00:00
evzoni-bogorodica,2026-07-21T16:15,5,5 min,anonymous,2026-07-21T14:21:05+00:00
evzoni-bogorodica,2026-07-21T16:22,5,5 min,anonymous,2026-07-21T14:36:13+00:00
evzoni-bogorodica,2026-07-21T17:25,20,20 min,anonymous,2026-07-21T15:37:29+00:00
evzoni-bogorodica,2026-07-21T17:46,15,15 min,anonymous,2026-07-21T15:52:35+00:00
evzoni-bogorodica,2026-07-21T18:42,10,10 min,anonymous,2026-07-21T16:47:39+00:00
evzoni-bogorodica,2026-07-21T19:19,5,5 min,anonymous,2026-07-21T17:32:59+00:00
evzoni-bogorodica,2026-07-21T19:53,5,5 min,anonymous,2026-07-21T18:03:56+00:00
evzoni-bogorodica,2026-07-21T20:57,10,10 min,anonymous_,2026-07-21T19:13:22+00:00
evzoni-bogorodica,2026-07-21T21:24,25,25 min,anonymous,2026-07-21T19:28:29+00:00
evzoni-bogorodica,2026-07-21T22:25,20,20 min,anonymous_,2026-07-21T20:38:14+00:00
evzoni-bogorodica,2026-07-21T23:25,15,15 min,anonymous_,2026-07-21T21:38:54+00:00
evzoni-bogorodica,2026-07-22T00:27,10,10 min,anonymous_,2026-07-21T22:40:24+00:00
evzoni-bogorodica,2026-07-22T01:24,5,5 min,anonymous_,2026-07-21T23:40:50+00:00
evzoni-bogorodica,2026-07-22T02:23,15,15 min,anonymous_,2026-07-22T00:44:02+00:00
evzoni-bogorodica,2026-07-22T03:27,10,10 min,anonymous_,2026-07-22T01:41:39+00:00
evzoni-bogorodica,2026-07-22T04:23,5,5 min,anonymous_,2026-07-22T02:42:00+00:00
evzoni-bogorodica,2026-07-22T05:34,30,30 min,anonymous,2026-07-22T03:42:21+00:00
evzoni-bogorodica,2026-07-22T05:28,15,15 min,anonymous_,2026-07-22T03:42:21+00:00
evzoni-bogorodica,2026-07-22T06:37,40,40 min,anonymous,2026-07-22T04:39:06+00:00
evzoni-bogorodica,2026-07-22T07:56,35,35 min,anonymous_,2026-07-22T06:09:39+00:00
evzoni-bogorodica,2026-07-22T08:58,30,30 min,anonymous_,2026-07-22T07:10:00+00:00
evzoni-bogorodica,2026-07-22T10:03,15,15 min,anonymous,2026-07-22T08:11:58+00:00
evzoni-bogorodica,2026-07-22T10:03,20,20 min,anonymous,2026-07-22T08:11:58+00:00
evzoni-bogorodica,2026-07-22T09:58,20,20 min,anonymous,2026-07-22T08:11:58+00:00
evzoni-bogorodica,2026-07-22T11:29,10,10 min,anonymous_,2026-07-22T09:42:34+00:00
evzoni-bogorodica,2026-07-22T12:10,240,4 h,anonymous,2026-07-22T10:19:08+00:00
evzoni-bogorodica,2026-07-22T12:24,15,15 min,anonymous,2026-07-22T10:34:14+00:00
evzoni-bogorodica,2026-07-22T12:23,240,4 h,anonymous,2026-07-22T10:34:14+00:00
evzoni-bogorodica,2026-07-22T12:20,15,15 min,anonymous,2026-07-22T10:34:14+00:00
evzoni-bogorodica,2026-07-22T13:00,240,4 h,anonymous,2026-07-22T11:04:29+00:00
evzoni-bogorodica,2026-07-22T12:57,10,10 min,anonymous,2026-07-22T11:04:29+00:00
evzoni-bogorodica,2026-07-22T13:21,15,15 min,anonymous,2026-07-22T11:34:42+00:00
evzoni-bogorodica,2026-07-22T13:20,240,4 h,anonymous,2026-07-22T11:34:42+00:00
evzoni-bogorodica,2026-07-22T13:47,210,3.5 h,anonymous,2026-07-22T11:49:50+00:00
evzoni-bogorodica,2026-07-22T13:56,210,3.5 h,anonymous,2026-07-22T12:00:42+00:00
evzoni-bogorodica,2026-07-22T14:03,210,3.5 h,anonymous,2026-07-22T12:15:50+00:00
evzoni-bogorodica,2026-07-22T14:38,300,5 h,anonymous,2026-07-22T12:46:04+00:00
evzoni-bogorodica,2026-07-22T14:37,270,4.5 h,anonymous,2026-07-22T12:46:04+00:00
evzoni-bogorodica,2026-07-22T14:35,210,3.5 h,anonymous,2026-07-22T12:46:04+00:00
evzoni-bogorodica,2026-07-22T14:59,210,3.5 h,anonymous,2026-07-22T13:01:11+00:00
evzoni-bogorodica,2026-07-22T15:15,210,3.5 h,anonymous,2026-07-22T13:16:18+00:00
evzoni-bogorodica,2026-07-22T15:32,240,4 h,anonymous,2026-07-22T13:46:31+00:00
evzoni-bogorodica,2026-07-22T16:37,5,5 min,anonymous,2026-07-22T14:48:40+00:00
evzoni-bogorodica,2026-07-22T17:46,5,5 min,anonymous,2026-07-22T15:49:07+00:00
evzoni-bogorodica,2026-07-22T18:03,15,15 min,anonymous,2026-07-22T16:10:06+00:00
evzoni-bogorodica,2026-07-22T17:59,20,20 min,anonymous,2026-07-22T16:10:06+00:00
evzoni-bogorodica,2026-07-22T18:52,10,10 min,anonymous,2026-07-22T16:55:27+00:00
evzoni-bogorodica,2026-07-22T19:23,15,15 min,anonymous,2026-07-22T17:25:40+00:00
evzoni-bogorodica,2026-07-22T19:15,5,5 min,anonymous,2026-07-22T17:25:40+00:00
evzoni-bogorodica,2026-07-22T20:06,15,15 min,anonymous,2026-07-22T18:07:07+00:00
evzoni-bogorodica,2026-07-22T19:57,10,10 min,anonymous,2026-07-22T18:07:07+00:00
evzoni-bogorodica,2026-07-22T21:07,15,15 min,anonymous,2026-07-22T19:16:37+00:00
evzoni-bogorodica,2026-07-22T22:11,20,20 min,anonymous,2026-07-22T20:17:46+00:00
evzoni-bogorodica,2026-07-22T22:21,5,5 min,anonymous,2026-07-22T20:32:52+00:00
evzoni-bogorodica,2026-07-22T23:24,15,15 min,anonymous_,2026-07-22T21:33:38+00:00
evzoni-bogorodica,2026-07-23T00:24,10,10 min,anonymous_,2026-07-22T22:44:26+00:00
evzoni-bogorodica,2026-07-23T01:24,5,5 min,anonymous_,2026-07-22T23:34:54+00:00
evzoni-bogorodica,2026-07-23T02:25,10,10 min,anonymous_,2026-07-23T00:35:15+00:00
evzoni-bogorodica,2026-07-23T03:24,5,5 min,anonymous_,2026-07-23T01:38:37+00:00
evzoni-bogorodica,2026-07-23T04:25,10,10 min,anonymous_,2026-07-23T02:38:58+00:00
evzoni-bogorodica,2026-07-23T05:02,10,10 min,anonymous,2026-07-23T03:09:09+00:00
evzoni-bogorodica,2026-07-23T06:29,5,5 min,anonymous_,2026-07-23T04:39:41+00:00
evzoni-bogorodica,2026-07-23T07:24,30,30 min,anonymous,2026-07-23T05:26:37+00:00
evzoni-bogorodica,2026-07-23T07:53,120,2 h,anonymous,2026-07-23T05:56:49+00:00
evzoni-bogorodica,2026-07-23T08:19,360,6 h,anonymous,2026-07-23T06:27:00+00:00
evzoni-bogorodica,2026-07-23T08:34,360,6 h,anonymous,2026-07-23T06:42:06+00:00
evzoni-bogorodica,2026-07-23T09:02,360,6 h,anonymous,2026-07-23T07:12:16+00:00
evzoni-bogorodica,2026-07-23T09:24,300,5 h,anonymous,2026-07-23T07:24:54+00:00
evzoni-bogorodica,2026-07-23T09:38,360,6 h,anonymous,2026-07-23T07:40:02+00:00
evzoni-bogorodica,2026-07-23T09:54,360,6 h,anonymous,2026-07-23T07:55:09+00:00
evzoni-bogorodica,2026-07-23T10:18,420,7 h,anonymous,2026-07-23T08:25:23+00:00
evzoni-bogorodica,2026-07-23T10:30,420,7 h,anonymous,2026-07-23T08:40:30+00:00
evzoni-bogorodica,2026-07-23T10:43,420,7 h,anonymous,2026-07-23T08:55:39+00:00
evzoni-bogorodica,2026-07-23T11:37,360,6 h,anonymous,2026-07-23T09:41:01+00:00
evzoni-bogorodica,2026-07-23T11:28,150,2.5 h,anonymous,2026-07-23T09:41:01+00:00
evzoni-bogorodica,2026-07-23T11:28,240,4 h,anonymous,2026-07-23T09:41:01+00:00
evzoni-bogorodica,2026-07-23T11:55,360,6 h,anonymous,2026-07-23T09:56:09+00:00
evzoni-bogorodica,2026-07-23T12:13,30,30 min,anonymous,2026-07-23T10:17:25+00:00
evzoni-bogorodica,2026-07-23T12:12,120,2 h,anonymous,2026-07-23T10:17:25+00:00
evzoni-bogorodica,2026-07-23T12:55,240,4 h,anonymous,2026-07-23T11:02:43+00:00
evzoni-bogorodica,2026-07-23T13:32,240,4 h,anonymous,2026-07-23T11:32:54+00:00
evzoni-bogorodica,2026-07-23T13:20,240,4 h,anonymous,2026-07-23T11:32:54+00:00
evzoni-bogorodica,2026-07-23T13:56,60,60 min,anonymous,2026-07-23T11:59:41+00:00
evzoni-bogorodica,2026-07-23T13:50,240,4 h,anonymous,2026-07-23T11:59:41+00:00
evzoni-bogorodica,2026-07-23T14:04,240,4 h,anonymous,2026-07-23T12:14:48+00:00
evzoni-bogorodica,2026-07-23T14:01,5,5 min,anonymous,2026-07-23T12:14:48+00:00
evzoni-bogorodica,2026-07-23T14:27,120,2 h,anonymous,2026-07-23T12:29:54+00:00
evzoni-bogorodica,2026-07-23T14:22,240,4 h,anonymous,2026-07-23T12:29:54+00:00
evzoni-bogorodica,2026-07-23T14:39,240,4 h,anonymous,2026-07-23T12:45:01+00:00
evzoni-bogorodica,2026-07-23T14:32,120,2 h,Martin,2026-07-23T12:45:01+00:00
evzoni-bogorodica,2026-07-23T15:08,5,5 min,anonymous,2026-07-23T13:16:04+00:00
evzoni-bogorodica,2026-07-23T14:57,240,4 h,anonymous,2026-07-23T13:16:04+00:00
evzoni-bogorodica,2026-07-23T15:30,5,5 min,anonymous,2026-07-23T13:31:10+00:00
evzoni-bogorodica,2026-07-23T15:45,60,60 min,anonymous,2026-07-23T13:46:17+00:00
evzoni-bogorodica,2026-07-23T15:42,5,5 min,anonymous,2026-07-23T13:46:17+00:00
evzoni-bogorodica,2026-07-23T15:55,5,5 min,anonymous,2026-07-23T14:01:24+00:00
evzoni-bogorodica,2026-07-23T16:24,60,60 min,anonymous,2026-07-23T14:26:14+00:00
evzoni-bogorodica,2026-07-23T17:11,30,30 min,anonymous,2026-07-23T15:11:35+00:00
evzoni-bogorodica,2026-07-23T17:10,20,20 min,anonymous,2026-07-23T15:11:35+00:00
evzoni-bogorodica,2026-07-23T17:21,5,5 min,anonymous,2026-07-23T15:26:42+00:00
evzoni-bogorodica,2026-07-23T17:30,10,10 min,anonymous,2026-07-23T15:41:49+00:00
evzoni-bogorodica,2026-07-23T18:29,5,5 min,anonymous_,2026-07-23T16:41:52+00:00
evzoni-bogorodica,2026-07-23T19:27,10,10 min,anonymous_,2026-07-23T17:42:18+00:00
evzoni-bogorodica,2026-07-23T20:23,5,5 min,anonymous_,2026-07-23T18:36:42+00:00
evzoni-bogorodica,2026-07-23T20:38,10,10 min,anonymous,2026-07-23T18:51:47+00:00
evzoni-bogorodica,2026-07-23T21:55,5,5 min,anonymous_,2026-07-23T20:14:13+00:00
evzoni-bogorodica,2026-07-23T22:58,10,10 min,anonymous_,2026-07-23T21:03:17+00:00
evzoni-bogorodica,2026-07-23T23:53,5,5 min,anonymous_,2026-07-23T22:01:26+00:00
evzoni-bogorodica,2026-07-24T00:11,30,30 min,anonymous,2026-07-23T22:16:32+00:00
evzoni-bogorodica,2026-07-24T01:08,10,10 min,anonymous,2026-07-23T23:19:18+00:00
evzoni-bogorodica,2026-07-24T02:26,5,5 min,anonymous_,2026-07-24T00:33:19+00:00
evzoni-bogorodica,2026-07-24T03:24,10,10 min,anonymous_,2026-07-24T01:33:11+00:00
evzoni-bogorodica,2026-07-24T04:26,5,5 min,anonymous_,2026-07-24T02:33:35+00:00
evzoni-bogorodica,2026-07-24T05:24,15,15 min,anonymous_,2026-07-24T03:33:59+00:00
evzoni-bogorodica,2026-07-24T06:27,10,10 min,anonymous_,2026-07-24T04:41:55+00:00
evzoni-bogorodica,2026-07-24T07:27,5,5 min,anonymous_,2026-07-24T05:42:20+00:00
evzoni-bogorodica,2026-07-24T08:29,15,15 min,anonymous_,2026-07-24T06:42:44+00:00
evzoni-bogorodica,2026-07-24T09:05,60,60 min,anonymous,2026-07-24T07:12:57+00:00
evzoni-bogorodica,2026-07-24T09:39,210,3.5 h,anonymous,2026-07-24T07:44:04+00:00
evzoni-bogorodica,2026-07-24T09:45,300,5 h,anonymous,2026-07-24T07:59:12+00:00
evzoni-bogorodica,2026-07-24T10:58,270,4.5 h,anonymous_,2026-07-24T09:14:46+00:00
evzoni-bogorodica,2026-07-24T11:57,240,4 h,anonymous_,2026-07-24T10:09:26+00:00
evzoni-bogorodica,2026-07-24T12:17,60,60 min,anonymous,2026-07-24T10:24:32+00:00
evzoni-bogorodica,2026-07-24T13:18,90,1.5 h,anonymous,2026-07-24T11:24:53+00:00
evzoni-bogorodica,2026-07-24T13:47,120,2 h,anonymous,2026-07-24T11:57:26+00:00
evzoni-bogorodica,2026-07-24T14:06,90,1.5 h,anonymous,2026-07-24T12:12:32+00:00
evzoni-bogorodica,2026-07-24T14:40,90,1.5 h,anonymous,2026-07-24T12:42:44+00:00
evzoni-bogorodica,2026-07-24T14:40,300,5 h,anonymous,2026-07-24T12:42:44+00:00
evzoni-bogorodica,2026-07-24T14:43,120,2 h,anonymous,2026-07-24T12:57:56+00:00
evzoni-bogorodica,2026-07-24T15:02,120,2 h,anonymous,2026-07-24T13:04:35+00:00
evzoni-bogorodica,2026-07-24T15:09,5,5 min,anonymous,2026-07-24T13:19:42+00:00
evzoni-bogorodica,2026-07-24T16:02,480,8 h,anonymous,2026-07-24T14:05:39+00:00
evzoni-bogorodica,2026-07-24T15:54,240,4 h,anonymous,2026-07-24T14:05:39+00:00
evzoni-bogorodica,2026-07-24T17:33,480,8 h,anonymous,2026-07-24T15:34:07+00:00
evzoni-bogorodica,2026-07-24T17:19,480,8 h,anonymous,2026-07-24T15:34:07+00:00
evzoni-bogorodica,2026-07-24T17:43,240,4 h,anonymous,2026-07-24T15:49:13+00:00
evzoni-bogorodica,2026-07-24T18:49,5,5 min,anonymous,2026-07-24T16:50:04+00:00
evzoni-bogorodica,2026-07-24T18:42,5,5 min,anonymous,2026-07-24T16:50:04+00:00
evzoni-bogorodica,2026-07-24T19:32,210,3.5 h,anonymous,2026-07-24T17:38:54+00:00
evzoni-bogorodica,2026-07-24T19:29,180,3 h,anonymous,2026-07-24T17:38:54+00:00
evzoni-bogorodica,2026-07-24T19:28,120,2 h,anonymous,2026-07-24T17:38:54+00:00
evzoni-bogorodica,2026-07-24T19:26,180,3 h,anonymous,2026-07-24T17:38:54+00:00
evzoni-bogorodica,2026-07-24T19:41,180,3 h,anonymous,2026-07-24T17:54:01+00:00
evzoni-bogorodica,2026-07-24T19:56,210,3.5 h,anonymous,2026-07-24T18:09:08+00:00
evzoni-bogorodica,2026-07-24T20:53,240,4 h,anonymous,2026-07-24T18:55:58+00:00
evzoni-bogorodica,2026-07-24T21:31,5,5 min,anonymous,2026-07-24T19:41:15+00:00
evzoni-bogorodica,2026-07-24T22:19,20,20 min,anonymous,2026-07-24T20:20:45+00:00
evzoni-bogorodica,2026-07-24T22:47,15,15 min,anonymous,2026-07-24T20:51:00+00:00
evzoni-bogorodica,2026-07-24T23:25,5,5 min,anonymous,2026-07-24T21:33:56+00:00
evzoni-bogorodica,2026-07-25T00:28,15,15 min,anonymous_,2026-07-24T22:31:22+00:00
evzoni-bogorodica,2026-07-25T00:36,5,5 min,anonymous,2026-07-24T22:46:27+00:00
evzoni-bogorodica,2026-07-25T01:58,15,15 min,anonymous_,2026-07-25T00:08:03+00:00
evzoni-bogorodica,2026-07-25T02:53,10,10 min,anonymous_,2026-07-25T01:08:47+00:00
evzoni-bogorodica,2026-07-25T03:59,5,5 min,anonymous_,2026-07-25T02:00:47+00:00
evzoni-bogorodica,2026-07-25T04:57,10,10 min,anonymous_,2026-07-25T03:01:10+00:00
evzoni-bogorodica,2026-07-25T05:59,5,5 min,anonymous_,2026-07-25T04:01:33+00:00
evzoni-bogorodica,2026-07-25T06:59,20,20 min,anonymous,2026-07-25T05:03:31+00:00
evzoni-bogorodica,2026-07-25T06:52,35,35 min,anonymous,2026-07-25T05:03:31+00:00
evzoni-bogorodica,2026-07-25T07:53,20,20 min,anonymous,2026-07-25T06:03:54+00:00
evzoni-bogorodica,2026-07-25T08:08,15,15 min,anonymous,2026-07-25T06:18:59+00:00
evzoni-bogorodica,2026-07-25T08:52,45,45 min,anonymous,2026-07-25T06:59:39+00:00
evzoni-bogorodica,2026-07-25T09:50,15,15 min,anonymous,2026-07-25T08:00:03+00:00
evzoni-bogorodica,2026-07-25T10:12,40,40 min,anonymous,2026-07-25T08:15:33+00:00
evzoni-bogorodica,2026-07-25T11:23,35,35 min,anonymous_,2026-07-25T09:38:46+00:00
evzoni-bogorodica,2026-07-25T11:53,90,1.5 h,anonymous,2026-07-25T09:53:53+00:00
evzoni-bogorodica,2026-07-25T12:11,270,4.5 h,anonymous,2026-07-25T10:24:07+00:00
evzoni-bogorodica,2026-07-25T13:17,240,4 h,anonymous,2026-07-25T11:18:26+00:00
evzoni-bogorodica,2026-07-25T13:25,120,2 h,anonymous,2026-07-25T11:33:36+00:00
evzoni-bogorodica,2026-07-25T13:46,120,2 h,anonymous,2026-07-25T11:48:43+00:00
evzoni-bogorodica,2026-07-25T15:11,45,45 min,anonymous,2026-07-25T13:56:53+00:00
evzoni-bogorodica,2026-07-25T15:02,55,55 min,anonymous,2026-07-25T13:56:53+00:00
evzoni-bogorodica,2026-07-25T14:56,90,1.5 h,anonymous_,2026-07-25T13:56:53+00:00
evzoni-bogorodica,2026-07-25T16:23,60,60 min,anonymous,2026-07-25T14:27:08+00:00
evzoni-bogorodica,2026-07-25T16:12,10,10 min,anonymous,2026-07-25T14:27:08+00:00
evzoni-bogorodica,2026-07-25T16:32,45,45 min,anonymous,2026-07-25T14:42:15+00:00
evzoni-bogorodica,2026-07-25T17:25,30,30 min,anonymous,2026-07-25T15:30:37+00:00
evzoni-bogorodica,2026-07-25T17:22,120,2 h,anonymous,2026-07-25T15:30:37+00:00
evzoni-bogorodica,2026-07-25T17:35,180,3 h,anonymous,2026-07-25T15:45:44+00:00
evzoni-bogorodica,2026-07-25T17:50,5,5 min,anonymous,2026-07-25T16:00:51+00:00
evzoni-bogorodica,2026-07-25T18:13,10,10 min,anonymous,2026-07-25T16:14:52+00:00
evzoni-bogorodica,2026-07-25T18:15,60,60 min,anonymous,2026-07-25T16:29:58+00:00
evzoni-bogorodica,2026-07-25T18:32,25,25 min,anonymous,2026-07-25T16:45:25+00:00
evzoni-bogorodica,2026-07-25T18:32,20,20 min,anonymous,2026-07-25T16:45:25+00:00
evzoni-bogorodica,2026-07-25T19:46,15,15 min,anonymous,2026-07-25T17:56:26+00:00
evzoni-bogorodica,2026-07-25T20:12,20,20 min,anonymous,2026-07-25T18:26:40+00:00
evzoni-bogorodica,2026-07-25T21:27,15,15 min,anonymous_,2026-07-25T19:32:55+00:00
evzoni-bogorodica,2026-07-25T22:23,10,10 min,anonymous_,2026-07-25T20:35:54+00:00
evzoni-bogorodica,2026-07-25T23:23,5,5 min,anonymous_,2026-07-25T21:37:48+00:00
evzoni-bogorodica,2026-07-26T00:27,15,15 min,anonymous_,2026-07-25T22:39:52+00:00
evzoni-bogorodica,2026-07-26T01:23,10,10 min,anonymous_,2026-07-25T23:40:16+00:00
evzoni-bogorodica,2026-07-26T02:25,5,5 min,anonymous_,2026-07-26T00:30:49+00:00
evzoni-bogorodica,2026-07-26T03:25,15,15 min,anonymous_,2026-07-26T01:33:24+00:00
evzoni-bogorodica,2026-07-26T04:23,10,10 min,anonymous_,2026-07-26T02:33:55+00:00
evzoni-bogorodica,2026-07-26T05:16,5,5 min,anonymous,2026-07-26T03:19:14+00:00
evzoni-bogorodica,2026-07-26T05:40,15,15 min,anonymous,2026-07-26T03:49:27+00:00
evzoni-bogorodica,2026-07-26T06:59,10,10 min,anonymous_,2026-07-26T05:02:32+00:00
evzoni-bogorodica,2026-07-26T07:56,15,15 min,anonymous,2026-07-26T06:02:54+00:00
evzoni-bogorodica,2026-07-26T08:44,15,15 min,anonymous,2026-07-26T06:48:11+00:00
evzoni-bogorodica,2026-07-26T10:10,30,30 min,anonymous,2026-07-26T08:13:02+00:00
evzoni-bogorodica,2026-07-26T09:55,10,10 min,anonymous_,2026-07-26T08:13:02+00:00
evzoni-bogorodica,2026-07-26T10:20,20,20 min,anonymous,2026-07-26T08:28:08+00:00
evzoni-bogorodica,2026-07-26T10:14,25,25 min,anonymous,2026-07-26T08:28:08+00:00
evzoni-bogorodica,2026-07-26T10:13,20,20 min,anonymous,2026-07-26T08:28:08+00:00
evzoni-bogorodica,2026-07-26T10:43,35,35 min,anonymous,2026-07-26T08:58:20+00:00
evzoni-bogorodica,2026-07-26T11:05,45,45 min,anonymous,2026-07-26T09:13:27+00:00
evzoni-bogorodica,2026-07-26T11:40,60,60 min,anonymous,2026-07-26T09:52:18+00:00
evzoni-bogorodica,2026-07-26T12:44,90,1.5 h,anonymous,2026-07-26T10:52:44+00:00
evzoni-bogorodica,2026-07-26T13:21,5,5 min,anonymous,2026-07-26T11:22:34+00:00
evzoni-bogorodica,2026-07-26T13:20,120,2 h,anonymous,2026-07-26T11:22:34+00:00
evzoni-bogorodica,2026-07-26T13:18,90,1.5 h,anonymous,2026-07-26T11:22:34+00:00
evzoni-bogorodica,2026-07-26T14:10,120,2 h,anonymous,2026-07-26T12:22:59+00:00
evzoni-bogorodica,2026-07-26T14:09,120,2 h,anonymous,2026-07-26T12:22:59+00:00
evzoni-bogorodica,2026-07-26T14:42,360,6 h,anonymous,2026-07-26T12:48:44+00:00
evzoni-bogorodica,2026-07-26T14:41,150,2.5 h,anonymous,2026-07-26T12:48:44+00:00
evzoni-bogorodica,2026-07-26T15:45,210,3.5 h,anonymous,2026-07-26T13:49:09+00:00
evzoni-bogorodica,2026-07-26T17:04,60,60 min,anonymous,2026-07-26T15:12:40+00:00
evzoni-bogorodica,2026-07-26T16:55,180,3 h,anonymous_,2026-07-26T15:12:40+00:00
evzoni-bogorodica,2026-07-26T17:59,5,5 min,anonymous,2026-07-26T16:04:05+00:00
evzoni-bogorodica,2026-07-26T18:57,15,15 min,anonymous_,2026-07-26T17:02:24+00:00
evzoni-bogorodica,2026-07-26T19:02,50,50 min,anonymous,2026-07-26T17:17:31+00:00
evzoni-bogorodica,2026-07-26T19:28,30,30 min,anonymous,2026-07-26T17:32:37+00:00
evzoni-bogorodica,2026-07-26T20:04,60,60 min,anonymous,2026-07-26T18:09:07+00:00
evzoni-bogorodica,2026-07-26T21:16,150,2.5 h,anonymous,2026-07-26T19:31:27+00:00
evzoni-bogorodica,2026-07-26T21:39,270,4.5 h,anonymous,2026-07-26T19:46:34+00:00
evzoni-bogorodica,2026-07-26T21:55,90,1.5 h,anonymous,2026-07-26T19:59:59+00:00
evzoni-bogorodica,2026-07-26T22:03,35,35 min,anonymous,2026-07-26T20:15:53+00:00
evzoni-bogorodica,2026-07-26T22:38,30,30 min,anonymous,2026-07-26T20:46:07+00:00
evzoni-bogorodica,2026-07-26T22:53,5,5 min,anonymous,2026-07-26T21:01:13+00:00
evzoni-bogorodica,2026-07-26T23:21,45,45 min,anonymous,2026-07-26T21:23:48+00:00
evzoni-bogorodica,2026-07-26T23:18,90,1.5 h,anonymous,2026-07-26T21:23:48+00:00
evzoni-bogorodica,2026-07-26T23:13,60,60 min,anonymous,2026-07-26T21:23:48+00:00
evzoni-bogorodica,2026-07-27T00:00,45,45 min,anonymous,2026-07-26T22:09:05+00:00
evzoni-bogorodica,2026-07-27T00:38,15,15 min,anonymous,2026-07-26T22:46:38+00:00
evzoni-bogorodica,2026-07-27T01:17,40,40 min,anonymous,2026-07-26T23:31:56+00:00
evzoni-bogorodica,2026-07-27T02:27,35,35 min,anonymous_,2026-07-27T00:32:37+00:00
evzoni-bogorodica,2026-07-27T03:28,30,30 min,anonymous_,2026-07-27T01:32:04+00:00
evzoni-bogorodica,2026-07-27T04:23,25,25 min,anonymous_,2026-07-27T02:32:30+00:00
evzoni-bogorodica,2026-07-27T04:35,60,60 min,anonymous,2026-07-27T02:47:37+00:00
evzoni-bogorodica,2026-07-27T06:01,5,5 min,anonymous,2026-07-27T04:03:06+00:00
evzoni-bogorodica,2026-07-27T05:54,55,55 min,anonymous_,2026-07-27T04:03:06+00:00
evzoni-bogorodica,2026-07-27T06:23,60,60 min,anonymous,2026-07-27T04:33:20+00:00
evzoni-bogorodica,2026-07-27T06:33,10,10 min,anonymous,2026-07-27T04:48:06+00:00
evzoni-bogorodica,2026-07-27T07:12,30,30 min,anonymous,2026-07-27T05:18:17+00:00
evzoni-bogorodica,2026-07-27T08:29,25,25 min,anonymous_,2026-07-27T06:33:48+00:00
evzoni-bogorodica,2026-07-27T09:33,210,3.5 h,anonymous,2026-07-27T07:34:13+00:00
evzoni-bogorodica,2026-07-27T09:26,20,20 min,anonymous_,2026-07-27T07:34:13+00:00
evzoni-bogorodica,2026-07-27T10:30,30,30 min,anonymous,2026-07-27T08:32:57+00:00
evzoni-bogorodica,2026-07-27T10:39,40,40 min,anonymous,2026-07-27T08:48:04+00:00
evzoni-bogorodica,2026-07-27T10:48,40,40 min,anonymous,2026-07-27T09:03:11+00:00
evzoni-bogorodica,2026-07-27T11:59,120,2 h,anonymous,2026-07-27T10:03:37+00:00
evzoni-bogorodica,2026-07-27T12:25,40,40 min,anonymous,2026-07-27T10:33:51+00:00
evzoni-bogorodica,2026-07-27T13:27,15,15 min,anonymous,2026-07-27T11:34:18+00:00
evzoni-bogorodica,2026-07-27T13:26,60,60 min,anonymous,2026-07-27T11:34:18+00:00
evzoni-bogorodica,2026-07-27T13:22,15,15 min,anonymous,2026-07-27T11:34:18+00:00
evzoni-bogorodica,2026-07-27T13:38,45,45 min,anonymous,2026-07-27T11:45:36+00:00
evzoni-bogorodica,2026-07-27T13:56,5,5 min,anonymous,2026-07-27T12:00:43+00:00
evzoni-bogorodica,2026-07-27T14:07,60,60 min,anonymous,2026-07-27T12:15:50+00:00
evzoni-bogorodica,2026-07-27T14:38,55,55 min,anonymous,2026-07-27T12:46:03+00:00
evzoni-bogorodica,2026-07-27T15:01,60,60 min,anonymous,2026-07-27T13:01:10+00:00
evzoni-bogorodica,2026-07-27T15:07,90,1.5 h,anonymous,2026-07-27T13:16:20+00:00
evzoni-bogorodica,2026-07-27T15:04,300,5 h,anonymous,2026-07-27T13:16:20+00:00
evzoni-bogorodica,2026-07-27T15:28,50,50 min,anonymous,2026-07-27T13:31:27+00:00
evzoni-bogorodica,2026-07-27T15:37,50,50 min,anonymous,2026-07-27T13:46:36+00:00
evzoni-bogorodica,2026-07-27T15:55,120,2 h,anonymous,2026-07-27T14:01:50+00:00
evzoni-bogorodica,2026-07-27T16:56,90,1.5 h,anonymous_,2026-07-27T15:02:13+00:00
evzoni-bogorodica,2026-07-27T17:12,60,60 min,anonymous,2026-07-27T15:17:19+00:00
evzoni-bogorodica,2026-07-27T17:21,5,5 min,anonymous,2026-07-27T15:32:25+00:00
evzoni-bogorodica,2026-07-27T18:21,60,60 min,anonymous,2026-07-27T16:30:56+00:00
evzoni-bogorodica,2026-07-27T18:57,50,50 min,anonymous,2026-07-27T17:01:09+00:00
evzoni-bogorodica,2026-07-27T19:54,45,45 min,anonymous_,2026-07-27T18:01:32+00:00
evzoni-bogorodica,2026-07-27T20:54,40,40 min,anonymous_,2026-07-27T19:09:32+00:00
evzoni-bogorodica,2026-07-27T21:58,35,35 min,anonymous_,2026-07-27T20:14:54+00:00
evzoni-bogorodica,2026-07-27T22:40,45,45 min,anonymous,2026-07-27T20:45:31+00:00
evzoni-bogorodica,2026-07-27T23:56,40,40 min,anonymous_,2026-07-27T22:05:45+00:00
evzoni-bogorodica,2026-07-28T00:57,35,35 min,anonymous_,2026-07-27T23:01:42+00:00
evzoni-bogorodica,2026-07-28T01:56,30,30 min,anonymous_,2026-07-28T00:10:43+00:00
evzoni-bogorodica,2026-07-28T02:53,25,25 min,anonymous_,2026-07-28T01:09:54+00:00
evzoni-bogorodica,2026-07-28T03:55,20,20 min,anonymous_,2026-07-28T02:10:13+00:00
evzoni-bogorodica,2026-07-28T04:59,15,15 min,anonymous_,2026-07-28T03:10:34+00:00
evzoni-bogorodica,2026-07-28T05:54,10,10 min,anonymous_,2026-07-28T04:10:56+00:00
evzoni-bogorodica,2026-07-28T06:59,5,5 min,anonymous_,2026-07-28T05:01:31+00:00
evzoni-bogorodica,2026-07-28T07:57,10,10 min,anonymous_,2026-07-28T06:01:53+00:00
evzoni-bogorodica,2026-07-28T08:35,210,3.5 h,anonymous,2026-07-28T06:47:11+00:00
evzoni-bogorodica,2026-07-28T08:52,210,3.5 h,anonymous,2026-07-28T07:02:18+00:00
evzoni-bogorodica,2026-07-28T09:17,240,4 h,anonymous,2026-07-28T07:20:56+00:00
evzoni-bogorodica,2026-07-28T09:35,270,4.5 h,anonymous,2026-07-28T07:36:04+00:00
evzoni-bogorodica,2026-07-28T09:54,270,4.5 h,anonymous,2026-07-28T08:06:18+00:00
evzoni-bogorodica,2026-07-28T10:16,270,4.5 h,anonymous,2026-07-28T08:21:24+00:00
evzoni-bogorodica,2026-07-28T10:14,390,6.5 h,anonymous,2026-07-28T08:21:24+00:00
evzoni-bogorodica,2026-07-28T11:01,270,4.5 h,anonymous,2026-07-28T09:06:44+00:00
evzoni-bogorodica,2026-07-28T11:25,240,4 h,anonymous,2026-07-28T09:36:56+00:00
evzoni-bogorodica,2026-07-28T11:45,30,30 min,anonymous,2026-07-28T09:52:03+00:00
evzoni-bogorodica,2026-07-28T11:54,240,4 h,anonymous,2026-07-28T10:01:49+00:00
evzoni-bogorodica,2026-07-28T13:00,20,20 min,anonymous,2026-07-28T11:02:15+00:00
evzoni-bogorodica,2026-07-28T12:53,240,4 h,anonymous,2026-07-28T11:02:15+00:00
evzoni-bogorodica,2026-07-28T13:17,240,4 h,anonymous,2026-07-28T11:17:22+00:00
evzoni-bogorodica,2026-07-28T13:12,5,5 min,anonymous,2026-07-28T11:17:22+00:00
evzoni-bogorodica,2026-07-28T14:05,240,4 h,anonymous,2026-07-28T12:06:59+00:00
evzoni-bogorodica,2026-07-28T14:04,20,20 min,anonymous,2026-07-28T12:06:59+00:00
evzoni-bogorodica,2026-07-28T14:21,5,5 min,anonymous,2026-07-28T12:22:06+00:00
evzoni-bogorodica,2026-07-28T14:24,240,4 h,anonymous,2026-07-28T12:37:13+00:00
evzoni-bogorodica,2026-07-28T14:48,240,4 h,anonymous,2026-07-28T12:52:20+00:00
evzoni-bogorodica,2026-07-28T14:48,15,15 min,anonymous,2026-07-28T12:52:20+00:00
evzoni-bogorodica,2026-07-28T15:12,240,4 h,anonymous,2026-07-28T13:22:34+00:00
evzoni-bogorodica,2026-07-28T15:40,240,4 h,anonymous,2026-07-28T13:52:46+00:00
evzoni-bogorodica,2026-07-28T15:38,390,6.5 h,anonymous,2026-07-28T13:52:46+00:00
evzoni-bogorodica,2026-07-28T16:28,360,6 h,anonymous,2026-07-28T14:33:56+00:00
evzoni-bogorodica,2026-07-28T17:30,240,4 h,anonymous,2026-07-28T15:34:24+00:00
evzoni-bogorodica,2026-07-28T17:26,330,5.5 h,anonymous_,2026-07-28T15:34:24+00:00
evzoni-bogorodica,2026-07-28T18:11,15,15 min,anonymous,2026-07-28T16:19:45+00:00
evzoni-bogorodica,2026-07-28T19:27,10,10 min,anonymous_,2026-07-28T17:36:14+00:00
evzoni-bogorodica,2026-07-28T20:23,5,5 min,anonymous_,2026-07-28T18:34:48+00:00
evzoni-bogorodica,2026-07-28T21:26,15,15 min,anonymous_,2026-07-28T19:44:31+00:00
evzoni-bogorodica,2026-07-28T22:12,10,10 min,anonymous,2026-07-28T20:14:45+00:00
evzoni-bogorodica,2026-07-28T22:22,20,20 min,anonymous,2026-07-28T20:22:28+00:00
evzoni-bogorodica,2026-07-28T22:32,15,15 min,anonymous,2026-07-28T20:37:47+00:00
evzoni-bogorodica,2026-07-28T23:55,5,5 min,anonymous,2026-07-28T22:06:37+00:00
evzoni-bogorodica,2026-07-29T00:59,10,10 min,anonymous_,2026-07-28T23:10:42+00:00
evzoni-bogorodica,2026-07-29T01:58,5,5 min,anonymous_,2026-07-29T00:00:35+00:00
evzoni-bogorodica,2026-07-29T02:59,10,10 min,anonymous_,2026-07-29T01:00:58+00:00
evzoni-bogorodica,2026-07-29T03:05,15,15 min,anonymous,2026-07-29T01:13:30+00:00
evzoni-bogorodica,2026-07-29T04:27,10,10 min,anonymous_,2026-07-29T02:44:12+00:00
evzoni-bogorodica,2026-07-29T05:26,5,5 min,anonymous_,2026-07-29T03:44:36+00:00
evzoni-bogorodica,2026-07-29T06:25,10,10 min,anonymous_,2026-07-29T04:37:12+00:00
evzoni-bogorodica,2026-07-29T07:28,5,5 min,anonymous_,2026-07-29T05:37:37+00:00
evzoni-bogorodica,2026-07-29T08:03,15,15 min,anonymous,2026-07-29T06:07:51+00:00
evzoni-bogorodica,2026-07-29T07:59,240,4 h,anonymous,2026-07-29T06:07:51+00:00
evzoni-bogorodica,2026-07-29T08:37,25,25 min,anonymous,2026-07-29T06:38:04+00:00
evzoni-bogorodica,2026-07-29T08:24,240,4 h,anonymous,2026-07-29T06:38:04+00:00
evzoni-bogorodica,2026-07-29T08:45,240,4 h,anonymous,2026-07-29T06:53:39+00:00
evzoni-bogorodica,2026-07-29T09:05,15,15 min,anonymous,2026-07-29T07:08:45+00:00
evzoni-bogorodica,2026-07-29T09:10,240,4 h,anonymous,2026-07-29T07:23:52+00:00
evzoni-bogorodica,2026-07-29T09:31,20,20 min,anonymous,2026-07-29T07:44:50+00:00
evzoni-bogorodica,2026-07-29T09:54,240,4 h,anonymous,2026-07-29T07:59:56+00:00
evzoni-bogorodica,2026-07-29T10:01,15,15 min,anonymous,2026-07-29T08:15:03+00:00
evzoni-bogorodica,2026-07-29T10:36,240,4 h,anonymous,2026-07-29T08:45:28+00:00
evzoni-bogorodica,2026-07-29T11:04,240,4 h,anonymous,2026-07-29T09:15:45+00:00
evzoni-bogorodica,2026-07-29T11:03,120,2 h,anonymous,2026-07-29T09:15:45+00:00
evzoni-bogorodica,2026-07-29T11:40,20,20 min,anonymous,2026-07-29T09:45:57+00:00
evzoni-bogorodica,2026-07-29T11:39,240,4 h,anonymous,2026-07-29T09:45:57+00:00
evzoni-bogorodica,2026-07-29T11:36,60,60 min,anonymous,2026-07-29T09:45:57+00:00
evzoni-bogorodica,2026-07-29T11:53,15,15 min,anonymous,2026-07-29T10:01:03+00:00
evzoni-bogorodica,2026-07-29T12:04,40,40 min,anonymous,2026-07-29T10:15:02+00:00
evzoni-bogorodica,2026-07-29T12:59,240,4 h,anonymous,2026-07-29T11:00:39+00:00
evzoni-bogorodica,2026-07-29T13:02,60,60 min,anonymous,2026-07-29T11:15:46+00:00
evzoni-bogorodica,2026-07-29T13:25,90,1.5 h,anonymous,2026-07-29T11:30:53+00:00
evzoni-bogorodica,2026-07-29T13:35,240,4 h,anonymous,2026-07-29T11:46:00+00:00
evzoni-bogorodica,2026-07-29T13:57,240,4 h,anonymous,2026-07-29T12:01:06+00:00
evzoni-bogorodica,2026-07-29T14:55,240,4 h,anonymous,2026-07-29T12:55:18+00:00
evzoni-bogorodica,2026-07-29T15:50,60,60 min,anonymous,2026-07-29T13:56:47+00:00
evzoni-bogorodica,2026-07-29T15:50,240,4 h,anonymous,2026-07-29T13:56:47+00:00
evzoni-bogorodica,2026-07-29T17:03,20,20 min,anonymous,2026-07-29T15:10:58+00:00
evzoni-bogorodica,2026-07-29T16:55,55,55 min,anonymous_,2026-07-29T15:10:58+00:00
evzoni-bogorodica,2026-07-29T18:17,10,10 min,anonymous,2026-07-29T16:42:08+00:00
evzoni-bogorodica,2026-07-29T19:28,5,5 min,anonymous_,2026-07-29T17:42:35+00:00
evzoni-bogorodica,2026-07-29T19:44,240,4 h,anonymous,2026-07-29T17:53:34+00:00
evzoni-bogorodica,2026-07-29T20:26,10,10 min,anonymous,2026-07-29T18:38:52+00:00
evzoni-bogorodica,2026-07-29T21:28,5,5 min,anonymous_,2026-07-29T19:38:47+00:00
evzoni-bogorodica,2026-07-29T22:24,15,15 min,anonymous_,2026-07-29T20:39:11+00:00
evzoni-bogorodica,2026-07-29T23:26,10,10 min,anonymous_,2026-07-29T21:40:28+00:00
evzoni-bogorodica,2026-07-30T00:27,5,5 min,anonymous_,2026-07-29T22:42:07+00:00
evzoni-bogorodica,2026-07-30T01:26,10,10 min,anonymous_,2026-07-29T23:44:16+00:00
evzoni-bogorodica,2026-07-30T02:24,5,5 min,anonymous_,2026-07-30T00:32:05+00:00
evzoni-bogorodica,2026-07-30T03:23,15,15 min,anonymous_,2026-07-30T01:36:08+00:00
evzoni-bogorodica,2026-07-30T04:25,10,10 min,anonymous_,2026-07-30T02:36:31+00:00
evzoni-bogorodica,2026-07-30T05:27,5,5 min,anonymous_,2026-07-30T03:36:55+00:00
evzoni-bogorodica,2026-07-30T06:28,15,15 min,anonymous_,2026-07-30T04:31:58+00:00
evzoni-bogorodica,2026-07-30T06:56,10,10 min,anonymous,2026-07-30T05:02:09+00:00
evzoni-bogorodica,2026-07-30T07:53,5,5 min,anonymous_,2026-07-30T06:02:37+00:00
evzoni-bogorodica,2026-07-30T08:09,5,5 min,anonymous,2026-07-30T06:17:43+00:00
evzoni-bogorodica,2026-07-30T09:29,15,15 min,anonymous_,2026-07-30T07:31:23+00:00
evzoni-bogorodica,2026-07-30T09:55,240,4 h,anonymous,2026-07-30T08:01:35+00:00
evzoni-bogorodica,2026-07-30T10:40,240,4 h,anonymous,2026-07-30T08:46:50+00:00
evzoni-bogorodica,2026-07-30T10:52,240,4 h,anonymous,2026-07-30T09:01:56+00:00
evzoni-bogorodica,2026-07-30T11:29,180,3 h,anonymous,2026-07-30T09:37:11+00:00
evzoni-bogorodica,2026-07-30T11:51,5,5 min,anonymous,2026-07-30T09:52:17+00:00
evzoni-bogorodica,2026-07-30T11:38,240,4 h,anonymous,2026-07-30T09:52:17+00:00
evzoni-bogorodica,2026-07-30T12:16,240,4 h,anonymous,2026-07-30T10:22:28+00:00
evzoni-bogorodica,2026-07-30T12:26,5,5 min,anonymous,2026-07-30T10:37:34+00:00
evzoni-bogorodica,2026-07-30T12:39,90,1.5 h,anonymous,2026-07-30T10:52:40+00:00
evzoni-bogorodica,2026-07-30T13:22,5,5 min,anonymous,2026-07-30T11:22:51+00:00
evzoni-bogorodica,2026-07-30T13:12,120,2 h,anonymous,2026-07-30T11:22:51+00:00
evzoni-bogorodica,2026-07-30T13:23,120,2 h,anonymous,2026-07-30T11:27:25+00:00
evzoni-bogorodica,2026-07-30T13:41,180,3 h,anonymous,2026-07-30T11:42:30+00:00
evzoni-bogorodica,2026-07-30T13:40,120,2 h,anonymous,2026-07-30T11:42:30+00:00
evzoni-bogorodica,2026-07-30T13:28,10,10 min,anonymous,2026-07-30T11:42:30+00:00
evzoni-bogorodica,2026-07-30T13:52,180,3 h,anonymous,2026-07-30T11:57:41+00:00
evzoni-bogorodica,2026-07-30T13:42,10,10 min,anonymous,2026-07-30T11:57:41+00:00
evzoni-bogorodica,2026-07-30T14:23,60,60 min,anonymous,2026-07-30T12:27:53+00:00
evzoni-bogorodica,2026-07-30T14:31,90,1.5 h,anonymous,2026-07-30T12:43:08+00:00
evzoni-bogorodica,2026-07-30T15:08,10,10 min,anonymous,2026-07-30T13:11:46+00:00
evzoni-bogorodica,2026-07-30T15:26,10,10 min,anonymous,2026-07-30T13:26:54+00:00
evzoni-bogorodica,2026-07-30T15:36,90,1.5 h,anonymous,2026-07-30T13:42:02+00:00
evzoni-bogorodica,2026-07-30T16:19,90,1.5 h,anonymous,2026-07-30T14:27:26+00:00
evzoni-bogorodica,2026-07-30T17:16,5,5 min,anonymous,2026-07-30T15:27:44+00:00
evzoni-bogorodica,2026-07-30T17:40,60,60 min,anonymous,2026-07-30T15:42:51+00:00
evzoni-bogorodica,2026-07-30T17:48,120,2 h,anonymous,2026-07-30T15:57:58+00:00
evzoni-bogorodica,2026-07-30T18:40,180,3 h,anonymous,2026-07-30T16:43:18+00:00
evzoni-bogorodica,2026-07-30T18:31,5,5 min,anonymous,2026-07-30T16:43:18+00:00
evzoni-bogorodica,2026-07-30T18:45,120,2 h,anonymous,2026-07-30T16:58:25+00:00
evzoni-bogorodica,2026-07-30T19:02,25,25 min,anonymous,2026-07-30T17:06:42+00:00
evzoni-bogorodica,2026-07-30T19:19,45,45 min,anonymous,2026-07-30T17:21:51+00:00
evzoni-bogorodica,2026-07-30T19:36,60,60 min,anonymous,2026-07-30T17:36:57+00:00
evzoni-bogorodica,2026-07-30T20:35,90,1.5 h,anonymous,2026-07-30T18:37:23+00:00
evzoni-bogorodica,2026-07-30T20:41,20,20 min,anonymous,2026-07-30T18:42:46+00:00
evzoni-bogorodica,2026-07-30T20:47,60,60 min,anonymous,2026-07-30T18:57:54+00:00
evzoni-bogorodica,2026-07-30T21:32,15,15 min,anonymous,2026-07-30T19:43:37+00:00
evzoni-bogorodica,2026-07-30T22:05,30,30 min,anonymous,2026-07-30T20:08:22+00:00
evzoni-bogorodica,2026-07-30T23:28,25,25 min,anonymous_,2026-07-30T21:36:42+00:00
evzoni-bogorodica,2026-07-31T00:29,20,20 min,anonymous_,2026-07-30T22:37:11+00:00
evzoni-bogorodica,2026-07-31T01:28,15,15 min,anonymous_,2026-07-30T23:30:29+00:00
evzoni-bogorodica,2026-07-31T02:23,10,10 min,anonymous_,2026-07-31T00:31:33+00:00
evzoni-bogorodica,2026-07-31T03:23,5,5 min,anonymous_,2026-07-31T01:33:16+00:00
evzoni-bogorodica,2026-07-31T04:28,10,10 min,anonymous_,2026-07-31T02:33:39+00:00
evzoni-bogorodica,2026-07-31T05:28,5,5 min,anonymous_,2026-07-31T03:34:01+00:00
evzoni-bogorodica,2026-07-31T06:26,25,25 min,anonymous,2026-07-31T04:34:52+00:00
evzoni-bogorodica,2026-07-31T07:01,60,60 min,anonymous,2026-07-31T05:03:34+00:00
evzoni-bogorodica,2026-07-31T06:52,10,10 min,anonymous,2026-07-31T05:03:34+00:00
evzoni-bogorodica,2026-07-31T08:28,55,55 min,anonymous_,2026-07-31T06:34:14+00:00
evzoni-bogorodica,2026-07-31T09:07,60,60 min,anonymous,2026-07-31T07:19:35+00:00
evzoni-bogorodica,2026-07-31T10:41,120,2 h,anonymous,2026-07-31T08:41:48+00:00
evzoni-bogorodica,2026-07-31T10:23,55,55 min,anonymous_,2026-07-31T08:41:48+00:00
evzoni-bogorodica,2026-07-31T10:58,5,5 min,anonymous,2026-07-31T09:12:02+00:00
evzoni-bogorodica,2026-07-31T11:57,10,10 min,anonymous_,2026-07-31T10:12:31+00:00
evzoni-bogorodica,2026-07-31T12:16,60,60 min,anonymous,2026-07-31T10:22:52+00:00
evzoni-bogorodica,2026-07-31T12:33,120,2 h,anonymous,2026-07-31T10:37:59+00:00
evzoni-bogorodica,2026-07-31T12:40,120,2 h,anonymous,2026-07-31T10:53:05+00:00
evzoni-bogorodica,2026-07-31T13:18,240,4 h,anonymous,2026-07-31T11:23:17+00:00
evzoni-bogorodica,2026-07-31T13:17,120,2 h,anonymous,2026-07-31T11:23:17+00:00
evzoni-bogorodica,2026-07-31T13:25,150,2.5 h,anonymous,2026-07-31T11:38:24+00:00
evzoni-bogorodica,2026-07-31T13:23,330,5.5 h,anonymous,2026-07-31T11:38:24+00:00
evzoni-bogorodica,2026-07-31T13:45,240,4 h,anonymous,2026-07-31T11:53:30+00:00
evzoni-bogorodica,2026-07-31T13:43,10,10 min,anonymous,2026-07-31T11:53:30+00:00
evzoni-bogorodica,2026-07-31T13:39,180,3 h,anonymous,2026-07-31T11:53:30+00:00
evzoni-bogorodica,2026-07-31T14:25,300,5 h,anonymous,2026-07-31T12:46:00+00:00
evzoni-bogorodica,2026-07-31T14:51,180,3 h,anonymous,2026-07-31T13:01:06+00:00
evzoni-bogorodica,2026-07-31T14:48,15,15 min,anonymous,2026-07-31T13:01:06+00:00
evzoni-bogorodica,2026-07-31T14:48,90,1.5 h,anonymous,2026-07-31T13:01:06+00:00
evzoni-bogorodica,2026-07-31T15:14,180,3 h,anonymous,2026-07-31T13:16:12+00:00
evzoni-bogorodica,2026-07-31T15:06,210,3.5 h,anonymous,2026-07-31T13:16:12+00:00
evzoni-bogorodica,2026-07-31T15:35,15,15 min,anonymous,2026-07-31T13:46:25+00:00
evzoni-bogorodica,2026-07-31T15:54,240,4 h,anonymous,2026-07-31T14:01:31+00:00
evzoni-bogorodica,2026-07-31T15:48,10,10 min,anonymous,2026-07-31T14:01:31+00:00
evzoni-bogorodica,2026-07-31T16:14,240,4 h,anonymous,2026-07-31T14:16:38+00:00
evzoni-bogorodica,2026-07-31T16:30,150,2.5 h,anonymous,2026-07-31T14:31:44+00:00
evzoni-bogorodica,2026-07-31T16:38,40,40 min,anonymous,2026-07-31T14:46:49+00:00
evzoni-bogorodica,2026-07-31T17:50,240,4 h,anonymous,2026-07-31T15:50:54+00:00
evzoni-bogorodica,2026-07-31T17:47,10,10 min,anonymous,2026-07-31T15:50:54+00:00
evzoni-bogorodica,2026-07-31T17:46,240,4 h,anonymous,2026-07-31T15:50:54+00:00
evzoni-bogorodica,2026-07-31T17:58,300,5 h,millan,2026-07-31T16:06:00+00:00
evzoni-bogorodica,2026-07-31T18:35,330,5.5 h,anonymous,2026-07-31T16:36:12+00:00
evzoni-bogorodica,2026-07-31T18:28,300,5 h,anonymous,2026-07-31T16:36:12+00:00
evzoni-bogorodica,2026-07-31T18:22,180,3 h,anonymous,2026-07-31T16:36:12+00:00
evzoni-bogorodica,2026-07-31T18:42,5,5 min,anonymous,2026-07-31T16:51:20+00:00
evzoni-bogorodica,2026-07-31T18:42,90,1.5 h,anonymous,2026-07-31T16:51:20+00:00
evzoni-bogorodica,2026-07-31T18:51,240,4 h,anonymous,2026-07-31T16:54:25+00:00
evzoni-bogorodica,2026-07-31T19:05,240,4 h,anonymous,2026-07-31T17:09:32+00:00
evzoni-bogorodica,2026-07-31T19:05,270,4.5 h,anonymous,2026-07-31T17:09:32+00:00
evzoni-bogorodica,2026-07-31T19:14,360,6 h,anonymous,2026-07-31T17:24:38+00:00
evzoni-bogorodica,2026-07-31T20:08,120,2 h,anonymous,2026-07-31T18:09:57+00:00
evzoni-bogorodica,2026-07-31T20:20,180,3 h,anonymous,2026-07-31T18:25:04+00:00
evzoni-bogorodica,2026-07-31T21:08,270,4.5 h,anonymous,2026-07-31T19:11:21+00:00
evzoni-bogorodica,2026-07-31T21:15,360,6 h,anonymous,2026-07-31T19:26:27+00:00
evzoni-bogorodica,2026-07-31T21:52,390,6.5 h,anonymous,2026-07-31T19:56:40+00:00
evzoni-bogorodica,2026-07-31T22:49,240,4 h,anonymous,2026-07-31T20:57:39+00:00
evzoni-bogorodica,2026-07-31T23:21,5,5 min,anonymous,2026-07-31T21:27:51+00:00
evzoni-bogorodica,2026-08-01T00:14,120,2 h,anonymous,2026-07-31T22:17:22+00:00
evzoni-bogorodica,2026-08-01T00:19,120,2 h,anonymous,2026-07-31T22:32:28+00:00
evzoni-bogorodica,2026-08-01T00:55,210,3.5 h,anonymous,2026-07-31T23:09:02+00:00
evzoni-bogorodica,2026-08-01T00:54,210,3.5 h,anonymous,2026-07-31T23:09:02+00:00
evzoni-bogorodica,2026-08-01T02:00,30,30 min,anonymous,2026-08-01T00:01:46+00:00
evzoni-bogorodica,2026-08-01T01:56,180,3 h,anonymous_,2026-08-01T00:01:46+00:00
evzoni-bogorodica,2026-08-01T02:07,90,1.5 h,anonymous,2026-08-01T00:16:51+00:00
evzoni-bogorodica,2026-08-01T03:29,60,60 min,anonymous_,2026-08-01T01:35:07+00:00
evzoni-bogorodica,2026-08-01T04:27,55,55 min,anonymous_,2026-08-01T02:35:33+00:00
evzoni-bogorodica,2026-08-01T04:48,90,1.5 h,anonymous,2026-08-01T02:50:40+00:00
evzoni-bogorodica,2026-08-01T05:36,15,15 min,anonymous,2026-08-01T03:51:06+00:00
evzoni-bogorodica,2026-08-01T06:02,120,2 h,anonymous,2026-08-01T04:06:12+00:00
evzoni-bogorodica,2026-08-01T07:04,15,15 min,anonymous,2026-08-01T05:13:43+00:00
evzoni-bogorodica,2026-08-01T08:27,30,30 min,anonymous,2026-08-01T06:29:13+00:00
evzoni-bogorodica,2026-08-01T08:41,90,1.5 h,anonymous,2026-08-01T06:44:19+00:00
evzoni-bogorodica,2026-08-01T08:49,30,30 min,anonymous,2026-08-01T06:59:26+00:00
evzoni-bogorodica,2026-08-01T09:11,10,10 min,anonymous,2026-08-01T07:14:32+00:00
evzoni-bogorodica,2026-08-01T09:08,120,2 h,anonymous,2026-08-01T07:14:32+00:00
evzoni-bogorodica,2026-08-01T09:27,10,10 min,anonymous,2026-08-01T07:34:18+00:00
evzoni-bogorodica,2026-08-01T10:04,40,40 min,anonymous,2026-08-01T08:05:06+00:00
evzoni-bogorodica,2026-08-01T10:01,10,10 min,anonymous,2026-08-01T08:05:06+00:00
evzoni-bogorodica,2026-08-01T09:56,5,5 min,anonymous,2026-08-01T08:05:06+00:00
evzoni-bogorodica,2026-08-01T09:55,5,5 min,anonymous,2026-08-01T08:05:06+00:00
evzoni-bogorodica,2026-08-01T09:55,10,10 min,anonymous,2026-08-01T08:05:06+00:00
evzoni-bogorodica,2026-08-01T09:52,15,15 min,anonymous,2026-08-01T08:05:06+00:00
evzoni-bogorodica,2026-08-01T09:48,10,10 min,anonymous,2026-08-01T08:05:06+00:00
evzoni-bogorodica,2026-08-01T09:38,15,15 min,anonymous,2026-08-01T08:05:06+00:00
evzoni-bogorodica,2026-08-01T10:05,15,15 min,anonymous,2026-08-01T08:20:13+00:00
evzoni-bogorodica,2026-08-01T10:45,90,1.5 h,anonymous,2026-08-01T08:50:32+00:00
evzoni-bogorodica,2026-08-01T10:43,10,10 min,anonymous,2026-08-01T08:50:32+00:00
evzoni-bogorodica,2026-08-01T10:40,90,1.5 h,anonymous,2026-08-01T08:50:32+00:00
evzoni-bogorodica,2026-08-01T10:55,10,10 min,anonymous,2026-08-01T09:05:38+00:00
evzoni-bogorodica,2026-08-01T11:20,60,60 min,anonymous,2026-08-01T09:20:44+00:00
evzoni-bogorodica,2026-08-01T11:18,60,60 min,anonymous,2026-08-01T09:20:44+00:00
evzoni-bogorodica,2026-08-01T11:11,10,10 min,anonymous,2026-08-01T09:20:44+00:00
evzoni-bogorodica,2026-08-01T11:22,10,10 min,anonymous,2026-08-01T09:28:24+00:00
evzoni-bogorodica,2026-08-01T11:31,10,10 min,anonymous,2026-08-01T09:43:39+00:00
evzoni-bogorodica,2026-08-01T11:49,120,2 h,anonymous,2026-08-01T09:58:46+00:00
evzoni-bogorodica,2026-08-01T12:05,120,2 h,anonymous,2026-08-01T10:13:54+00:00
evzoni-bogorodica,2026-08-01T12:02,5,5 min,anonymous,2026-08-01T10:13:54+00:00
evzoni-bogorodica,2026-08-01T12:02,10,10 min,anonymous,2026-08-01T10:13:54+00:00
evzoni-bogorodica,2026-08-01T12:19,210,3.5 h,anonymous,2026-08-01T10:29:01+00:00
evzoni-bogorodica,2026-08-01T12:17,150,2.5 h,anonymous,2026-08-01T10:29:01+00:00
evzoni-bogorodica,2026-08-01T12:37,240,4 h,anonymous,2026-08-01T10:44:08+00:00
evzoni-bogorodica,2026-08-01T13:10,270,4.5 h,anonymous,2026-08-01T11:19:06+00:00
evzoni-bogorodica,2026-08-01T13:43,390,6.5 h,anonymous,2026-08-01T11:49:20+00:00
evzoni-bogorodica,2026-08-01T14:00,150,2.5 h,anonymous,2026-08-01T12:04:47+00:00
evzoni-bogorodica,2026-08-01T13:58,150,2.5 h,anonymous,2026-08-01T12:04:47+00:00
evzoni-bogorodica,2026-08-01T14:20,10,10 min,anonymous,2026-08-01T12:25:02+00:00
evzoni-bogorodica,2026-08-01T14:29,120,2 h,anonymous,2026-08-01T12:40:09+00:00
evzoni-bogorodica,2026-08-01T14:50,5,5 min,anonymous,2026-08-01T12:55:16+00:00
evzoni-bogorodica,2026-08-01T14:42,120,2 h,anonymous,2026-08-01T12:55:16+00:00
evzoni-bogorodica,2026-08-01T15:10,180,3 h,anonymous,2026-08-01T13:10:23+00:00
evzoni-bogorodica,2026-08-01T14:58,5,5 min,anonymous,2026-08-01T13:10:23+00:00
evzoni-bogorodica,2026-08-01T15:32,5,5 min,anonymous,2026-08-01T13:41:16+00:00
evzoni-bogorodica,2026-08-01T15:43,120,2 h,anonymous,2026-08-01T13:56:24+00:00
evzoni-bogorodica,2026-08-01T16:28,150,2.5 h,anonymous,2026-08-01T14:32:11+00:00
evzoni-bogorodica,2026-08-01T16:42,180,3 h,anonymous,2026-08-01T14:47:20+00:00
evzoni-bogorodica,2026-08-01T16:34,10,10 min,anonymous,2026-08-01T14:47:20+00:00
evzoni-bogorodica,2026-08-01T16:54,180,3 h,anonymous,2026-08-01T15:02:25+00:00
evzoni-bogorodica,2026-08-01T17:25,5,5 min,anonymous,2026-08-01T15:27:36+00:00
evzoni-bogorodica,2026-08-01T17:31,180,3 h,anonymous,2026-08-01T15:42:43+00:00
evzoni-bogorodica,2026-08-01T18:01,150,2.5 h,anonymous,2026-08-01T16:12:56+00:00
evzoni-bogorodica,2026-08-01T18:00,150,2.5 h,anonymous,2026-08-01T16:12:56+00:00
evzoni-bogorodica,2026-08-01T18:45,180,3 h,anonymous,2026-08-01T16:47:44+00:00
evzoni-bogorodica,2026-08-01T18:42,30,30 min,anonymous,2026-08-01T16:47:44+00:00
evzoni-bogorodica,2026-08-01T18:36,180,3 h,anonymous,2026-08-01T16:47:44+00:00
evzoni-bogorodica,2026-08-01T19:10,150,2.5 h,anonymous,2026-08-01T17:17:56+00:00
evzoni-bogorodica,2026-08-01T19:22,150,2.5 h,anonymous,2026-08-01T17:27:42+00:00
evzoni-bogorodica,2026-08-01T19:42,40,40 min,anonymous,2026-08-01T17:42:50+00:00
evzoni-bogorodica,2026-08-01T19:40,240,4 h,anonymous,2026-08-01T17:42:50+00:00
evzoni-bogorodica,2026-08-01T19:38,210,3.5 h,anonymous,2026-08-01T17:42:50+00:00
evzoni-bogorodica,2026-08-01T19:46,210,3.5 h,anonymous,2026-08-01T17:57:57+00:00
evzoni-bogorodica,2026-08-01T20:11,10,10 min,anonymous,2026-08-01T18:13:16+00:00
evzoni-bogorodica,2026-08-01T20:33,240,4 h,anonymous,2026-08-01T18:34:19+00:00
evzoni-bogorodica,2026-08-01T20:32,5,5 min,anonymous,2026-08-01T18:34:19+00:00
evzoni-bogorodica,2026-08-01T20:29,10,10 min,anonymous,2026-08-01T18:34:19+00:00
evzoni-bogorodica,2026-08-01T20:39,10,10 min,anonymous,2026-08-01T18:49:26+00:00
evzoni-bogorodica,2026-08-01T21:00,120,2 h,anonymous,2026-08-01T19:04:32+00:00
evzoni-bogorodica,2026-08-01T21:21,15,15 min,anonymous,2026-08-01T19:34:48+00:00
evzoni-bogorodica,2026-08-01T21:21,120,2 h,anonymous,2026-08-01T19:34:48+00:00
evzoni-bogorodica,2026-08-01T21:20,360,6 h,anonymous,2026-08-01T19:34:48+00:00
evzoni-bogorodica,2026-08-01T21:36,15,15 min,anonymous,2026-08-01T19:49:29+00:00
evzoni-bogorodica,2026-08-01T21:49,15,15 min,anonymous,2026-08-01T20:05:31+00:00
evzoni-bogorodica,2026-08-01T22:06,210,3.5 h,anonymous,2026-08-01T20:20:37+00:00
evzoni-bogorodica,2026-08-01T22:43,15,15 min,anonymous,2026-08-01T20:52:26+00:00
evzoni-bogorodica,2026-08-01T23:06,15,15 min,anonymous,2026-08-01T21:07:31+00:00
evzoni-bogorodica,2026-08-01T23:05,90,1.5 h,anonymous,2026-08-01T21:07:31+00:00
evzoni-bogorodica,2026-08-01T23:43,180,3 h,anonymous,2026-08-01T21:50:15+00:00
evzoni-bogorodica,2026-08-02T00:19,270,4.5 h,anonymous,2026-08-01T22:20:26+00:00
evzoni-bogorodica,2026-08-02T01:26,240,4 h,anonymous_,2026-08-01T23:34:14+00:00
evzoni-bogorodica,2026-08-02T02:28,210,3.5 h,anonymous_,2026-08-02T00:35:21+00:00
evzoni-bogorodica,2026-08-02T03:26,180,3 h,anonymous_,2026-08-02T01:41:52+00:00
evzoni-bogorodica,2026-08-02T04:27,150,2.5 h,anonymous_,2026-08-02T02:42:13+00:00
evzoni-bogorodica,2026-08-02T05:18,180,3 h,anonymous,2026-08-02T03:27:29+00:00
evzoni-bogorodica,2026-08-02T06:17,45,45 min,anonymous,2026-08-02T04:27:51+00:00
evzoni-bogorodica,2026-08-02T07:29,55,55 min,Kurt,2026-08-02T05:44:22+00:00
evzoni-bogorodica,2026-08-02T08:26,50,50 min,anonymous_,2026-08-02T06:44:47+00:00
evzoni-bogorodica,2026-08-02T09:04,5,5 min,anonymous,2026-08-02T07:14:59+00:00
evzoni-bogorodica,2026-08-02T09:04,55,55 min,anonymous,2026-08-02T07:14:59+00:00
evzoni-bogorodica,2026-08-02T09:01,30,30 min,anonymous,2026-08-02T07:14:59+00:00
evzoni-bogorodica,2026-08-02T09:23,20,20 min,anonymous,2026-08-02T07:24:55+00:00
evzoni-bogorodica,2026-08-02T09:41,60,60 min,anonymous,2026-08-02T07:55:10+00:00
evzoni-bogorodica,2026-08-02T10:32,90,1.5 h,anonymous,2026-08-02T08:40:30+00:00
evzoni-bogorodica,2026-08-02T10:48,30,30 min,anonymous,2026-08-02T08:55:38+00:00
evzoni-bogorodica,2026-08-02T11:23,55,55 min,anonymous,2026-08-02T09:25:53+00:00
evzoni-bogorodica,2026-08-02T12:35,50,50 min,anonymous,2026-08-02T10:36:21+00:00
evzoni-bogorodica,2026-08-02T12:34,90,1.5 h,anonymous,2026-08-02T10:36:21+00:00
evzoni-bogorodica,2026-08-02T12:26,50,50 min,anonymous_,2026-08-02T10:36:21+00:00
evzoni-bogorodica,2026-08-02T13:16,210,3.5 h,anonymous,2026-08-02T11:20:32+00:00
evzoni-bogorodica,2026-08-02T13:48,420,7 h,anonymous,2026-08-02T11:50:46+00:00
evzoni-bogorodica,2026-08-02T13:47,300,5 h,anonymous,2026-08-02T11:50:46+00:00
evzoni-bogorodica,2026-08-02T13:42,60,60 min,anonymous,2026-08-02T11:50:46+00:00
evzoni-bogorodica,2026-08-02T14:18,420,7 h,anonymous,2026-08-02T12:28:09+00:00
evzoni-bogorodica,2026-08-02T14:46,180,3 h,anonymous,2026-08-02T12:58:22+00:00
evzoni-bogorodica,2026-08-02T15:53,150,2.5 h,anonymous_,2026-08-02T14:03:16+00:00
evzoni-bogorodica,2026-08-02T16:53,120,2 h,anonymous_,2026-08-02T15:03:44+00:00
evzoni-bogorodica,2026-08-02T17:06,10,10 min,anonymous,2026-08-02T15:14:00+00:00
evzoni-bogorodica,2026-08-02T17:24,5,5 min,anonymous,2026-08-02T15:29:06+00:00
evzoni-bogorodica,2026-08-02T17:51,210,3.5 h,anonymous,2026-08-02T15:59:19+00:00
evzoni-bogorodica,2026-08-02T18:25,5,5 min,anonymous,2026-08-02T16:26:00+00:00
evzoni-bogorodica,2026-08-02T18:16,5,5 min,anonymous,2026-08-02T16:26:00+00:00
evzoni-bogorodica,2026-08-02T19:23,10,10 min,anonymous_,2026-08-02T17:38:57+00:00
evzoni-bogorodica,2026-08-02T19:48,5,5 min,anonymous,2026-08-02T17:54:05+00:00
evzoni-bogorodica,2026-08-02T20:32,25,25 min,anonymous,2026-08-02T18:39:25+00:00
evzoni-bogorodica,2026-08-02T20:43,5,5 min,anonymous,2026-08-02T18:45:02+00:00
evzoni-bogorodica,2026-08-02T20:53,10,10 min,anonymous,2026-08-02T19:00:09+00:00
evzoni-bogorodica,2026-08-02T20:46,180,3 h,anonymous,2026-08-02T19:00:09+00:00
evzoni-bogorodica,2026-08-02T21:24,5,5 min,anonymous,2026-08-02T19:30:51+00:00
evzoni-bogorodica,2026-08-02T22:02,10,10 min,anonymous,2026-08-02T20:16:15+00:00
evzoni-bogorodica,2026-08-02T23:15,10,10 min,anonymous,2026-08-02T21:22:11+00:00
evzoni-bogorodica,2026-08-03T00:06,30,30 min,anonymous,2026-08-02T22:07:35+00:00
evzoni-bogorodica,2026-08-03T00:21,35,35 min,anonymous,2026-08-02T22:23:36+00:00
evzoni-bogorodica,2026-08-03T00:12,20,20 min,anonymous,2026-08-02T22:23:36+00:00
evzoni-bogorodica,2026-08-03T00:25,20,20 min,anonymous,2026-08-02T22:38:42+00:00
evzoni-bogorodica,2026-08-03T00:45,10,10 min,anonymous,2026-08-02T22:53:48+00:00
evzoni-bogorodica,2026-08-03T01:11,35,35 min,anonymous,2026-08-02T23:16:04+00:00
evzoni-bogorodica,2026-08-03T02:23,30,30 min,anonymous_,2026-08-03T00:31:35+00:00
evzoni-bogorodica,2026-08-03T03:23,25,25 min,anonymous_,2026-08-03T01:44:48+00:00
evzoni-bogorodica,2026-08-03T04:29,20,20 min,anonymous_,2026-08-03T02:45:22+00:00
evzoni-bogorodica,2026-08-03T05:19,150,2.5 h,anonymous,2026-08-03T03:30:37+00:00
evzoni-bogorodica,2026-08-03T06:26,120,2 h,anonymous_,2026-08-03T04:30:59+00:00
evzoni-bogorodica,2026-08-03T07:23,90,1.5 h,anonymous_,2026-08-03T05:40:40+00:00
evzoni-bogorodica,2026-08-03T07:50,5,5 min,anonymous,2026-08-03T05:55:48+00:00
evzoni-bogorodica,2026-08-03T07:43,60,60 min,anonymous,2026-08-03T05:55:48+00:00
evzoni-bogorodica,2026-08-03T08:24,30,30 min,anonymous,2026-08-03T06:26:02+00:00
evzoni-bogorodica,2026-08-03T08:22,10,10 min,anonymous,2026-08-03T06:26:02+00:00
evzoni-bogorodica,2026-08-03T08:27,30,30 min,anonymous,2026-08-03T06:41:10+00:00
evzoni-bogorodica,2026-08-03T08:26,240,4 h,anonymous,2026-08-03T06:41:10+00:00
evzoni-bogorodica,2026-08-03T08:53,5,5 min,anonymous,2026-08-03T06:56:17+00:00
evzoni-bogorodica,2026-08-03T08:47,240,4 h,anonymous,2026-08-03T06:56:17+00:00
evzoni-bogorodica,2026-08-03T09:20,90,1.5 h,anonymous,2026-08-03T07:26:39+00:00
evzoni-bogorodica,2026-08-03T09:12,240,4 h,anonymous,2026-08-03T07:26:39+00:00
evzoni-bogorodica,2026-08-03T09:37,20,20 min,anonymous,2026-08-03T07:41:56+00:00
evzoni-bogorodica,2026-08-03T09:35,240,4 h,anonymous,2026-08-03T07:41:56+00:00
evzoni-bogorodica,2026-08-03T09:51,15,15 min,anonymous,2026-08-03T07:57:11+00:00
evzoni-bogorodica,2026-08-03T09:47,240,4 h,anonymous,2026-08-03T07:57:11+00:00
evzoni-bogorodica,2026-08-03T10:11,240,4 h,anonymous,2026-08-03T08:12:33+00:00
evzoni-bogorodica,2026-08-03T10:29,30,30 min,anonymous,2026-08-03T08:30:46+00:00
evzoni-bogorodica,2026-08-03T10:28,240,4 h,anonymous,2026-08-03T08:30:46+00:00
evzoni-bogorodica,2026-08-03T10:52,240,4 h,anonymous,2026-08-03T09:01:08+00:00
evzoni-bogorodica,2026-08-03T11:07,240,4 h,anonymous,2026-08-03T09:16:15+00:00
evzoni-bogorodica,2026-08-03T11:29,45,45 min,anonymous,2026-08-03T09:31:22+00:00
evzoni-bogorodica,2026-08-03T11:42,240,4 h,anonymous,2026-08-03T09:46:30+00:00
evzoni-bogorodica,2026-08-03T11:32,240,4 h,anonymous,2026-08-03T09:46:30+00:00
evzoni-bogorodica,2026-08-03T12:00,15,15 min,anonymous,2026-08-03T10:01:37+00:00
evzoni-bogorodica,2026-08-03T12:05,50,50 min,anonymous,2026-08-03T10:16:44+00:00
evzoni-bogorodica,2026-08-03T12:30,240,4 h,anonymous,2026-08-03T10:31:52+00:00
evzoni-bogorodica,2026-08-03T12:28,60,60 min,anonymous,2026-08-03T10:31:52+00:00
evzoni-bogorodica,2026-08-03T12:42,240,4 h,anonymous,2026-08-03T10:46:59+00:00
evzoni-bogorodica,2026-08-03T13:14,120,2 h,anonymous,2026-08-03T11:17:13+00:00
evzoni-bogorodica,2026-08-03T13:08,240,4 h,anonymous,2026-08-03T11:17:13+00:00
evzoni-bogorodica,2026-08-03T13:30,15,15 min,anonymous,2026-08-03T11:32:21+00:00
evzoni-bogorodica,2026-08-03T14:01,120,2 h,anonymous,2026-08-03T12:05:09+00:00
evzoni-bogorodica,2026-08-03T13:54,90,1.5 h,anonymous,2026-08-03T12:05:09+00:00
evzoni-bogorodica,2026-08-03T13:52,15,15 min,anonymous,2026-08-03T12:05:09+00:00
evzoni-bogorodica,2026-08-03T14:20,15,15 min,anonymous,2026-08-03T12:20:16+00:00
evzoni-bogorodica,2026-08-03T14:41,15,15 min,anonymous,2026-08-03T12:51:04+00:00
evzoni-bogorodica,2026-08-03T14:36,50,50 min,anonymous,2026-08-03T12:51:04+00:00
evzoni-bogorodica,2026-08-03T15:01,90,1.5 h,anonymous,2026-08-03T13:06:11+00:00
evzoni-bogorodica,2026-08-03T15:00,180,3 h,anonymous,2026-08-03T13:06:11+00:00
evzoni-bogorodica,2026-08-03T15:00,90,1.5 h,anonymous,2026-08-03T13:06:11+00:00
evzoni-bogorodica,2026-08-03T14:59,90,1.5 h,anonymous,2026-08-03T13:06:11+00:00
evzoni-bogorodica,2026-08-03T14:58,60,60 min,anonymous,2026-08-03T13:06:11+00:00
evzoni-bogorodica,2026-08-03T15:16,120,2 h,anonymous,2026-08-03T13:21:32+00:00
evzoni-bogorodica,2026-08-03T15:12,60,60 min,anonymous,2026-08-03T13:21:32+00:00
evzoni-bogorodica,2026-08-03T15:26,60,60 min,anonymous,2026-08-03T13:36:39+00:00
evzoni-bogorodica,2026-08-03T15:24,15,15 min,anonymous,2026-08-03T13:36:39+00:00
evzoni-bogorodica,2026-08-03T15:51,60,60 min,anonymous,2026-08-03T13:51:46+00:00
evzoni-bogorodica,2026-08-03T15:45,120,2 h,anonymous,2026-08-03T13:51:46+00:00
evzoni-bogorodica,2026-08-03T16:05,20,20 min,anonymous,2026-08-03T14:07:06+00:00
evzoni-bogorodica,2026-08-03T16:02,180,3 h,anonymous,2026-08-03T14:07:06+00:00
evzoni-bogorodica,2026-08-03T16:01,15,15 min,anonymous,2026-08-03T14:07:06+00:00
evzoni-bogorodica,2026-08-03T15:55,150,2.5 h,anonymous,2026-08-03T14:07:06+00:00
evzoni-bogorodica,2026-08-03T15:55,5,5 min,anonymous,2026-08-03T14:07:06+00:00
evzoni-bogorodica,2026-08-03T16:21,120,2 h,anonymous,2026-08-03T14:22:12+00:00
evzoni-bogorodica,2026-08-03T16:12,120,2 h,anonymous,2026-08-03T14:22:12+00:00
evzoni-bogorodica,2026-08-03T16:48,90,1.5 h,anonymous,2026-08-03T14:52:25+00:00
evzoni-bogorodica,2026-08-03T16:42,5,5 min,anonymous,2026-08-03T14:52:25+00:00
evzoni-bogorodica,2026-08-03T16:37,15,15 min,anonymous,2026-08-03T14:52:25+00:00
evzoni-bogorodica,2026-08-03T16:53,5,5 min,anonymous,2026-08-03T15:07:32+00:00
evzoni-bogorodica,2026-08-03T17:16,40,40 min,anonymous,2026-08-03T15:22:38+00:00
evzoni-bogorodica,2026-08-03T17:13,180,3 h,anonymous,2026-08-03T15:22:38+00:00
evzoni-bogorodica,2026-08-03T17:11,45,45 min,anonymous,2026-08-03T15:22:38+00:00
evzoni-bogorodica,2026-08-03T17:10,210,3.5 h,anonymous,2026-08-03T15:22:38+00:00
evzoni-bogorodica,2026-08-03T17:10,5,5 min,anonymous,2026-08-03T15:22:38+00:00
evzoni-bogorodica,2026-08-03T17:29,15,15 min,anonymous,2026-08-03T15:37:44+00:00
evzoni-bogorodica,2026-08-03T17:28,60,60 min,anonymous,2026-08-03T15:37:44+00:00
evzoni-bogorodica,2026-08-03T17:38,90,1.5 h,anonymous,2026-08-03T15:52:51+00:00
evzoni-bogorodica,2026-08-03T18:20,120,2 h,anonymous,2026-08-03T16:23:04+00:00
evzoni-bogorodica,2026-08-03T18:11,90,1.5 h,anonymous,2026-08-03T16:23:04+00:00
evzoni-bogorodica,2026-08-03T18:23,120,2 h,anonymous,2026-08-03T16:39:17+00:00
evzoni-bogorodica,2026-08-03T19:29,90,1.5 h,anonymous_,2026-08-03T17:39:49+00:00
evzoni-bogorodica,2026-08-03T19:52,15,15 min,anonymous,2026-08-03T17:54:56+00:00
evzoni-bogorodica,2026-08-03T19:57,120,2 h,anonymous,2026-08-03T18:10:03+00:00
evzoni-bogorodica,2026-08-03T19:57,90,1.5 h,anonymous,2026-08-03T18:10:03+00:00
evzoni-bogorodica,2026-08-03T19:57,60,60 min,anonymous,2026-08-03T18:10:03+00:00
evzoni-bogorodica,2026-08-03T20:25,5,5 min,anonymous,2026-08-03T18:29:28+00:00
evzoni-bogorodica,2026-08-03T20:43,90,1.5 h,anonymous,2026-08-03T18:44:35+00:00
evzoni-bogorodica,2026-08-03T20:48,90,1.5 h,anonymous,2026-08-03T18:59:41+00:00
evzoni-bogorodica,2026-08-03T21:08,60,60 min,anonymous,2026-08-03T19:14:47+00:00
evzoni-bogorodica,2026-08-03T21:25,5,5 min,anonymous,2026-08-03T19:29:53+00:00
evzoni-bogorodica,2026-08-03T21:44,60,60 min,anonymous,2026-08-03T19:45:00+00:00
evzoni-bogorodica,2026-08-03T21:32,10,10 min,anonymous,2026-08-03T19:45:00+00:00
evzoni-bogorodica,2026-08-03T21:50,90,1.5 h,anonymous,2026-08-03T20:00:06+00:00
evzoni-bogorodica,2026-08-03T22:13,90,1.5 h,anonymous,2026-08-03T20:15:32+00:00
evzoni-bogorodica,2026-08-03T22:29,5,5 min,anonymous,2026-08-03T20:31:36+00:00
evzoni-bogorodica,2026-08-03T23:13,30,30 min,anonymous,2026-08-03T21:16:55+00:00
evzoni-bogorodica,2026-08-03T23:50,60,60 min,anonymous,2026-08-03T22:04:34+00:00
evzoni-bogorodica,2026-08-03T23:50,120,2 h,anonymous,2026-08-03T22:04:34+00:00
evzoni-bogorodica,2026-08-04T00:29,60,60 min,anonymous,2026-08-03T22:34:46+00:00
evzoni-bogorodica,2026-08-04T00:25,90,1.5 h,anonymous,2026-08-03T22:34:46+00:00
evzoni-bogorodica,2026-08-04T00:49,90,1.5 h,anonymous,2026-08-03T22:52:27+00:00
evzoni-bogorodica,2026-08-04T00:43,90,1.5 h,anonymous,2026-08-03T22:52:27+00:00
evzoni-bogorodica,2026-08-04T01:04,15,15 min,anonymous,2026-08-03T23:07:32+00:00
evzoni-bogorodica,2026-08-04T01:00,60,60 min,anonymous,2026-08-03T23:07:32+00:00
evzoni-bogorodica,2026-08-04T00:55,35,35 min,anonymous,2026-08-03T23:07:32+00:00
evzoni-bogorodica,2026-08-04T01:08,90,1.5 h,anonymous,2026-08-03T23:22:38+00:00
evzoni-bogorodica,2026-08-04T01:44,50,50 min,anonymous,2026-08-03T23:46:17+00:00
evzoni-bogorodica,2026-08-04T02:56,45,45 min,anonymous_,2026-08-04T01:01:48+00:00
evzoni-bogorodica,2026-08-04T03:58,40,40 min,anonymous_,2026-08-04T02:10:57+00:00
evzoni-bogorodica,2026-08-04T04:35,20,20 min,anonymous,2026-08-04T02:41:10+00:00
evzoni-bogorodica,2026-08-04T05:07,20,20 min,anonymous,2026-08-04T03:11:21+00:00
evzoni-bogorodica,2026-08-04T06:00,10,10 min,anonymous,2026-08-04T04:11:46+00:00
evzoni-bogorodica,2026-08-04T06:37,30,30 min,anonymous,2026-08-04T04:49:20+00:00
evzoni-bogorodica,2026-08-04T07:53,25,25 min,anonymous_,2026-08-04T06:04:51+00:00
evzoni-bogorodica,2026-08-04T08:34,240,4 h,anonymous,2026-08-04T06:35:03+00:00
evzoni-bogorodica,2026-08-04T08:48,240,4 h,anonymous,2026-08-04T06:50:14+00:00
evzoni-bogorodica,2026-08-04T08:55,45,45 min,anonymous,2026-08-04T07:05:20+00:00
evzoni-bogorodica,2026-08-04T09:11,240,4 h,anonymous,2026-08-04T07:20:03+00:00
evzoni-bogorodica,2026-08-04T09:31,240,4 h,anonymous,2026-08-04T07:35:10+00:00
evzoni-bogorodica,2026-08-04T10:03,240,4 h,anonymous,2026-08-04T08:05:24+00:00
evzoni-bogorodica,2026-08-04T10:00,20,20 min,anonymous,2026-08-04T08:05:24+00:00
evzoni-bogorodica,2026-08-04T10:08,20,20 min,anonymous,2026-08-04T08:20:32+00:00
evzoni-bogorodica,2026-08-04T11:25,15,15 min,anonymous_,2026-08-04T09:36:05+00:00
evzoni-bogorodica,2026-08-04T12:20,10,10 min,anonymous,2026-08-04T10:20:31+00:00
evzoni-bogorodica,2026-08-04T12:11,90,1.5 h,anonymous,2026-08-04T10:20:31+00:00
evzoni-bogorodica,2026-08-04T12:35,5,5 min,anonymous,2026-08-04T10:35:49+00:00
evzoni-bogorodica,2026-08-04T12:26,120,2 h,anonymous,2026-08-04T10:35:49+00:00
evzoni-bogorodica,2026-08-04T12:49,120,2 h,anonymous,2026-08-04T10:50:56+00:00
evzoni-bogorodica,2026-08-04T12:55,150,2.5 h,anonymous,2026-08-04T11:06:03+00:00
evzoni-bogorodica,2026-08-04T13:18,15,15 min,anonymous,2026-08-04T11:21:10+00:00
evzoni-bogorodica,2026-08-04T13:50,150,2.5 h,anonymous,2026-08-04T11:51:24+00:00
evzoni-bogorodica,2026-08-04T13:39,240,4 h,anonymous,2026-08-04T11:51:24+00:00
evzoni-bogorodica,2026-08-04T13:51,15,15 min,anonymous,2026-08-04T12:06:32+00:00
evzoni-bogorodica,2026-08-04T14:10,15,15 min,anonymous,2026-08-04T12:16:12+00:00
evzoni-bogorodica,2026-08-04T14:40,15,15 min,anonymous,2026-08-04T12:46:25+00:00
evzoni-bogorodica,2026-08-04T14:32,60,60 min,anonymous,2026-08-04T12:46:25+00:00
evzoni-bogorodica,2026-08-04T14:55,10,10 min,anonymous,2026-08-04T13:01:32+00:00
evzoni-bogorodica,2026-08-04T14:52,5,5 min,anonymous,2026-08-04T13:01:32+00:00
evzoni-bogorodica,2026-08-04T15:06,480,8 h,anonymous,2026-08-04T13:16:39+00:00
evzoni-bogorodica,2026-08-04T15:03,330,5.5 h,anonymous,2026-08-04T13:16:39+00:00
evzoni-bogorodica,2026-08-04T15:02,120,2 h,anonymous,2026-08-04T13:16:39+00:00
evzoni-bogorodica,2026-08-04T15:42,510,8.5 h,anonymous,2026-08-04T13:46:52+00:00
evzoni-bogorodica,2026-08-04T16:12,780,13 h,anonymous,2026-08-04T14:17:07+00:00
evzoni-bogorodica,2026-08-04T16:06,750,12.5 h,anonymous,2026-08-04T14:17:07+00:00
evzoni-bogorodica,2026-08-04T17:15,780,13 h,anonymous,2026-08-04T15:15:39+00:00
evzoni-bogorodica,2026-08-04T17:14,780,13 h,anonymous,2026-08-04T15:15:39+00:00
evzoni-bogorodica,2026-08-04T17:30,750,12.5 h,anonymous,2026-08-04T15:30:46+00:00
evzoni-bogorodica,2026-08-04T18:29,720,12 h,anonymous_,2026-08-04T16:31:16+00:00
evzoni-bogorodica,2026-08-04T18:37,780,13 h,anonymous,2026-08-04T16:43:47+00:00
evzoni-bogorodica,2026-08-04T18:54,480,8 h,anonymous,2026-08-04T16:58:54+00:00
evzoni-bogorodica,2026-08-04T18:50,540,9 h,anonymous,2026-08-04T16:58:54+00:00
evzoni-bogorodica,2026-08-04T18:49,690,11.5 h,anonymous,2026-08-04T16:58:54+00:00
evzoni-bogorodica,2026-08-04T19:07,480,8 h,anonymous,2026-08-04T17:14:02+00:00
evzoni-bogorodica,2026-08-04T19:00,240,4 h,anonymous,2026-08-04T17:14:02+00:00
evzoni-bogorodica,2026-08-04T18:59,420,7 h,anonymous,2026-08-04T17:14:02+00:00
evzoni-bogorodica,2026-08-04T19:41,210,3.5 h,anonymous,2026-08-04T17:44:16+00:00
evzoni-bogorodica,2026-08-04T19:37,420,7 h,anonymous,2026-08-04T17:44:16+00:00
evzoni-bogorodica,2026-08-04T19:59,35,35 min,anonymous,2026-08-04T17:59:23+00:00
evzoni-bogorodica,2026-08-04T19:53,25,25 min,anonymous,2026-08-04T17:59:23+00:00
evzoni-bogorodica,2026-08-04T20:12,5,5 min,anonymous,2026-08-04T18:14:38+00:00
evzoni-bogorodica,2026-08-04T20:02,120,2 h,anonymous,2026-08-04T18:14:38+00:00
evzoni-bogorodica,2026-08-04T19:59,270,4.5 h,anonymous,2026-08-04T18:14:38+00:00
evzoni-bogorodica,2026-08-04T20:15,5,5 min,anonymous,2026-08-04T18:19:49+00:00
evzoni-bogorodica,2026-08-04T21:10,150,2.5 h,anonymous,2026-08-04T19:20:17+00:00
evzoni-bogorodica,2026-08-04T21:59,10,10 min,anonymous,2026-08-04T20:04:08+00:00
evzoni-bogorodica,2026-08-04T21:58,10,10 min,anonymous,2026-08-04T20:04:08+00:00
evzoni-bogorodica,2026-08-04T22:17,5,5 min,anonymous,2026-08-04T20:19:15+00:00
evzoni-bogorodica,2026-08-04T22:38,15,15 min,anonymous,2026-08-04T20:49:28+00:00
evzoni-bogorodica,2026-08-04T23:57,15,15 min,anonymous,2026-08-04T22:09:01+00:00
evzoni-bogorodica,2026-08-05T00:58,10,10 min,anonymous_,2026-08-04T23:10:02+00:00
evzoni-bogorodica,2026-08-05T01:54,5,5 min,anonymous_,2026-08-05T00:02:17+00:00
evzoni-bogorodica,2026-08-05T02:56,10,10 min,anonymous_,2026-08-05T01:02:44+00:00
evzoni-bogorodica,2026-08-05T03:58,5,5 min,anonymous_,2026-08-05T02:10:18+00:00
evzoni-bogorodica,2026-08-05T04:35,30,30 min,anonymous,2026-08-05T02:40:29+00:00
evzoni-bogorodica,2026-08-05T04:45,5,5 min,anonymous,2026-08-05T02:55:35+00:00
evzoni-bogorodica,2026-08-05T05:55,15,15 min,anonymous_,2026-08-05T04:11:02+00:00
evzoni-bogorodica,2026-08-05T06:31,25,25 min,anonymous,2026-08-05T04:32:23+00:00
evzoni-bogorodica,2026-08-05T07:56,20,20 min,anonymous_,2026-08-05T06:03:03+00:00
evzoni-bogorodica,2026-08-05T08:04,240,4 h,anonymous,2026-08-05T06:18:11+00:00
evzoni-bogorodica,2026-08-05T08:42,30,30 min,anonymous,2026-08-05T06:48:24+00:00
evzoni-bogorodica,2026-08-05T08:38,240,4 h,anonymous,2026-08-05T06:48:24+00:00
evzoni-bogorodica,2026-08-05T09:02,360,6 h,anonymous,2026-08-05T07:03:31+00:00
evzoni-bogorodica,2026-08-05T08:59,240,4 h,anonymous,2026-08-05T07:03:31+00:00
evzoni-bogorodica,2026-08-05T09:13,300,5 h,anonymous,2026-08-05T07:18:38+00:00
evzoni-bogorodica,2026-08-05T09:39,240,4 h,anonymous,2026-08-05T07:50:37+00:00
evzoni-bogorodica,2026-08-05T10:04,300,5 h,anonymous,2026-08-05T08:05:43+00:00
evzoni-bogorodica,2026-08-05T10:23,360,6 h,anonymous,2026-08-05T08:35:55+00:00
evzoni-bogorodica,2026-08-05T10:43,390,6.5 h,anonymous,2026-08-05T08:51:01+00:00
evzoni-bogorodica,2026-08-05T11:18,390,6.5 h,anonymous,2026-08-05T09:21:13+00:00
evzoni-bogorodica,2026-08-05T11:35,390,6.5 h,anonymous,2026-08-05T09:36:19+00:00
evzoni-bogorodica,2026-08-05T11:51,180,3 h,anonymous,2026-08-05T10:03:02+00:00
evzoni-bogorodica,2026-08-05T12:16,240,4 h,anonymous,2026-08-05T10:18:10+00:00
evzoni-bogorodica,2026-08-05T12:09,5,5 min,anonymous,2026-08-05T10:18:10+00:00
evzoni-bogorodica,2026-08-05T12:58,60,60 min,anonymous,2026-08-05T11:03:30+00:00
evzoni-bogorodica,2026-08-05T13:31,240,4 h,anonymous,2026-08-05T11:33:43+00:00
evzoni-bogorodica,2026-08-05T14:00,240,4 h,anonymous,2026-08-05T12:03:57+00:00
evzoni-bogorodica,2026-08-05T14:11,240,4 h,anonymous,2026-08-05T12:24:28+00:00
evzoni-bogorodica,2026-08-05T15:13,50,50 min,anonymous,2026-08-05T13:24:52+00:00
evzoni-bogorodica,2026-08-05T16:36,10,10 min,anonymous,2026-08-05T14:40:07+00:00
evzoni-bogorodica,2026-08-05T16:23,45,45 min,anonymous_,2026-08-05T14:40:07+00:00
evzoni-bogorodica,2026-08-05T17:53,5,5 min,anonymous_,2026-08-05T16:10:50+00:00
evzoni-bogorodica,2026-08-05T18:16,20,20 min,anonymous,2026-08-05T16:24:02+00:00
evzoni-bogorodica,2026-08-05T19:10,10,10 min,anonymous,2026-08-05T17:24:28+00:00
evzoni-bogorodica,2026-08-05T19:37,20,20 min,anonymous,2026-08-05T17:39:35+00:00
evzoni-bogorodica,2026-08-05T19:44,50,50 min,anonymous,2026-08-05T17:54:42+00:00
evzoni-bogorodica,2026-08-05T20:34,10,10 min,anonymous,2026-08-05T18:39:07+00:00
evzoni-bogorodica,2026-08-05T20:44,30,30 min,anonymous,2026-08-05T18:54:15+00:00
evzoni-bogorodica,2026-08-05T20:44,30,30 min,anonymous,2026-08-05T19:14:52+00:00
evzoni-bogorodica,2026-08-05T21:22,20,20 min,anonymous,2026-08-05T19:24:30+00:00
evzoni-bogorodica,2026-08-05T21:21,30,30 min,anonymous,2026-08-05T19:24:30+00:00
evzoni-bogorodica,2026-08-05T22:38,20,20 min,anonymous,2026-08-05T20:45:33+00:00
evzoni-bogorodica,2026-08-05T22:27,15,15 min,anonymous_,2026-08-05T20:45:33+00:00
evzoni-bogorodica,2026-08-05T23:57,15,15 min,anonymous_,2026-08-05T22:07:26+00:00
evzoni-bogorodica,2026-08-06T00:54,10,10 min,anonymous_,2026-08-05T23:03:30+00:00
evzoni-bogorodica,2026-08-06T01:57,5,5 min,anonymous_,2026-08-06T00:03:54+00:00
evzoni-bogorodica,2026-08-06T02:56,10,10 min,anonymous_,2026-08-06T01:15:26+00:00
evzoni-bogorodica,2026-08-06T03:54,5,5 min,anonymous_,2026-08-06T02:01:02+00:00
evzoni-bogorodica,2026-08-06T04:56,15,15 min,anonymous_,2026-08-06T03:01:48+00:00
evzoni-bogorodica,2026-08-06T05:57,10,10 min,anonymous_,2026-08-06T04:02:37+00:00
evzoni-bogorodica,2026-08-06T06:57,5,5 min,anonymous_,2026-08-06T05:09:47+00:00
evzoni-bogorodica,2026-08-06T08:03,10,10 min,anonymous,2026-08-06T06:10:45+00:00
evzoni-bogorodica,2026-08-06T07:56,15,15 min,anonymous_,2026-08-06T06:10:45+00:00
evzoni-bogorodica,2026-08-06T08:33,60,60 min,anonymous,2026-08-06T06:41:09+00:00
evzoni-bogorodica,2026-08-06T08:42,10,10 min,anonymous,2026-08-06T06:56:21+00:00
evzoni-bogorodica,2026-08-06T09:53,5,5 min,anonymous_,2026-08-06T08:07:08+00:00
evzoni-bogorodica,2026-08-06T11:07,15,15 min,anonymous,2026-08-06T09:07:51+00:00
evzoni-bogorodica,2026-08-06T10:56,10,10 min,anonymous_,2026-08-06T09:07:51+00:00
evzoni-bogorodica,2026-08-06T11:28,240,4 h,anonymous,2026-08-06T09:38:14+00:00
evzoni-bogorodica,2026-08-06T11:45,240,4 h,anonymous,2026-08-06T09:53:25+00:00
evzoni-bogorodica,2026-08-06T12:13,40,40 min,anonymous,2026-08-06T10:20:34+00:00
evzoni-bogorodica,2026-08-06T12:09,10,10 min,anonymous,2026-08-06T10:20:34+00:00
evzoni-bogorodica,2026-08-06T12:45,30,30 min,anonymous,2026-08-06T10:50:55+00:00
evzoni-bogorodica,2026-08-06T12:55,30,30 min,anonymous,2026-08-06T11:06:06+00:00
evzoni-bogorodica,2026-08-06T13:18,30,30 min,anonymous,2026-08-06T11:21:16+00:00
evzoni-bogorodica,2026-08-06T13:10,5,5 min,anonymous,2026-08-06T11:21:16+00:00
evzoni-bogorodica,2026-08-06T14:07,5,5 min,anonymous,2026-08-06T12:15:28+00:00
evzoni-bogorodica,2026-08-06T14:30,5,5 min,anonymous,2026-08-06T12:30:40+00:00
evzoni-bogorodica,2026-08-06T14:35,45,45 min,anonymous,2026-08-06T12:46:11+00:00
evzoni-bogorodica,2026-08-06T15:00,35,35 min,anonymous,2026-08-06T13:01:22+00:00
evzoni-bogorodica,2026-08-06T15:05,270,4.5 h,anonymous,2026-08-06T13:16:34+00:00
evzoni-bogorodica,2026-08-06T15:22,60,60 min,anonymous,2026-08-06T13:31:45+00:00
evzoni-bogorodica,2026-08-06T15:36,270,4.5 h,anonymous,2026-08-06T13:46:56+00:00
evzoni-bogorodica,2026-08-06T16:57,240,4 h,anonymous_,2026-08-06T15:10:43+00:00
evzoni-bogorodica,2026-08-06T17:26,20,20 min,anonymous,2026-08-06T15:41:06+00:00
evzoni-bogorodica,2026-08-07T01:53,15,15 min,anonymous_,2026-08-07T00:19:19+00:00
evzoni-bogorodica,2026-08-07T00:58,20,20 min,anonymous_,2026-08-07T00:19:19+00:00
evzoni-bogorodica,2026-08-06T23:37,25,25 min,anonymous,2026-08-07T00:19:19+00:00
evzoni-bogorodica,2026-08-06T22:51,15,15 min,anonymous,2026-08-07T00:19:19+00:00
evzoni-bogorodica,2026-08-06T22:17,240,4 h,anonymous,2026-08-07T00:19:19+00:00
evzoni-bogorodica,2026-08-06T21:45,10,10 min,anonymous,2026-08-07T00:19:19+00:00
evzoni-bogorodica,2026-08-06T21:34,240,4 h,anonymous,2026-08-07T00:19:19+00:00
evzoni-bogorodica,2026-08-06T21:29,10,10 min,anonymous,2026-08-07T00:19:19+00:00
evzoni-bogorodica,2026-08-07T02:53,10,10 min,anonymous_,2026-08-07T01:04:56+00:00
evzoni-bogorodica,2026-08-07T03:54,5,5 min,anonymous_,2026-08-07T02:05:42+00:00
evzoni-bogorodica,2026-08-07T04:49,20,20 min,anonymous,2026-08-07T03:21:36+00:00
evzoni-bogorodica,2026-08-07T04:33,5,5 min,anonymous,2026-08-07T03:21:36+00:00
evzoni-bogorodica,2026-08-07T05:57,15,15 min,anonymous_,2026-08-07T04:07:11+00:00
evzoni-bogorodica,2026-08-07T06:26,5,5 min,anonymous,2026-08-07T04:37:35+00:00
evzoni-bogorodica,2026-08-07T07:25,15,15 min,anonymous_,2026-08-07T05:41:02+00:00
evzoni-bogorodica,2026-08-07T07:51,240,4 h,anonymous,2026-08-07T05:56:14+00:00
evzoni-bogorodica,2026-08-07T08:04,10,10 min,anonymous,2026-08-07T06:11:26+00:00
evzoni-bogorodica,2026-08-07T08:15,240,4 h,anonymous,2026-08-07T06:26:38+00:00
evzoni-bogorodica,2026-08-07T08:39,240,4 h,anonymous,2026-08-07T06:52:20+00:00
evzoni-bogorodica,2026-08-07T08:55,15,15 min,anonymous,2026-08-07T07:07:32+00:00
evzoni-bogorodica,2026-08-07T08:52,240,4 h,anonymous,2026-08-07T07:07:32+00:00
evzoni-bogorodica,2026-08-07T09:30,240,4 h,anonymous,2026-08-07T07:37:59+00:00
evzoni-bogorodica,2026-08-07T09:53,5,5 min,anonymous,2026-08-07T07:57:32+00:00
evzoni-bogorodica,2026-08-07T10:07,240,4 h,anonymous,2026-08-07T08:12:43+00:00
evzoni-bogorodica,2026-08-07T10:03,30,30 min,anonymous,2026-08-07T08:12:43+00:00
evzoni-bogorodica,2026-08-07T10:46,5,5 min,anonymous,2026-08-07T08:58:18+00:00
evzoni-bogorodica,2026-08-07T10:45,240,4 h,anonymous,2026-08-07T08:58:18+00:00
evzoni-bogorodica,2026-08-07T11:09,240,4 h,anonymous,2026-08-07T09:12:14+00:00
evzoni-bogorodica,2026-08-07T11:48,240,4 h,anonymous,2026-08-07T09:57:49+00:00
evzoni-bogorodica,2026-08-07T11:59,240,4 h,anonymous,2026-08-07T10:13:09+00:00
evzoni-bogorodica,2026-08-07T12:14,30,30 min,anonymous,2026-08-07T10:15:26+00:00
evzoni-bogorodica,2026-08-07T12:30,240,4 h,anonymous,2026-08-07T10:46:43+00:00
evzoni-bogorodica,2026-08-07T12:25,25,25 min,anonymous,2026-08-07T10:46:43+00:00
evzoni-bogorodica,2026-08-07T12:55,240,4 h,anonymous,2026-08-07T11:02:08+00:00
evzoni-bogorodica,2026-08-07T13:41,240,4 h,anonymous,2026-08-07T11:42:35+00:00
evzoni-bogorodica,2026-08-07T13:45,20,20 min,anonymous,2026-08-07T11:58:05+00:00
evzoni-bogorodica,2026-08-07T14:26,20,20 min,anonymous,2026-08-07T12:32:52+00:00
evzoni-bogorodica,2026-08-07T14:40,240,4 h,anonymous,2026-08-07T12:48:03+00:00
evzoni-bogorodica,2026-08-07T14:53,15,15 min,anonymous,2026-08-07T13:03:14+00:00
evzoni-bogorodica,2026-08-07T15:17,420,7 h,anonymous,2026-08-07T13:18:26+00:00
evzoni-bogorodica,2026-08-07T15:13,240,4 h,anonymous,2026-08-07T13:18:26+00:00
evzoni-bogorodica,2026-08-07T15:07,20,20 min,anonymous,2026-08-07T13:18:26+00:00
evzoni-bogorodica,2026-08-07T15:31,660,11 h,anonymous,2026-08-07T13:31:59+00:00
evzoni-bogorodica,2026-08-07T16:13,780,13 h,anonymous,2026-08-07T14:17:41+00:00
evzoni-bogorodica,2026-08-07T17:23,750,12.5 h,anonymous_,2026-08-07T15:32:25+00:00
evzoni-bogorodica,2026-08-07T18:25,720,12 h,anonymous_,2026-08-07T16:43:26+00:00
evzoni-bogorodica,2026-08-07T19:23,690,11.5 h,anonymous_,2026-08-07T17:43:56+00:00
evzoni-bogorodica,2026-08-07T20:29,660,11 h,anonymous_,2026-08-07T18:41:59+00:00
evzoni-bogorodica,2026-08-07T21:25,630,10.5 h,anonymous_,2026-08-07T19:35:52+00:00
evzoni-bogorodica,2026-08-07T21:44,360,6 h,anonymous,2026-08-07T19:51:04+00:00
evzoni-bogorodica,2026-08-07T21:37,480,8 h,anonymous,2026-08-07T19:51:04+00:00
evzoni-bogorodica,2026-08-07T22:29,240,4 h,anonymous,2026-08-07T20:34:55+00:00
evzoni-bogorodica,2026-08-07T23:26,20,20 min,anonymous,2026-08-07T21:35:17+00:00
evzoni-bogorodica,2026-08-08T00:29,15,15 min,anonymous_,2026-08-07T22:41:14+00:00
evzoni-bogorodica,2026-08-08T01:24,10,10 min,anonymous_,2026-08-07T23:39:33+00:00
evzoni-bogorodica,2026-08-08T02:27,5,5 min,anonymous_,2026-08-08T00:37:25+00:00
evzoni-bogorodica,2026-08-08T03:24,10,10 min,anonymous_,2026-08-08T01:42:44+00:00
evzoni-bogorodica,2026-08-08T04:38,50,50 min,anonymous,2026-08-08T02:43:24+00:00
evzoni-bogorodica,2026-08-08T04:26,5,5 min,anonymous_,2026-08-08T02:43:24+00:00
evzoni-bogorodica,2026-08-08T05:55,45,45 min,anonymous_,2026-08-08T04:14:32+00:00
evzoni-bogorodica,2026-08-08T06:56,40,40 min,anonymous_,2026-08-08T05:03:01+00:00
evzoni-bogorodica,2026-08-08T07:17,20,20 min,anonymous,2026-08-08T05:27:32+00:00
evzoni-bogorodica,2026-08-08T07:30,25,25 min,anonymous,2026-08-08T05:42:44+00:00
evzoni-bogorodica,2026-08-08T08:18,40,40 min,anonymous,2026-08-08T06:31:08+00:00
evzoni-bogorodica,2026-08-08T09:25,35,35 min,anonymous_,2026-08-08T07:39:10+00:00
evzoni-bogorodica,2026-08-08T10:23,30,30 min,anonymous_,2026-08-08T08:34:19+00:00
evzoni-bogorodica,2026-08-08T11:29,30,30 min,anonymous,2026-08-08T09:41:06+00:00
evzoni-bogorodica,2026-08-08T12:23,25,25 min,anonymous_,2026-08-08T10:32:46+00:00
evzoni-bogorodica,2026-08-08T13:22,90,1.5 h,anonymous,2026-08-08T11:25:54+00:00
evzoni-bogorodica,2026-08-08T13:37,35,35 min,anonymous,2026-08-08T11:37:55+00:00
evzoni-bogorodica,2026-08-08T13:44,240,4 h,anonymous,2026-08-08T11:53:08+00:00
evzoni-bogorodica,2026-08-08T14:06,5,5 min,anonymous,2026-08-08T12:08:21+00:00
evzoni-bogorodica,2026-08-08T15:23,15,15 min,anonymous_,2026-08-08T13:32:00+00:00
evzoni-bogorodica,2026-08-08T16:06,120,2 h,anonymous,2026-08-08T14:16:44+00:00
evzoni-bogorodica,2026-08-08T16:23,90,1.5 h,anonymous,2026-08-08T14:31:56+00:00
evzoni-bogorodica,2026-08-08T16:41,120,2 h,anonymous,2026-08-08T14:44:05+00:00
evzoni-bogorodica,2026-08-08T17:07,5,5 min,anonymous,2026-08-08T15:14:09+00:00
evzoni-bogorodica,2026-08-08T17:29,120,2 h,anonymous,2026-08-08T15:29:20+00:00
evzoni-bogorodica,2026-08-08T17:24,60,60 min,anonymous,2026-08-08T15:29:20+00:00
evzoni-bogorodica,2026-08-08T17:17,50,50 min,anonymous,2026-08-08T15:29:20+00:00
evzoni-bogorodica,2026-08-08T18:16,30,30 min,anonymous,2026-08-08T16:19:32+00:00
evzoni-bogorodica,2026-08-08T18:34,210,3.5 h,anonymous,2026-08-08T16:34:44+00:00
evzoni-bogorodica,2026-08-08T18:55,5,5 min,anonymous,2026-08-08T16:57:47+00:00
evzoni-bogorodica,2026-08-08T19:14,120,2 h,anonymous,2026-08-08T17:28:12+00:00
evzoni-bogorodica,2026-08-08T19:29,5,5 min,anonymous,2026-08-08T17:41:02+00:00
evzoni-bogorodica,2026-08-08T19:54,30,30 min,anonymous,2026-08-08T17:56:13+00:00
evzoni-bogorodica,2026-08-08T20:53,25,25 min,anonymous_,2026-08-08T19:01:10+00:00
evzoni-bogorodica,2026-08-08T21:19,40,40 min,anonymous,2026-08-08T19:34:15+00:00
evzoni-bogorodica,2026-08-08T22:23,35,35 min,anonymous_,2026-08-08T20:43:06+00:00
evzoni-bogorodica,2026-08-08T23:28,30,30 min,anonymous_,2026-08-08T21:38:42+00:00
evzoni-bogorodica,2026-08-08T23:42,10,10 min,anonymous,2026-08-08T21:56:03+00:00
evzoni-bogorodica,2026-08-09T00:56,5,5 min,anonymous_,2026-08-08T23:06:36+00:00
evzoni-bogorodica,2026-08-09T01:55,10,10 min,anonymous_,2026-08-09T00:04:49+00:00
evzoni-bogorodica,2026-08-09T02:56,5,5 min,anonymous_,2026-08-09T01:08:46+00:00
evzoni-bogorodica,2026-08-09T03:59,15,15 min,anonymous_,2026-08-09T02:09:34+00:00
evzoni-bogorodica,2026-08-09T04:36,10,10 min,anonymous,2026-08-09T02:39:57+00:00
evzoni-bogorodica,2026-08-09T05:18,15,15 min,anonymous,2026-08-09T03:23:49+00:00
evzoni-bogorodica,2026-08-09T06:25,10,10 min,anonymous_,2026-08-09T04:32:47+00:00
evzoni-bogorodica,2026-08-09T07:30,30,30 min,anonymous,2026-08-09T05:31:20+00:00
evzoni-bogorodica,2026-08-09T07:26,5,5 min,anonymous_,2026-08-09T05:31:20+00:00
evzoni-bogorodica,2026-08-09T07:45,20,20 min,anonymous,2026-08-09T05:46:39+00:00
evzoni-bogorodica,2026-08-09T08:53,40,40 min,anonymous,2026-08-09T06:55:19+00:00
evzoni-bogorodica,2026-08-09T09:00,30,30 min,anonymous,2026-08-09T07:10:32+00:00
evzoni-bogorodica,2026-08-09T09:57,25,25 min,anonymous_,2026-08-09T08:08:11+00:00
evzoni-bogorodica,2026-08-09T10:51,50,50 min,anonymous,2026-08-09T08:55:40+00:00
evzoni-bogorodica,2026-08-09T11:25,60,60 min,anonymous,2026-08-09T09:35:55+00:00
evzoni-bogorodica,2026-08-09T11:22,55,55 min,anonymous,2026-08-09T09:35:55+00:00
evzoni-bogorodica,2026-08-09T11:38,90,1.5 h,anonymous,2026-08-09T09:51:05+00:00
evzoni-bogorodica,2026-08-09T12:08,150,2.5 h,anonymous,2026-08-09T10:16:59+00:00
evzoni-bogorodica,2026-08-09T12:20,150,2.5 h,anonymous,2026-08-09T10:32:09+00:00
evzoni-bogorodica,2026-08-09T13:27,120,2 h,anonymous_,2026-08-09T11:30:45+00:00
evzoni-bogorodica,2026-08-09T13:42,90,1.5 h,anonymous,2026-08-09T11:45:58+00:00
evzoni-bogorodica,2026-08-09T13:33,120,2 h,anonymous,2026-08-09T11:45:58+00:00
evzoni-bogorodica,2026-08-09T13:52,90,1.5 h,anonymous,2026-08-09T12:05:35+00:00
evzoni-bogorodica,2026-08-09T15:05,120,2 h,anonymous,2026-08-09T13:07:31+00:00
evzoni-bogorodica,2026-08-09T14:59,60,60 min,anonymous_,2026-08-09T13:07:31+00:00
evzoni-bogorodica,2026-08-09T15:33,40,40 min,anonymous,2026-08-09T13:44:15+00:00
evzoni-bogorodica,2026-08-09T16:25,35,35 min,anonymous,2026-08-09T14:32:04+00:00
evzoni-bogorodica,2026-08-09T17:23,30,30 min,anonymous_,2026-08-09T15:41:46+00:00
evzoni-bogorodica,2026-08-09T17:48,5,5 min,anonymous,2026-08-09T15:56:56+00:00
evzoni-bogorodica,2026-08-09T18:02,5,5 min,anonymous,2026-08-09T16:12:07+00:00
evzoni-bogorodica,2026-08-09T18:19,10,10 min,anonymous,2026-08-09T16:30:52+00:00
evzoni-bogorodica,2026-08-09T19:26,5,5 min,anonymous_,2026-08-09T17:31:01+00:00
evzoni-bogorodica,2026-08-09T20:00,25,25 min,anonymous,2026-08-09T18:12:15+00:00
evzoni-bogorodica,2026-08-09T20:18,5,5 min,anonymous,2026-08-09T18:33:16+00:00
evzoni-bogorodica,2026-08-09T20:36,5,5 min,anonymous,2026-08-09T18:48:28+00:00
evzoni-bogorodica,2026-08-09T21:20,10,10 min,anonymous,2026-08-09T19:22:27+00:00
evzoni-bogorodica,2026-08-09T22:39,20,20 min,anonymous,2026-08-09T20:44:50+00:00
evzoni-bogorodica,2026-08-09T22:33,10,10 min,anonymous,2026-08-09T20:44:50+00:00
evzoni-bogorodica,2026-08-09T22:25,5,5 min,anonymous_,2026-08-09T20:44:50+00:00
evzoni-bogorodica,2026-08-09T23:09,40,40 min,anonymous,2026-08-09T21:11:53+00:00
evzoni-bogorodica,2026-08-09T23:47,10,10 min,anonymous,2026-08-09T21:58:51+00:00
evzoni-bogorodica,2026-08-10T00:54,5,5 min,anonymous_,2026-08-09T23:09:34+00:00
evzoni-bogorodica,2026-08-10T01:56,10,10 min,anonymous_,2026-08-10T00:12:18+00:00
evzoni-bogorodica,2026-08-10T02:54,5,5 min,anonymous_,2026-08-10T01:09:20+00:00
evzoni-bogorodica,2026-08-10T03:54,15,15 min,anonymous_,2026-08-10T02:10:06+00:00
evzoni-bogorodica,2026-08-10T04:58,10,10 min,anonymous_,2026-08-10T03:02:05+00:00
evzoni-bogorodica,2026-08-10T05:35,30,30 min,anonymous,2026-08-10T03:47:35+00:00
evzoni-bogorodica,2026-08-10T06:29,20,20 min,vercauterenpieter,2026-08-10T04:33:06+00:00
evzoni-bogorodica,2026-08-10T06:36,25,25 min,anonymous,2026-08-10T04:48:30+00:00
evzoni-bogorodica,2026-08-10T07:44,20,20 min,anonymous,2026-08-10T05:49:10+00:00
evzoni-bogorodica,2026-08-10T08:16,30,30 min,anonymous,2026-08-10T06:19:21+00:00
evzoni-bogorodica,2026-08-10T08:23,50,50 min,anonymous,2026-08-10T06:34:32+00:00
evzoni-bogorodica,2026-08-10T08:55,60,60 min,anonymous,2026-08-10T07:04:54+00:00
evzoni-bogorodica,2026-08-10T09:45,90,1.5 h,anonymous,2026-08-10T07:50:26+00:00
evzoni-bogorodica,2026-08-10T09:58,60,60 min,anonymous,2026-08-10T08:00:20+00:00
evzoni-bogorodica,2026-08-10T09:57,5,5 min,anonymous,2026-08-10T08:00:20+00:00
evzoni-bogorodica,2026-08-10T10:01,90,1.5 h,anonymous,2026-08-10T08:15:43+00:00
evzoni-bogorodica,2026-08-10T10:39,90,1.5 h,anonymous,2026-08-10T08:46:17+00:00
evzoni-bogorodica,2026-08-10T10:54,120,2 h,anonymous,2026-08-10T09:01:29+00:00
evzoni-bogorodica,2026-08-10T10:48,330,5.5 h,anonymous,2026-08-10T09:01:29+00:00
evzoni-bogorodica,2026-08-10T11:39,90,1.5 h,anonymous,2026-08-10T09:43:37+00:00
evzoni-bogorodica,2026-08-10T11:37,120,2 h,anonymous,2026-08-10T09:43:37+00:00
evzoni-bogorodica,2026-08-10T11:36,10,10 min,anonymous,2026-08-10T09:43:37+00:00
evzoni-bogorodica,2026-08-10T11:53,10,10 min,anonymous,2026-08-10T09:58:49+00:00
evzoni-bogorodica,2026-08-10T12:14,60,60 min,anonymous,2026-08-10T10:29:11+00:00
evzoni-bogorodica,2026-08-10T12:41,180,3 h,anonymous,2026-08-10T10:44:23+00:00
evzoni-bogorodica,2026-08-10T12:33,10,10 min,anonymous,2026-08-10T10:44:23+00:00
evzoni-bogorodica,2026-08-10T12:51,360,6 h,anonymous,2026-08-10T11:06:59+00:00
evzoni-bogorodica,2026-08-10T13:14,240,4 h,anonymous,2026-08-10T11:22:12+00:00
evzoni-bogorodica,2026-08-10T13:25,30,30 min,anonymous,2026-08-10T11:37:24+00:00
evzoni-bogorodica,2026-08-10T13:52,10,10 min,anonymous,2026-08-10T11:56:33+00:00
evzoni-bogorodica,2026-08-10T13:45,5,5 min,anonymous,2026-08-10T11:56:33+00:00
evzoni-bogorodica,2026-08-10T14:01,10,10 min,anonymous,2026-08-10T12:11:51+00:00
evzoni-bogorodica,2026-08-10T13:57,180,3 h,anonymous,2026-08-10T12:11:51+00:00
evzoni-bogorodica,2026-08-10T13:56,180,3 h,anonymous,2026-08-10T12:11:51+00:00
evzoni-bogorodica,2026-08-10T14:16,150,2.5 h,anonymous,2026-08-10T12:27:03+00:00
evzoni-bogorodica,2026-08-10T14:38,240,4 h,anonymous,2026-08-10T12:50:08+00:00
evzoni-bogorodica,2026-08-10T14:37,10,10 min,anonymous,2026-08-10T12:50:08+00:00
evzoni-bogorodica,2026-08-10T15:08,10,10 min,anonymous,2026-08-10T13:20:29+00:00
evzoni-bogorodica,2026-08-10T16:11,10,10 min,anonymous,2026-08-10T14:18:31+00:00
evzoni-bogorodica,2026-08-10T16:10,210,3.5 h,anonymous,2026-08-10T14:18:31+00:00
evzoni-bogorodica,2026-08-10T16:50,5,5 min,anonymous,2026-08-10T15:04:07+00:00
evzoni-bogorodica,2026-08-10T17:10,210,3.5 h,anonymous,2026-08-10T15:12:18+00:00
evzoni-bogorodica,2026-08-10T17:09,90,1.5 h,anonymous,2026-08-10T15:12:18+00:00
evzoni-bogorodica,2026-08-10T17:05,30,30 min,anonymous,2026-08-10T15:12:18+00:00
evzoni-bogorodica,2026-08-10T17:22,90,1.5 h,anonymous,2026-08-10T15:27:29+00:00
evzoni-bogorodica,2026-08-10T17:17,300,5 h,anonymous,2026-08-10T15:27:29+00:00
evzoni-bogorodica,2026-08-10T17:16,150,2.5 h,anonymous,2026-08-10T15:27:29+00:00
evzoni-bogorodica,2026-08-10T17:42,10,10 min,anonymous,2026-08-10T15:42:39+00:00
evzoni-bogorodica,2026-08-10T17:39,10,10 min,anonymous,2026-08-10T15:42:39+00:00
evzoni-bogorodica,2026-08-10T17:54,5,5 min,anonymous,2026-08-10T15:57:50+00:00
evzoni-bogorodica,2026-08-10T17:52,60,60 min,anonymous,2026-08-10T15:57:50+00:00
evzoni-bogorodica,2026-08-10T18:22,10,10 min,anonymous,2026-08-10T16:27:39+00:00
evzoni-bogorodica,2026-08-10T18:40,10,10 min,anonymous,2026-08-10T16:42:52+00:00
evzoni-bogorodica,2026-08-10T18:31,240,4 h,anonymous,2026-08-10T16:42:52+00:00
evzoni-bogorodica,2026-08-10T19:07,120,2 h,anonymous,2026-08-10T17:13:14+00:00
evzoni-bogorodica,2026-08-10T19:04,90,1.5 h,anonymous,2026-08-10T17:13:14+00:00
evzoni-bogorodica,2026-08-10T19:01,180,3 h,anonymous,2026-08-10T17:13:14+00:00
evzoni-bogorodica,2026-08-10T19:27,10,10 min,anonymous,2026-08-10T17:29:04+00:00
evzoni-bogorodica,2026-08-10T19:13,10,10 min,anonymous,2026-08-10T17:29:04+00:00
evzoni-bogorodica,2026-08-10T19:43,210,3.5 h,anonymous,2026-08-10T17:44:16+00:00
evzoni-bogorodica,2026-08-10T19:53,210,3.5 h,anonymous,2026-08-10T17:59:32+00:00
evzoni-bogorodica,2026-08-10T20:09,240,4 h,anonymous,2026-08-10T18:22:43+00:00
evzoni-bogorodica,2026-08-10T21:20,240,4 h,anonymous,2026-08-10T19:23:59+00:00
evzoni-bogorodica,2026-08-10T21:31,300,5 h,anonymous,2026-08-10T19:40:29+00:00
evzoni-bogorodica,2026-08-10T21:44,300,5 h,anonymous,2026-08-10T19:55:41+00:00
evzoni-bogorodica,2026-08-10T22:02,300,5 h,anonymous,2026-08-10T20:10:53+00:00
evzoni-bogorodica,2026-08-10T22:16,90,1.5 h,anonymous,2026-08-10T20:18:12+00:00
evzoni-bogorodica,2026-08-10T22:41,180,3 h,anonymous,2026-08-10T20:48:32+00:00
evzoni-bogorodica,2026-08-10T22:36,240,4 h,anonymous,2026-08-10T20:48:32+00:00
evzoni-bogorodica,2026-08-10T23:06,5,5 min,anonymous,2026-08-10T21:21:10+00:00
evzoni-bogorodica,2026-08-10T23:35,120,2 h,anonymous,2026-08-10T21:36:22+00:00
evzoni-bogorodica,2026-08-10T23:47,120,2 h,anonymous,2026-08-10T21:51:35+00:00
evzoni-bogorodica,2026-08-11T00:16,180,3 h,anonymous,2026-08-10T22:25:46+00:00
evzoni-bogorodica,2026-08-11T01:26,150,2.5 h,anonymous_,2026-08-10T23:41:56+00:00
evzoni-bogorodica,2026-08-11T02:28,120,2 h,anonymous_,2026-08-11T00:34:34+00:00
evzoni-bogorodica,2026-08-11T03:28,90,1.5 h,anonymous_,2026-08-11T01:35:15+00:00
evzoni-bogorodica,2026-08-11T04:24,60,60 min,anonymous_,2026-08-11T02:38:35+00:00
evzoni-bogorodica,2026-08-11T05:27,55,55 min,anonymous_,2026-08-11T03:39:17+00:00
evzoni-bogorodica,2026-08-11T06:02,15,15 min,anonymous,2026-08-11T04:04:09+00:00
evzoni-bogorodica,2026-08-11T06:46,5,5 min,anonymous,2026-08-11T04:49:45+00:00
evzoni-bogorodica,2026-08-11T06:43,5,5 min,anonymous,2026-08-11T04:49:45+00:00
evzoni-bogorodica,2026-08-11T07:03,50,50 min,anonymous,2026-08-11T05:04:57+00:00
evzoni-bogorodica,2026-08-11T07:08,15,15 min,anonymous,2026-08-11T05:18:58+00:00
evzoni-bogorodica,2026-08-11T07:31,60,60 min,anonymous,2026-08-11T05:34:17+00:00
evzoni-bogorodica,2026-08-11T08:53,240,4 h,anonymous,2026-08-11T06:55:50+00:00
evzoni-bogorodica,2026-08-11T09:06,240,4 h,anonymous,2026-08-11T07:11:01+00:00
evzoni-bogorodica,2026-08-11T09:02,20,20 min,anonymous,2026-08-11T07:11:01+00:00
evzoni-bogorodica,2026-08-11T09:24,210,3.5 h,anonymous,2026-08-11T07:26:15+00:00
evzoni-bogorodica,2026-08-11T09:19,15,15 min,anonymous,2026-08-11T07:26:15+00:00
evzoni-bogorodica,2026-08-11T09:38,15,15 min,anonymous,2026-08-11T07:41:26+00:00
evzoni-bogorodica,2026-08-11T10:00,240,4 h,anonymous,2026-08-11T08:12:43+00:00
evzoni-bogorodica,2026-08-11T10:21,240,4 h,anonymous,2026-08-11T08:27:53+00:00
evzoni-bogorodica,2026-08-11T10:12,15,15 min,anonymous,2026-08-11T08:27:53+00:00
evzoni-bogorodica,2026-08-11T10:34,20,20 min,anonymous,2026-08-11T08:39:48+00:00
evzoni-bogorodica,2026-08-11T10:30,15,15 min,anonymous,2026-08-11T08:39:48+00:00
evzoni-bogorodica,2026-08-11T10:43,240,4 h,anonymous,2026-08-11T08:55:02+00:00
evzoni-bogorodica,2026-08-11T10:40,30,30 min,anonymous,2026-08-11T08:55:02+00:00
evzoni-bogorodica,2026-08-11T11:22,20,20 min,anonymous,2026-08-11T09:25:25+00:00
evzoni-bogorodica,2026-08-11T12:28,15,15 min,anonymous_,2026-08-11T10:30:42+00:00
evzoni-bogorodica,2026-08-11T13:08,5,5 min,anonymous,2026-08-11T11:23:13+00:00
evzoni-bogorodica,2026-08-11T14:11,50,50 min,anonymous,2026-08-11T12:19:50+00:00
evzoni-bogorodica,2026-08-11T14:38,60,60 min,anonymous,2026-08-11T12:42:10+00:00
evzoni-bogorodica,2026-08-11T15:13,5,5 min,anonymous,2026-08-11T13:27:49+00:00
evzoni-bogorodica,2026-08-11T15:43,40,40 min,anonymous,2026-08-11T13:58:23+00:00
evzoni-bogorodica,2026-08-11T16:25,5,5 min,anonymous,2026-08-11T14:33:04+00:00
evzoni-bogorodica,2026-08-11T16:33,5,5 min,anonymous,2026-08-11T14:48:16+00:00
evzoni-bogorodica,2026-08-11T17:34,10,10 min,anonymous,2026-08-11T15:42:50+00:00
evzoni-bogorodica,2026-08-11T17:31,5,5 min,anonymous,2026-08-11T15:42:50+00:00
evzoni-bogorodica,2026-08-11T18:58,5,5 min,anonymous_,2026-08-11T17:14:28+00:00
evzoni-bogorodica,2026-08-11T19:25,5,5 min,anonymous,2026-08-11T17:32:06+00:00
evzoni-bogorodica,2026-08-11T19:38,240,4 h,anonymous,2026-08-11T17:47:18+00:00
evzoni-bogorodica,2026-08-11T20:01,5,5 min,anonymous,2026-08-11T18:02:30+00:00
evzoni-bogorodica,2026-08-11T20:03,5,5 min,anonymous,2026-08-11T18:10:36+00:00
evzoni-bogorodica,2026-08-11T20:26,10,10 min,anonymous,2026-08-11T18:40:56+00:00
evzoni-bogorodica,2026-08-11T20:58,10,10 min,anonymous,2026-08-11T19:11:17+00:00
evzoni-bogorodica,2026-08-11T21:56,5,5 min,anonymous_,2026-08-11T20:00:42+00:00
evzoni-bogorodica,2026-08-11T22:56,10,10 min,anonymous_,2026-08-11T21:05:49+00:00
evzoni-bogorodica,2026-08-11T23:33,10,10 min,anonymous,2026-08-11T21:40:13+00:00
evzoni-bogorodica,2026-08-12T00:57,5,5 min,anonymous_,2026-08-11T23:07:37+00:00
evzoni-bogorodica,2026-08-12T01:59,15,15 min,anonymous_,2026-08-12T00:03:11+00:00
evzoni-bogorodica,2026-08-12T02:55,10,10 min,anonymous_,2026-08-12T01:04:00+00:00
evzoni-bogorodica,2026-08-12T03:55,5,5 min,anonymous_,2026-08-12T02:04:49+00:00
evzoni-bogorodica,2026-08-12T04:55,10,10 min,anonymous_,2026-08-12T03:09:17+00:00
evzoni-bogorodica,2026-08-12T06:06,5,5 min,anonymous,2026-08-12T04:10:00+00:00
evzoni-bogorodica,2026-08-12T05:55,5,5 min,anonymous_,2026-08-12T04:10:00+00:00
evzoni-bogorodica,2026-08-12T07:25,15,15 min,anonymous_,2026-08-12T05:45:28+00:00
evzoni-bogorodica,2026-08-12T08:01,15,15 min,anonymous,2026-08-12T06:02:46+00:00
evzoni-bogorodica,2026-08-12T08:07,5,5 min,anonymous,2026-08-12T06:17:58+00:00
evzoni-bogorodica,2026-08-12T08:42,5,5 min,anonymous,2026-08-12T06:48:23+00:00
evzoni-bogorodica,2026-08-12T08:58,5,5 min,anonymous,2026-08-12T07:03:36+00:00
evzoni-bogorodica,2026-08-12T08:57,5,5 min,anonymous,2026-08-12T07:03:36+00:00
evzoni-bogorodica,2026-08-12T08:48,5,5 min,anonymous,2026-08-12T07:03:36+00:00
evzoni-bogorodica,2026-08-12T09:04,5,5 min,anonymous,2026-08-12T07:18:50+00:00
evzoni-bogorodica,2026-08-12T09:40,30,30 min,anonymous,2026-08-12T07:46:51+00:00
evzoni-bogorodica,2026-08-12T09:52,45,45 min,anonymous,2026-08-12T08:02:04+00:00
evzoni-bogorodica,2026-08-12T10:56,40,40 min,anonymous_,2026-08-12T09:09:55+00:00
evzoni-bogorodica,2026-08-12T11:32,5,5 min,anonymous,2026-08-12T09:40:19+00:00
evzoni-bogorodica,2026-08-12T12:13,20,20 min,anonymous,2026-08-12T10:17:10+00:00
evzoni-bogorodica,2026-08-12T12:37,90,1.5 h,anonymous,2026-08-12T10:47:35+00:00
evzoni-bogorodica,2026-08-12T12:58,60,60 min,anonymous,2026-08-12T11:02:47+00:00
evzoni-bogorodica,2026-08-12T13:31,45,45 min,anonymous,2026-08-12T11:43:36+00:00
evzoni-bogorodica,2026-08-12T14:46,30,30 min,anonymous,2026-08-12T12:49:03+00:00
evzoni-bogorodica,2026-08-12T14:43,25,25 min,anonymous,2026-08-12T12:49:03+00:00
evzoni-bogorodica,2026-08-12T15:40,5,5 min,anonymous,2026-08-12T13:54:25+00:00
evzoni-bogorodica,2026-08-12T16:59,10,10 min,anonymous_,2026-08-12T15:01:59+00:00
evzoni-bogorodica,2026-08-12T17:07,10,10 min,anonymous,2026-08-12T15:17:10+00:00
evzoni-bogorodica,2026-08-12T18:26,5,5 min,anonymous_,2026-08-12T16:41:09+00:00
evzoni-bogorodica,2026-08-12T19:33,5,5 min,anonymous,2026-08-12T17:41:50+00:00
evzoni-bogorodica,2026-08-12T19:27,10,10 min,anonymous,2026-08-12T17:41:50+00:00
evzoni-bogorodica,2026-08-12T20:46,5,5 min,anonymous,2026-08-12T18:56:21+00:00
evzoni-bogorodica,2026-08-12T21:25,45,45 min,anonymous,2026-08-12T19:26:47+00:00
evzoni-bogorodica,2026-08-12T22:30,5,5 min,anonymous,2026-08-12T20:38:59+00:00
evzoni-bogorodica,2026-08-12T22:24,40,40 min,anonymous_,2026-08-12T20:38:59+00:00
evzoni-bogorodica,2026-08-12T22:46,20,20 min,anonymous,2026-08-12T20:54:10+00:00
evzoni-bogorodica,2026-08-12T23:45,20,20 min,anonymous,2026-08-12T21:57:19+00:00
evzoni-bogorodica,2026-08-13T01:09,5,5 min,anonymous,2026-08-12T23:10:10+00:00
evzoni-bogorodica,2026-08-13T00:57,240,4 h,anonymous,2026-08-12T23:10:10+00:00
evzoni-bogorodica,2026-08-13T02:28,15,15 min,anonymous_,2026-08-13T00:39:11+00:00
evzoni-bogorodica,2026-08-13T03:27,10,10 min,anonymous_,2026-08-13T01:40:01+00:00
evzoni-bogorodica,2026-08-13T04:28,5,5 min,anonymous_,2026-08-13T02:40:41+00:00
evzoni-bogorodica,2026-08-13T05:25,10,10 min,anonymous_,2026-08-13T03:41:30+00:00
evzoni-bogorodica,2026-08-13T06:21,5,5 min,anonymous,2026-08-13T04:27:00+00:00
evzoni-bogorodica,2026-08-13T07:26,25,25 min,anonymous,2026-08-13T05:42:11+00:00
evzoni-bogorodica,2026-08-13T08:27,30,30 min,anonymous,2026-08-13T06:38:41+00:00
evzoni-bogorodica,2026-08-13T09:15,20,20 min,anonymous,2026-08-13T07:24:11+00:00
evzoni-bogorodica,2026-08-13T10:28,15,15 min,anonymous_,2026-08-13T08:43:28+00:00
evzoni-bogorodica,2026-08-13T11:26,40,40 min,anonymous,2026-08-13T09:36:23+00:00
evzoni-bogorodica,2026-08-13T11:46,40,40 min,anonymous,2026-08-13T09:51:35+00:00
evzoni-bogorodica,2026-08-13T12:59,35,35 min,anonymous_,2026-08-13T11:04:03+00:00
evzoni-bogorodica,2026-08-13T13:40,60,60 min,anonymous,2026-08-13T11:55:24+00:00
evzoni-bogorodica,2026-08-13T14:31,40,40 min,anonymous,2026-08-13T12:44:04+00:00
evzoni-bogorodica,2026-08-13T15:10,25,25 min,anonymous,2026-08-13T13:14:27+00:00
evzoni-bogorodica,2026-08-13T15:32,30,30 min,anonymous,2026-08-13T13:44:51+00:00
evzoni-bogorodica,2026-08-13T16:57,25,25 min,anonymous_,2026-08-13T15:05:07+00:00
evzoni-bogorodica,2026-08-13T17:17,5,5 min,anonymous,2026-08-13T15:26:39+00:00
evzoni-bogorodica,2026-08-13T18:25,10,10 min,anonymous_,2026-08-13T16:43:34+00:00
evzoni-bogorodica,2026-08-13T19:28,5,5 min,anonymous_,2026-08-13T17:33:45+00:00
evzoni-bogorodica,2026-08-13T19:43,25,25 min,anonymous,2026-08-13T17:48:57+00:00
evzoni-bogorodica,2026-08-13T20:59,20,20 min,anonymous_,2026-08-13T19:12:59+00:00
evzoni-bogorodica,2026-08-13T21:53,15,15 min,anonymous_,2026-08-13T20:00:11+00:00
evzoni-bogorodica,2026-08-13T22:37,35,35 min,anonymous,2026-08-13T20:39:08+00:00
evzoni-bogorodica,2026-08-13T23:07,5,5 min,anonymous,2026-08-13T21:08:10+00:00
evzoni-bogorodica,2026-08-14T00:29,15,15 min,anonymous_,2026-08-13T22:37:09+00:00
evzoni-bogorodica,2026-08-14T01:23,10,10 min,anonymous_,2026-08-13T23:44:33+00:00
evzoni-bogorodica,2026-08-14T02:28,5,5 min,anonymous_,2026-08-14T00:38:13+00:00
evzoni-bogorodica,2026-08-14T03:28,10,10 min,anonymous_,2026-08-14T01:39:08+00:00
evzoni-bogorodica,2026-08-14T04:29,5,5 min,anonymous_,2026-08-14T02:38:43+00:00
evzoni-bogorodica,2026-08-14T05:23,10,10 min,anonymous_,2026-08-14T03:39:25+00:00
evzoni-bogorodica,2026-08-14T06:25,20,20 min,anonymous,2026-08-14T04:30:46+00:00
evzoni-bogorodica,2026-08-14T07:07,20,20 min,anonymous,2026-08-14T05:16:23+00:00
evzoni-bogorodica,2026-08-14T08:00,240,4 h,anonymous,2026-08-14T06:01:59+00:00
evzoni-bogorodica,2026-08-14T08:42,30,30 min,anonymous,2026-08-14T06:48:38+00:00
evzoni-bogorodica,2026-08-14T09:03,15,15 min,anonymous,2026-08-14T07:03:56+00:00
evzoni-bogorodica,2026-08-14T08:59,20,20 min,anonymous,2026-08-14T07:03:56+00:00
evzoni-bogorodica,2026-08-14T08:56,240,4 h,anonymous,2026-08-14T07:03:56+00:00
evzoni-bogorodica,2026-08-14T09:33,270,4.5 h,anonymous,2026-08-14T07:34:19+00:00
evzoni-bogorodica,2026-08-14T09:27,240,4 h,anonymous,2026-08-14T07:34:19+00:00
evzoni-bogorodica,2026-08-14T10:05,240,4 h,anonymous,2026-08-14T08:16:28+00:00
evzoni-bogorodica,2026-08-14T10:17,20,20 min,anonymous,2026-08-14T08:31:38+00:00
evzoni-bogorodica,2026-08-14T10:38,240,4 h,anonymous,2026-08-14T08:46:49+00:00
evzoni-bogorodica,2026-08-14T11:04,240,4 h,anonymous,2026-08-14T09:07:18+00:00
evzoni-bogorodica,2026-08-14T11:45,240,4 h,anonymous,2026-08-14T09:52:36+00:00
evzoni-bogorodica,2026-08-14T12:03,35,35 min,anonymous,2026-08-14T10:07:46+00:00
evzoni-bogorodica,2026-08-14T12:28,240,4 h,anonymous,2026-08-14T10:38:07+00:00
evzoni-bogorodica,2026-08-14T13:02,180,3 h,anonymous,2026-08-14T11:05:57+00:00
evzoni-bogorodica,2026-08-14T13:01,120,2 h,anonymous,2026-08-14T11:05:57+00:00
evzoni-bogorodica,2026-08-14T13:11,5,5 min,anonymous,2026-08-14T11:21:09+00:00
evzoni-bogorodica,2026-08-14T13:38,90,1.5 h,anonymous,2026-08-14T11:51:31+00:00
evzoni-bogorodica,2026-08-14T14:21,5,5 min,anonymous,2026-08-14T12:24:18+00:00
evzoni-bogorodica,2026-08-14T14:28,60,60 min,anonymous,2026-08-14T12:39:29+00:00
evzoni-bogorodica,2026-08-14T15:02,5,5 min,anonymous,2026-08-14T13:09:50+00:00
evzoni-bogorodica,2026-08-14T15:23,5,5 min,anonymous,2026-08-14T13:25:01+00:00
evzoni-bogorodica,2026-08-14T16:01,5,5 min,anonymous,2026-08-14T14:05:16+00:00
evzoni-bogorodica,2026-08-14T15:49,5,5 min,anonymous,2026-08-14T14:05:16+00:00
evzoni-bogorodica,2026-08-14T16:40,5,5 min,anonymous,2026-08-14T14:50:29+00:00
evzoni-bogorodica,2026-08-14T17:03,30,30 min,anonymous,2026-08-14T15:05:42+00:00
evzoni-bogorodica,2026-08-14T17:20,180,3 h,anonymous,2026-08-14T15:20:55+00:00
evzoni-bogorodica,2026-08-14T17:15,15,15 min,anonymous,2026-08-14T15:20:55+00:00
evzoni-bogorodica,2026-08-14T17:06,50,50 min,anonymous,2026-08-14T15:20:55+00:00
evzoni-bogorodica,2026-08-14T18:22,150,2.5 h,anonymous,2026-08-14T16:27:51+00:00
evzoni-bogorodica,2026-08-14T18:56,5,5 min,anonymous,2026-08-14T16:58:17+00:00
evzoni-bogorodica,2026-08-14T19:54,15,15 min,anonymous_,2026-08-14T18:03:58+00:00
evzoni-bogorodica,2026-08-14T20:37,10,10 min,anonymous,2026-08-14T18:44:29+00:00
evzoni-bogorodica,2026-08-14T20:34,60,60 min,anonymous,2026-08-14T18:44:29+00:00
evzoni-bogorodica,2026-08-14T21:08,10,10 min,anonymous,2026-08-14T19:14:55+00:00
evzoni-bogorodica,2026-08-14T22:24,5,5 min,anonymous_,2026-08-14T20:37:21+00:00
evzoni-bogorodica,2026-08-14T23:27,15,15 min,anonymous_,2026-08-14T21:42:01+00:00
evzoni-bogorodica,2026-08-15T00:03,15,15 min,anonymous,2026-08-14T22:04:43+00:00
evzoni-bogorodica,2026-08-15T00:17,15,15 min,anonymous,2026-08-14T22:19:56+00:00
evzoni-bogorodica,2026-08-15T01:27,10,10 min,anonymous_,2026-08-14T23:32:05+00:00
evzoni-bogorodica,2026-08-15T02:23,5,5 min,anonymous_,2026-08-15T00:40:35+00:00
evzoni-bogorodica,2026-08-15T03:28,15,15 min,anonymous_,2026-08-15T01:41:19+00:00
evzoni-bogorodica,2026-08-15T04:24,10,10 min,anonymous_,2026-08-15T02:31:31+00:00
evzoni-bogorodica,2026-08-15T04:50,15,15 min,anonymous,2026-08-15T02:55:31+00:00
evzoni-bogorodica,2026-08-15T05:05,15,15 min,anonymous,2026-08-15T03:10:42+00:00
evzoni-bogorodica,2026-08-15T06:02,20,20 min,anonymous,2026-08-15T04:06:47+00:00
evzoni-bogorodica,2026-08-15T07:29,40,40 min,anonymous,2026-08-15T05:41:58+00:00
evzoni-bogorodica,2026-08-15T08:36,25,25 min,anonymous,2026-08-15T06:44:28+00:00
evzoni-bogorodica,2026-08-15T08:23,35,35 min,anonymous_,2026-08-15T06:44:28+00:00
evzoni-bogorodica,2026-08-15T08:53,10,10 min,anonymous,2026-08-15T06:59:38+00:00
evzoni-bogorodica,2026-08-15T08:52,55,55 min,anonymous,2026-08-15T06:59:38+00:00
evzoni-bogorodica,2026-08-15T08:47,240,4 h,anonymous,2026-08-15T06:59:38+00:00
evzoni-bogorodica,2026-08-15T09:08,240,4 h,anonymous,2026-08-15T07:17:47+00:00
evzoni-bogorodica,2026-08-15T09:22,20,20 min,anonymous,2026-08-15T07:32:57+00:00
evzoni-bogorodica,2026-08-15T09:19,20,20 min,anonymous,2026-08-15T07:32:57+00:00
evzoni-bogorodica,2026-08-15T10:20,25,25 min,anonymous,2026-08-15T08:25:56+00:00
evzoni-bogorodica,2026-08-15T11:35,240,4 h,anonymous,2026-08-15T09:42:51+00:00
evzoni-bogorodica,2026-08-15T11:24,20,20 min,anonymous_,2026-08-15T09:42:51+00:00
evzoni-bogorodica,2026-08-15T11:55,240,4 h,anonymous,2026-08-15T10:00:23+00:00
evzoni-bogorodica,2026-08-15T11:52,240,4 h,anonymous,2026-08-15T10:00:23+00:00
evzoni-bogorodica,2026-08-15T12:31,90,1.5 h,anonymous,2026-08-15T10:35:44+00:00
evzoni-bogorodica,2026-08-15T13:18,240,4 h,anonymous,2026-08-15T11:26:15+00:00
evzoni-bogorodica,2026-08-15T13:15,150,2.5 h,anonymous,2026-08-15T11:26:15+00:00
evzoni-bogorodica,2026-08-15T13:52,240,4 h,anonymous,2026-08-15T12:06:38+00:00
evzoni-bogorodica,2026-08-15T14:08,60,60 min,anonymous,2026-08-15T12:17:04+00:00
evzoni-bogorodica,2026-08-15T14:27,150,2.5 h,anonymous,2026-08-15T12:32:15+00:00
evzoni-bogorodica,2026-08-15T14:44,120,2 h,anonymous,2026-08-15T12:47:25+00:00
evzoni-bogorodica,2026-08-15T14:58,210,3.5 h,anonymous,2026-08-15T13:02:36+00:00
evzoni-bogorodica,2026-08-15T14:49,150,2.5 h,anonymous,2026-08-15T13:02:36+00:00
evzoni-bogorodica,2026-08-15T14:58,210,3.5 h,anonymous,2026-08-15T13:03:06+00:00
evzoni-bogorodica,2026-08-15T14:49,150,2.5 h,anonymous,2026-08-15T13:03:06+00:00
evzoni-bogorodica,2026-08-15T15:10,10,10 min,anonymous,2026-08-15T13:18:33+00:00
evzoni-bogorodica,2026-08-15T15:23,180,3 h,anonymous,2026-08-15T13:33:46+00:00
evzoni-bogorodica,2026-08-15T15:19,180,3 h,anonymous,2026-08-15T13:33:46+00:00
evzoni-bogorodica,2026-08-15T15:33,240,4 h,anonymous,2026-08-15T13:38:25+00:00
evzoni-bogorodica,2026-08-15T15:50,30,30 min,anonymous,2026-08-15T13:53:37+00:00
evzoni-bogorodica,2026-08-15T15:47,240,4 h,anonymous,2026-08-15T13:53:37+00:00
evzoni-bogorodica,2026-08-15T15:45,5,5 min,anonymous,2026-08-15T13:53:37+00:00
evzoni-bogorodica,2026-08-15T15:44,5,5 min,anonymous,2026-08-15T13:53:37+00:00
evzoni-bogorodica,2026-08-15T16:04,10,10 min,anonymous,2026-08-15T14:04:54+00:00
evzoni-bogorodica,2026-08-15T16:01,240,4 h,anonymous,2026-08-15T14:04:54+00:00
evzoni-bogorodica,2026-08-15T16:19,180,3 h,anonymous,2026-08-15T14:20:06+00:00
evzoni-bogorodica,2026-08-15T16:18,30,30 min,anonymous,2026-08-15T14:20:06+00:00
evzoni-bogorodica,2026-08-15T16:31,240,4 h,anonymous,2026-08-15T14:35:18+00:00
evzoni-bogorodica,2026-08-15T16:29,25,25 min,anonymous,2026-08-15T14:35:18+00:00
evzoni-bogorodica,2026-08-15T16:27,240,4 h,anonymous,2026-08-15T14:35:18+00:00
evzoni-bogorodica,2026-08-15T16:48,15,15 min,anonymous,2026-08-15T14:50:29+00:00
evzoni-bogorodica,2026-08-15T16:53,150,2.5 h,anonymous,2026-08-15T14:56:22+00:00
evzoni-bogorodica,2026-08-15T17:10,240,4 h,anonymous,2026-08-15T15:11:35+00:00
evzoni-bogorodica,2026-08-15T17:38,300,5 h,anonymous,2026-08-15T15:46:18+00:00
evzoni-bogorodica,2026-08-15T17:58,240,4 h,anonymous,2026-08-15T16:07:41+00:00
evzoni-bogorodica,2026-08-15T18:22,15,15 min,anonymous,2026-08-15T16:22:51+00:00
evzoni-bogorodica,2026-08-15T18:21,60,60 min,anonymous,2026-08-15T16:22:51+00:00
evzoni-bogorodica,2026-08-15T18:21,300,5 h,anonymous,2026-08-15T16:22:51+00:00
evzoni-bogorodica,2026-08-15T18:09,300,5 h,anonymous,2026-08-15T16:22:51+00:00
evzoni-bogorodica,2026-08-15T18:28,10,10 min,anonymous,2026-08-15T16:36:13+00:00
evzoni-bogorodica,2026-08-15T18:26,35,35 min,anonymous,2026-08-15T16:36:13+00:00
evzoni-bogorodica,2026-08-15T18:24,240,4 h,anonymous,2026-08-15T16:36:13+00:00
evzoni-bogorodica,2026-08-15T18:22,150,2.5 h,anonymous,2026-08-15T16:36:13+00:00
evzoni-bogorodica,2026-08-15T18:48,10,10 min,anonymous,2026-08-15T16:51:23+00:00
evzoni-bogorodica,2026-08-15T19:07,150,2.5 h,anonymous,2026-08-15T17:12:55+00:00
evzoni-bogorodica,2026-08-15T19:07,210,3.5 h,anonymous,2026-08-15T17:12:55+00:00
evzoni-bogorodica,2026-08-15T19:02,150,2.5 h,anonymous,2026-08-15T17:12:55+00:00
evzoni-bogorodica,2026-08-15T19:26,180,3 h,anonymous,2026-08-15T17:28:09+00:00
evzoni-bogorodica,2026-08-15T20:04,240,4 h,anonymous,2026-08-15T18:07:58+00:00
evzoni-bogorodica,2026-08-15T20:03,180,3 h,anonymous,2026-08-15T18:07:58+00:00
evzoni-bogorodica,2026-08-15T20:03,5,5 min,anonymous,2026-08-15T18:07:58+00:00
evzoni-bogorodica,2026-08-15T19:56,240,4 h,anonymous,2026-08-15T18:07:58+00:00
evzoni-bogorodica,2026-08-15T20:23,150,2.5 h,anonymous,2026-08-15T18:23:10+00:00
evzoni-bogorodica,2026-08-15T20:18,10,10 min,anonymous,2026-08-15T18:23:10+00:00
evzoni-bogorodica,2026-08-15T20:54,240,4 h,anonymous,2026-08-15T18:58:15+00:00
evzoni-bogorodica,2026-08-15T21:05,10,10 min,anonymous,2026-08-15T19:10:21+00:00
evzoni-bogorodica,2026-08-15T21:19,90,1.5 h,anonymous,2026-08-15T19:25:32+00:00
evzoni-bogorodica,2026-08-15T21:19,10,10 min,anonymous,2026-08-15T19:25:32+00:00
evzoni-bogorodica,2026-08-15T21:46,5,5 min,anonymous,2026-08-15T19:55:26+00:00
evzoni-bogorodica,2026-08-15T22:16,120,2 h,anonymous,2026-08-15T20:30:51+00:00
evzoni-bogorodica,2026-08-15T23:26,90,1.5 h,anonymous_,2026-08-15T21:31:10+00:00
evzoni-bogorodica,2026-08-15T23:59,25,25 min,anonymous,2026-08-15T22:07:05+00:00
evzoni-bogorodica,2026-08-15T23:58,40,40 min,anonymous,2026-08-15T22:07:05+00:00
evzoni-bogorodica,2026-08-16T00:54,5,5 min,anonymous,2026-08-15T22:57:17+00:00
evzoni-bogorodica,2026-08-16T01:53,10,10 min,anonymous_,2026-08-16T00:07:23+00:00
evzoni-bogorodica,2026-08-16T02:57,5,5 min,anonymous_,2026-08-16T01:05:05+00:00
evzoni-bogorodica,2026-08-16T03:55,15,15 min,anonymous_,2026-08-16T02:06:04+00:00
evzoni-bogorodica,2026-08-16T04:53,10,10 min,anonymous_,2026-08-16T03:13:07+00:00
evzoni-bogorodica,2026-08-16T05:54,5,5 min,anonymous_,2026-08-16T04:01:39+00:00
evzoni-bogorodica,2026-08-16T06:56,15,15 min,anonymous_,2026-08-16T05:02:13+00:00
evzoni-bogorodica,2026-08-16T07:54,10,10 min,anonymous_,2026-08-16T06:03:31+00:00
evzoni-bogorodica,2026-08-16T08:57,5,5 min,anonymous_,2026-08-16T07:01:12+00:00
evzoni-bogorodica,2026-08-16T09:34,240,4 h,anonymous,2026-08-16T07:34:45+00:00
evzoni-bogorodica,2026-08-16T09:57,30,30 min,anonymous,2026-08-16T08:11:18+00:00
evzoni-bogorodica,2026-08-16T09:57,30,30 min,anonymous,2026-08-16T08:11:43+00:00
evzoni-bogorodica,2026-08-16T10:19,30,30 min,anonymous,2026-08-16T08:26:54+00:00
evzoni-bogorodica,2026-08-16T11:25,50,50 min,anonymous,2026-08-16T09:33:06+00:00
evzoni-bogorodica,2026-08-16T11:18,45,45 min,anonymous,2026-08-16T09:33:06+00:00
evzoni-bogorodica,2026-08-16T11:33,90,1.5 h,anonymous,2026-08-16T09:46:37+00:00
evzoni-bogorodica,2026-08-16T12:23,270,4.5 h,anonymous,2026-08-16T10:23:44+00:00
evzoni-bogorodica,2026-08-16T12:59,40,40 min,anonymous,2026-08-16T11:03:46+00:00
evzoni-bogorodica,2026-08-16T13:03,30,30 min,anonymous,2026-08-16T11:19:06+00:00
evzoni-bogorodica,2026-08-16T13:20,5,5 min,anonymous,2026-08-16T11:30:58+00:00
evzoni-bogorodica,2026-08-16T13:36,5,5 min,anonymous,2026-08-16T11:46:10+00:00
evzoni-bogorodica,2026-08-16T13:31,90,1.5 h,anonymous,2026-08-16T11:46:10+00:00
evzoni-bogorodica,2026-08-16T13:48,60,60 min,anonymous,2026-08-16T11:52:31+00:00
evzoni-bogorodica,2026-08-16T14:18,40,40 min,anonymous,2026-08-16T12:22:57+00:00
evzoni-bogorodica,2026-08-16T14:29,15,15 min,anonymous,2026-08-16T12:38:07+00:00
evzoni-bogorodica,2026-08-16T14:50,10,10 min,anonymous,2026-08-16T12:53:38+00:00
evzoni-bogorodica,2026-08-16T14:47,90,1.5 h,anonymous,2026-08-16T12:53:38+00:00
evzoni-bogorodica,2026-08-16T14:45,30,30 min,anonymous,2026-08-16T12:53:38+00:00
evzoni-bogorodica,2026-08-16T14:54,10,10 min,anonymous,2026-08-16T12:56:51+00:00
evzoni-bogorodica,2026-08-16T15:10,30,30 min,anonymous,2026-08-16T13:12:03+00:00
evzoni-bogorodica,2026-08-16T15:05,5,5 min,anonymous,2026-08-16T13:12:03+00:00
evzoni-bogorodica,2026-08-16T15:26,15,15 min,anonymous,2026-08-16T13:27:15+00:00
evzoni-bogorodica,2026-08-16T15:19,5,5 min,anonymous,2026-08-16T13:27:15+00:00
evzoni-bogorodica,2026-08-16T15:53,90,1.5 h,anonymous,2026-08-16T13:54:31+00:00
evzoni-bogorodica,2026-08-16T16:03,5,5 min,anonymous,2026-08-16T14:08:54+00:00
evzoni-bogorodica,2026-08-16T15:54,240,4 h,anonymous,2026-08-16T14:08:54+00:00
evzoni-bogorodica,2026-08-16T16:23,50,50 min,anonymous,2026-08-16T14:24:07+00:00
evzoni-bogorodica,2026-08-16T16:30,240,4 h,anonymous,2026-08-16T14:39:20+00:00
evzoni-bogorodica,2026-08-16T17:03,35,35 min,anonymous,2026-08-16T15:03:51+00:00
evzoni-bogorodica,2026-08-16T17:36,90,1.5 h,anonymous,2026-08-16T15:47:56+00:00
evzoni-bogorodica,2026-08-16T17:35,15,15 min,anonymous,2026-08-16T15:47:56+00:00
evzoni-bogorodica,2026-08-16T18:05,10,10 min,anonymous,2026-08-16T16:08:30+00:00
evzoni-bogorodica,2026-08-16T18:00,20,20 min,anonymous,2026-08-16T16:08:30+00:00
evzoni-bogorodica,2026-08-16T18:40,50,50 min,anonymous,2026-08-16T16:52:16+00:00
evzoni-bogorodica,2026-08-16T19:57,45,45 min,anonymous_,2026-08-16T18:06:46+00:00
evzoni-bogorodica,2026-08-16T20:20,60,60 min,anonymous,2026-08-16T18:29:42+00:00
evzoni-bogorodica,2026-08-16T20:17,15,15 min,anonymous,2026-08-16T18:29:42+00:00
evzoni-bogorodica,2026-08-16T21:00,45,45 min,anonymous,2026-08-16T19:05:46+00:00
evzoni-bogorodica,2026-08-16T21:21,50,50 min,anonymous,2026-08-16T19:27:16+00:00
evzoni-bogorodica,2026-08-16T21:42,50,50 min,anonymous,2026-08-16T19:54:20+00:00
evzoni-bogorodica,2026-08-16T22:34,60,60 min,anonymous,2026-08-16T20:49:03+00:00
evzoni-bogorodica,2026-08-16T23:16,90,1.5 h,anonymous,2026-08-16T21:24:52+00:00
evzoni-bogorodica,2026-08-17T00:03,120,2 h,anonymous,2026-08-16T22:06:54+00:00
evzoni-bogorodica,2026-08-17T00:02,90,1.5 h,anonymous,2026-08-16T22:06:54+00:00
evzoni-bogorodica,2026-08-16T23:59,150,2.5 h,anonymous,2026-08-16T22:06:54+00:00
evzoni-bogorodica,2026-08-17T00:23,120,2 h,anonymous,2026-08-16T22:26:51+00:00
evzoni-bogorodica,2026-08-17T00:21,90,1.5 h,anonymous,2026-08-16T22:26:51+00:00
evzoni-bogorodica,2026-08-17T00:52,90,1.5 h,anonymous,2026-08-16T22:56:30+00:00
evzoni-bogorodica,2026-08-17T00:51,90,1.5 h,anonymous,2026-08-16T22:56:30+00:00
evzoni-bogorodica,2026-08-17T01:59,60,60 min,anonymous_,2026-08-17T00:06:59+00:00
evzoni-bogorodica,2026-08-17T02:56,55,55 min,anonymous_,2026-08-17T01:13:38+00:00
evzoni-bogorodica,2026-08-17T03:56,50,50 min,anonymous_,2026-08-17T02:10:43+00:00
evzoni-bogorodica,2026-08-17T04:54,45,45 min,anonymous_,2026-08-17T03:11:29+00:00
evzoni-bogorodica,2026-08-17T05:56,40,40 min,anonymous_,2026-08-17T04:01:24+00:00
evzoni-bogorodica,2026-08-17T06:59,35,35 min,anonymous_,2026-08-17T05:10:50+00:00
evzoni-bogorodica,2026-08-17T07:57,30,30 min,anonymous,2026-08-17T06:00:10+00:00
evzoni-bogorodica,2026-08-17T08:43,45,45 min,anonymous,2026-08-17T06:53:40+00:00
evzoni-bogorodica,2026-08-17T09:23,25,25 min,anonymous,2026-08-17T07:24:03+00:00
evzoni-bogorodica,2026-08-17T10:36,15,15 min,anonymous,2026-08-17T08:37:46+00:00
evzoni-bogorodica,2026-08-17T10:28,20,20 min,anonymous_,2026-08-17T08:37:46+00:00
evzoni-bogorodica,2026-08-17T11:05,50,50 min,anonymous,2026-08-17T09:08:09+00:00
evzoni-bogorodica,2026-08-17T12:26,45,45 min,anonymous_,2026-08-17T10:33:31+00:00
evzoni-bogorodica,2026-08-17T13:39,40,40 min,anonymous,2026-08-17T11:41:58+00:00
evzoni-bogorodica,2026-08-17T13:29,55,55 min,anonymous,2026-08-17T11:41:58+00:00
evzoni-bogorodica,2026-08-17T13:42,120,2 h,anonymous,2026-08-17T11:45:08+00:00
evzoni-bogorodica,2026-08-17T14:53,90,1.5 h,anonymous_,2026-08-17T13:11:03+00:00
evzoni-bogorodica,2026-08-17T15:42,15,15 min,anonymous,2026-08-17T13:55:52+00:00
evzoni-bogorodica,2026-08-17T15:56,30,30 min,anonymous,2026-08-17T14:11:05+00:00
evzoni-bogorodica,2026-08-17T16:35,35,35 min,anonymous,2026-08-17T14:38:25+00:00
evzoni-bogorodica,2026-08-17T16:42,25,25 min,anonymous,2026-08-17T14:53:37+00:00
evzoni-bogorodica,2026-08-17T17:59,20,20 min,anonymous_,2026-08-17T16:09:47+00:00
evzoni-bogorodica,2026-08-17T18:55,15,15 min,anonymous_,2026-08-17T17:05:23+00:00
evzoni-bogorodica,2026-08-17T19:27,10,10 min,anonymous,2026-08-17T17:29:54+00:00
evzoni-bogorodica,2026-08-17T19:48,5,5 min,anonymous,2026-08-17T17:49:02+00:00
evzoni-bogorodica,2026-08-17T20:10,20,20 min,anonymous,2026-08-17T18:16:37+00:00
evzoni-bogorodica,2026-08-17T21:02,20,20 min,anonymous,2026-08-17T19:03:04+00:00
evzoni-bogorodica,2026-08-17T21:52,10,10 min,anonymous,2026-08-17T19:57:13+00:00
evzoni-bogorodica,2026-08-17T22:02,10,10 min,anonymous,2026-08-17T20:12:25+00:00
evzoni-bogorodica,2026-08-17T22:27,5,5 min,anonymous,2026-08-17T20:38:18+00:00
evzoni-bogorodica,2026-08-17T23:26,10,10 min,anonymous_,2026-08-17T21:42:31+00:00
evzoni-bogorodica,2026-08-18T00:23,5,5 min,anonymous_,2026-08-17T22:38:50+00:00
evzoni-bogorodica,2026-08-18T01:27,10,10 min,anonymous_,2026-08-17T23:38:57+00:00
evzoni-bogorodica,2026-08-18T02:23,5,5 min,anonymous_,2026-08-18T00:33:14+00:00
evzoni-bogorodica,2026-08-18T03:28,10,10 min,anonymous_,2026-08-18T01:33:56+00:00
evzoni-bogorodica,2026-08-18T04:26,5,5 min,anonymous_,2026-08-18T02:32:40+00:00
evzoni-bogorodica,2026-08-18T05:17,5,5 min,anonymous,2026-08-18T03:29:41+00:00
evzoni-bogorodica,2026-08-18T06:23,10,10 min,anonymous_,2026-08-18T04:33:04+00:00
evzoni-bogorodica,2026-08-18T07:29,5,5 min,anonymous_,2026-08-18T05:39:14+00:00
evzoni-bogorodica,2026-08-18T08:28,15,15 min,anonymous_,2026-08-18T06:32:46+00:00
evzoni-bogorodica,2026-08-18T09:11,15,15 min,anonymous,2026-08-18T07:24:55+00:00
evzoni-bogorodica,2026-08-18T10:26,10,10 min,anonymous_,2026-08-18T08:43:00+00:00
evzoni-bogorodica,2026-08-18T10:44,30,30 min,anonymous,2026-08-18T08:49:54+00:00
evzoni-bogorodica,2026-08-18T11:37,50,50 min,anonymous,2026-08-18T09:48:50+00:00
evzoni-bogorodica,2026-08-18T12:04,60,60 min,anonymous,2026-08-18T10:08:53+00:00
evzoni-bogorodica,2026-08-18T12:30,60,60 min,anonymous,2026-08-18T10:39:14+00:00
evzoni-bogorodica,2026-08-18T12:42,90,1.5 h,anonymous,2026-08-18T10:55:46+00:00
evzoni-bogorodica,2026-08-18T13:38,30,30 min,anonymous,2026-08-18T11:41:39+00:00
evzoni-bogorodica,2026-08-18T14:28,30,30 min,anonymous,2026-08-18T12:30:55+00:00
evzoni-bogorodica,2026-08-18T14:57,150,2.5 h,anonymous,2026-08-18T13:01:19+00:00
evzoni-bogorodica,2026-08-18T15:12,30,30 min,anonymous,2026-08-18T13:13:37+00:00
evzoni-bogorodica,2026-08-18T15:08,240,4 h,anonymous,2026-08-18T13:13:37+00:00
evzoni-bogorodica,2026-08-18T15:50,90,1.5 h,anonymous,2026-08-18T13:59:07+00:00
evzoni-bogorodica,2026-08-18T16:53,60,60 min,anonymous_,2026-08-18T15:02:19+00:00
evzoni-bogorodica,2026-08-18T17:14,20,20 min,anonymous,2026-08-18T15:16:40+00:00
evzoni-bogorodica,2026-08-18T17:06,5,5 min,anonymous,2026-08-18T15:16:40+00:00
evzoni-bogorodica,2026-08-18T17:28,15,15 min,anonymous,2026-08-18T15:31:52+00:00
evzoni-bogorodica,2026-08-18T18:01,150,2.5 h,anonymous,2026-08-18T16:07:18+00:00
evzoni-bogorodica,2026-08-18T17:54,5,5 min,anonymous,2026-08-18T16:07:18+00:00
evzoni-bogorodica,2026-08-18T18:19,10,10 min,anonymous,2026-08-18T16:20:00+00:00
evzoni-bogorodica,2026-08-18T19:32,5,5 min,anonymous,2026-08-18T17:37:34+00:00
evzoni-bogorodica,2026-08-18T19:25,5,5 min,anonymous_,2026-08-18T17:37:34+00:00
evzoni-bogorodica,2026-08-18T21:05,180,3 h,anonymous,2026-08-18T19:08:35+00:00
evzoni-bogorodica,2026-08-18T20:53,10,10 min,anonymous_,2026-08-18T19:08:35+00:00
evzoni-bogorodica,2026-08-18T21:11,25,25 min,anonymous,2026-08-18T19:23:48+00:00
evzoni-bogorodica,2026-08-18T21:42,30,30 min,anonymous,2026-08-18T19:50:44+00:00
evzoni-bogorodica,2026-08-18T21:41,35,35 min,anonymous,2026-08-18T19:50:44+00:00
evzoni-bogorodica,2026-08-18T22:04,5,5 min,anonymous,2026-08-18T20:09:25+00:00
evzoni-bogorodica,2026-08-18T23:24,10,10 min,anonymous_,2026-08-18T21:34:46+00:00
evzoni-bogorodica,2026-08-19T00:29,5,5 min,anonymous_,2026-08-18T22:36:27+00:00
evzoni-bogorodica,2026-08-19T01:27,10,10 min,anonymous_,2026-08-18T23:32:10+00:00
evzoni-bogorodica,2026-08-19T02:29,5,5 min,anonymous_,2026-08-19T00:38:51+00:00
evzoni-bogorodica,2026-08-19T03:24,15,15 min,anonymous_,2026-08-19T01:39:30+00:00
evzoni-bogorodica,2026-08-19T04:23,10,10 min,anonymous_,2026-08-19T02:34:17+00:00
evzoni-bogorodica,2026-08-19T05:23,5,5 min,anonymous_,2026-08-19T03:31:17+00:00
evzoni-bogorodica,2026-08-19T06:26,10,10 min,anonymous_,2026-08-19T04:34:04+00:00
evzoni-bogorodica,2026-08-19T07:28,5,5 min,anonymous_,2026-08-19T05:40:56+00:00
evzoni-bogorodica,2026-08-19T08:25,15,15 min,anonymous_,2026-08-19T06:33:37+00:00
evzoni-bogorodica,2026-08-19T09:29,10,10 min,anonymous_,2026-08-19T07:41:07+00:00
evzoni-bogorodica,2026-08-19T10:17,25,25 min,anonymous,2026-08-19T08:28:01+00:00
evzoni-bogorodica,2026-08-19T10:57,40,40 min,anonymous,2026-08-19T09:05:56+00:00
evzoni-bogorodica,2026-08-19T12:07,40,40 min,anonymous,2026-08-19T10:10:09+00:00
evzoni-bogorodica,2026-08-19T11:59,35,35 min,anonymous_,2026-08-19T10:10:09+00:00
evzoni-bogorodica,2026-08-19T12:19,50,50 min,anonymous,2026-08-19T10:25:21+00:00
evzoni-bogorodica,2026-08-19T12:47,50,50 min,anonymous,2026-08-19T10:55:48+00:00
evzoni-bogorodica,2026-08-19T13:50,5,5 min,anonymous,2026-08-19T12:00:09+00:00
evzoni-bogorodica,2026-08-19T14:12,55,55 min,anonymous,2026-08-19T12:15:14+00:00
evzoni-bogorodica,2026-08-19T15:11,15,15 min,anonymous,2026-08-19T13:15:46+00:00
evzoni-bogorodica,2026-08-19T16:28,10,10 min,anonymous_,2026-08-19T14:32:27+00:00
evzoni-bogorodica,2026-08-19T17:27,5,5 min,anonymous_,2026-08-19T15:31:27+00:00
evzoni-bogorodica,2026-08-19T17:36,10,10 min,anonymous,2026-08-19T15:46:39+00:00
evzoni-bogorodica,2026-08-19T18:33,5,5 min,anonymous,2026-08-19T16:48:18+00:00
evzoni-bogorodica,2026-08-19T19:58,15,15 min,anonymous_,2026-08-19T18:01:51+00:00
evzoni-bogorodica,2026-08-19T20:26,10,10 min,anonymous,2026-08-19T18:28:11+00:00
evzoni-bogorodica,2026-08-19T21:24,5,5 min,anonymous_,2026-08-19T19:34:36+00:00
evzoni-bogorodica,2026-08-19T22:25,10,10 min,anonymous,2026-08-19T20:26:14+00:00
evzoni-bogorodica,2026-08-19T22:49,10,10 min,anonymous,2026-08-19T20:54:52+00:00
evzoni-bogorodica,2026-08-19T23:53,5,5 min,anonymous_,2026-08-19T22:00:36+00:00
evzoni-bogorodica,2026-08-20T00:59,15,15 min,anonymous_,2026-08-19T23:01:27+00:00
evzoni-bogorodica,2026-08-20T01:53,10,10 min,anonymous_,2026-08-20T00:12:28+00:00
evzoni-bogorodica,2026-08-20T02:55,5,5 min,anonymous_,2026-08-20T01:09:31+00:00
evzoni-bogorodica,2026-08-20T03:59,10,10 min,anonymous_,2026-08-20T02:04:37+00:00
evzoni-bogorodica,2026-08-20T04:56,5,5 min,anonymous_,2026-08-20T03:05:19+00:00
evzoni-bogorodica,2026-08-20T05:54,15,15 min,anonymous_,2026-08-20T04:11:56+00:00
evzoni-bogorodica,2026-08-20T06:55,10,10 min,anonymous_,2026-08-20T05:03:41+00:00
evzoni-bogorodica,2026-08-20T07:54,5,5 min,anonymous_,2026-08-20T06:06:38+00:00
evzoni-bogorodica,2026-08-20T08:19,60,60 min,anonymous,2026-08-20T06:21:49+00:00
evzoni-bogorodica,2026-08-20T09:24,55,55 min,anonymous_,2026-08-20T07:40:50+00:00
evzoni-bogorodica,2026-08-20T09:44,30,30 min,anonymous,2026-08-20T07:56:01+00:00
evzoni-bogorodica,2026-08-20T10:58,25,25 min,anonymous_,2026-08-20T09:00:19+00:00
evzoni-bogorodica,2026-08-20T11:49,120,2 h,anonymous,2026-08-20T10:01:33+00:00
evzoni-bogorodica,2026-08-20T12:49,10,10 min,anonymous,2026-08-20T10:52:10+00:00
evzoni-bogorodica,2026-08-20T12:54,90,1.5 h,anonymous,2026-08-20T11:07:21+00:00
evzoni-bogorodica,2026-08-20T13:17,120,2 h,anonymous,2026-08-20T11:19:04+00:00
evzoni-bogorodica,2026-08-20T13:57,120,2 h,anonymous,2026-08-20T12:03:47+00:00
evzoni-bogorodica,2026-08-20T14:12,120,2 h,anonymous,2026-08-20T12:16:53+00:00
evzoni-bogorodica,2026-08-20T14:04,150,2.5 h,anonymous,2026-08-20T12:16:53+00:00
evzoni-bogorodica,2026-08-20T14:25,150,2.5 h,anonymous,2026-08-20T12:32:09+00:00
evzoni-bogorodica,2026-08-20T14:17,150,2.5 h,anonymous,2026-08-20T12:32:09+00:00
evzoni-bogorodica,2026-08-20T15:07,120,2 h,anonymous,2026-08-20T13:17:07+00:00
evzoni-bogorodica,2026-08-20T15:07,50,50 min,anonymous,2026-08-20T13:17:07+00:00
evzoni-bogorodica,2026-08-20T16:09,10,10 min,anonymous,2026-08-20T14:20:25+00:00
evzoni-bogorodica,2026-08-20T16:46,90,1.5 h,anonymous,2026-08-20T14:50:51+00:00
evzoni-bogorodica,2026-08-20T16:46,90,1.5 h,anonymous,2026-08-20T14:51:25+00:00
evzoni-bogorodica,2026-08-20T16:54,240,4 h,anonymous,2026-08-20T15:06:42+00:00
evzoni-bogorodica,2026-08-20T17:26,10,10 min,anonymous,2026-08-20T15:38:40+00:00
evzoni-bogorodica,2026-08-20T17:50,90,1.5 h,anonymous,2026-08-20T15:53:53+00:00
evzoni-bogorodica,2026-08-20T18:49,60,60 min,anonymous,2026-08-20T17:02:56+00:00
evzoni-bogorodica,2026-08-20T19:18,15,15 min,anonymous,2026-08-20T17:30:52+00:00
evzoni-bogorodica,2026-08-20T19:53,60,60 min,anonymous,2026-08-20T18:06:14+00:00
evzoni-bogorodica,2026-08-20T20:53,55,55 min,anonymous_,2026-08-20T19:07:08+00:00
evzoni-bogorodica,2026-08-20T21:58,25,25 min,anonymous,2026-08-20T20:05:40+00:00
evzoni-bogorodica,2026-08-20T22:11,10,10 min,anonymous,2026-08-20T20:14:21+00:00
evzoni-bogorodica,2026-08-20T22:17,10,10 min,anonymous,2026-08-20T20:29:34+00:00
evzoni-bogorodica,2026-08-20T22:38,10,10 min,anonymous,2026-08-20T20:44:50+00:00
evzoni-bogorodica,2026-08-20T22:54,30,30 min,anonymous,2026-08-20T21:06:43+00:00
evzoni-bogorodica,2026-08-20T23:17,10,10 min,anonymous,2026-08-20T21:18:31+00:00
evzoni-bogorodica,2026-08-20T23:22,5,5 min,anonymous,2026-08-20T21:33:41+00:00
evzoni-bogorodica,2026-08-21T00:27,10,10 min,anonymous_,2026-08-20T22:42:37+00:00
evzoni-bogorodica,2026-08-21T01:23,5,5 min,anonymous_,2026-08-20T23:42:53+00:00
evzoni-bogorodica,2026-08-21T02:23,10,10 min,anonymous_,2026-08-21T00:41:14+00:00
evzoni-bogorodica,2026-08-21T03:23,5,5 min,anonymous_,2026-08-21T01:41:55+00:00
evzoni-bogorodica,2026-08-21T04:27,10,10 min,anonymous_,2026-08-21T02:40:44+00:00
evzoni-bogorodica,2026-08-21T05:25,5,5 min,anonymous_,2026-08-21T03:40:58+00:00
evzoni-bogorodica,2026-08-21T06:24,10,10 min,anonymous_,2026-08-21T04:34:53+00:00
evzoni-bogorodica,2026-08-21T07:24,5,5 min,anonymous_,2026-08-21T05:43:12+00:00
evzoni-bogorodica,2026-08-21T08:27,10,10 min,anonymous_,2026-08-21T06:35:01+00:00
evzoni-bogorodica,2026-08-21T09:27,5,5 min,anonymous_,2026-08-21T07:43:54+00:00
evzoni-bogorodica,2026-08-21T10:11,20,20 min,anonymous,2026-08-21T08:16:22+00:00
evzoni-bogorodica,2026-08-21T10:27,180,3 h,anonymous,2026-08-21T08:31:32+00:00
evzoni-bogorodica,2026-08-21T11:28,150,2.5 h,anonymous_,2026-08-21T09:39:16+00:00
evzoni-bogorodica,2026-08-21T12:28,270,4.5 h,anonymous,2026-08-21T10:30:40+00:00
evzoni-bogorodica,2026-08-21T13:24,240,4 h,anonymous_,2026-08-21T11:35:47+00:00
evzoni-bogorodica,2026-08-21T13:55,60,60 min,anonymous,2026-08-21T11:59:20+00:00
evzoni-bogorodica,2026-08-21T14:08,300,5 h,anonymous,2026-08-21T12:14:33+00:00
evzoni-bogorodica,2026-08-21T15:29,300,5 h,anonymous,2026-08-21T13:36:09+00:00
evzoni-bogorodica,2026-08-21T16:01,420,7 h,anonymous,2026-08-21T14:10:49+00:00
evzoni-bogorodica,2026-08-21T16:22,300,5 h,anonymous,2026-08-21T14:26:00+00:00
evzoni-bogorodica,2026-08-21T17:24,270,4.5 h,anonymous_,2026-08-21T15:33:49+00:00
evzoni-bogorodica,2026-08-21T18:25,240,4 h,anonymous_,2026-08-21T16:39:09+00:00
evzoni-bogorodica,2026-08-21T19:07,30,30 min,anonymous,2026-08-21T17:14:54+00:00
evzoni-bogorodica,2026-08-21T20:15,5,5 min,anonymous,2026-08-21T18:18:16+00:00
evzoni-bogorodica,2026-08-21T20:40,15,15 min,anonymous,2026-08-21T18:48:42+00:00
evzoni-bogorodica,2026-08-21T21:30,25,25 min,anonymous,2026-08-21T19:32:51+00:00
evzoni-bogorodica,2026-08-21T21:49,40,40 min,anonymous,2026-08-21T19:52:23+00:00
evzoni-bogorodica,2026-08-21T22:16,35,35 min,anonymous,2026-08-21T20:16:50+00:00
evzoni-bogorodica,2026-08-21T23:29,30,30 min,anonymous_,2026-08-21T21:40:22+00:00
evzoni-bogorodica,2026-08-22T00:23,25,25 min,anonymous_,2026-08-21T22:36:57+00:00
evzoni-bogorodica,2026-08-22T01:28,20,20 min,anonymous_,2026-08-21T23:39:54+00:00
evzoni-bogorodica,2026-08-22T02:26,15,15 min,anonymous_,2026-08-22T00:38:50+00:00
evzoni-bogorodica,2026-08-22T03:25,10,10 min,anonymous_,2026-08-22T01:39:39+00:00
evzoni-bogorodica,2026-08-22T04:25,5,5 min,anonymous_,2026-08-22T02:33:14+00:00
evzoni-bogorodica,2026-08-22T05:24,10,10 min,anonymous_,2026-08-22T03:33:57+00:00
evzoni-bogorodica,2026-08-22T06:23,5,5 min,anonymous_,2026-08-22T04:39:52+00:00
evzoni-bogorodica,2026-08-22T07:26,10,10 min,anonymous_,2026-08-22T05:32:44+00:00
evzoni-bogorodica,2026-08-22T08:05,25,25 min,anonymous,2026-08-22T06:07:52+00:00
evzoni-bogorodica,2026-08-22T08:18,20,20 min,anonymous,2026-08-22T06:30:05+00:00
evzoni-bogorodica,2026-08-22T08:48,90,1.5 h,anonymous,2026-08-22T07:00:58+00:00
evzoni-bogorodica,2026-08-22T09:02,60,60 min,anonymous,2026-08-22T07:04:54+00:00
evzoni-bogorodica,2026-08-22T09:36,5,5 min,anonymous,2026-08-22T07:41:16+00:00
evzoni-bogorodica,2026-08-22T10:24,45,45 min,anonymous,2026-08-22T08:27:24+00:00
evzoni-bogorodica,2026-08-22T10:55,60,60 min,anonymous,2026-08-22T09:07:27+00:00
evzoni-bogorodica,2026-08-22T11:29,90,1.5 h,anonymous,2026-08-22T09:34:22+00:00
evzoni-bogorodica,2026-08-22T12:25,60,60 min,anonymous_,2026-08-22T10:38:06+00:00
evzoni-bogorodica,2026-08-22T12:53,90,1.5 h,anonymous,2026-08-22T10:59:20+00:00
evzoni-bogorodica,2026-08-22T13:47,240,4 h,anonymous,2026-08-22T11:47:38+00:00
evzoni-bogorodica,2026-08-22T14:23,60,60 min,anonymous,2026-08-22T12:38:46+00:00
evzoni-bogorodica,2026-08-22T14:40,90,1.5 h,anonymous,2026-08-22T12:53:57+00:00
evzoni-bogorodica,2026-08-22T15:55,60,60 min,anonymous_,2026-08-22T14:03:23+00:00
evzoni-bogorodica,2026-08-22T16:12,30,30 min,anonymous,2026-08-22T14:18:33+00:00
evzoni-bogorodica,2026-08-22T16:27,5,5 min,anonymous,2026-08-22T14:33:52+00:00
evzoni-bogorodica,2026-08-22T16:27,60,60 min,anonymous,2026-08-22T14:33:52+00:00
evzoni-bogorodica,2026-08-22T16:46,30,30 min,anonymous,2026-08-22T14:49:04+00:00
evzoni-bogorodica,2026-08-22T17:08,60,60 min,anonymous,2026-08-22T15:09:58+00:00
evzoni-bogorodica,2026-08-22T17:17,300,5 h,anonymous,2026-08-22T15:25:10+00:00
evzoni-bogorodica,2026-08-22T18:24,270,4.5 h,anonymous_,2026-08-22T16:36:11+00:00
evzoni-bogorodica,2026-08-22T18:37,30,30 min,anonymous,2026-08-22T16:51:23+00:00
evzoni-bogorodica,2026-08-22T19:58,25,25 min,anonymous_,2026-08-22T18:08:38+00:00
evzoni-bogorodica,2026-08-22T20:56,20,20 min,anonymous_,2026-08-22T19:05:29+00:00
evzoni-bogorodica,2026-08-22T21:12,25,25 min,anonymous,2026-08-22T19:26:19+00:00
evzoni-bogorodica,2026-08-22T22:30,35,35 min,anonymous,2026-08-22T20:31:45+00:00
evzoni-bogorodica,2026-08-22T22:34,50,50 min,anonymous,2026-08-22T20:35:01+00:00
evzoni-bogorodica,2026-08-22T23:39,10,10 min,anonymous,2026-08-22T21:46:33+00:00
evzoni-bogorodica,2026-08-23T00:53,15,15 min,anonymous,2026-08-22T22:54:22+00:00
evzoni-bogorodica,2026-08-23T01:54,10,10 min,anonymous_,2026-08-23T00:07:54+00:00
evzoni-bogorodica,2026-08-23T02:55,5,5 min,anonymous_,2026-08-23T01:08:54+00:00
evzoni-bogorodica,2026-08-23T04:03,30,30 min,anonymous,2026-08-23T02:11:39+00:00
evzoni-bogorodica,2026-08-23T03:57,15,15 min,anonymous_,2026-08-23T02:11:39+00:00
evzoni-bogorodica,2026-08-23T05:39,25,25 min,anonymous,2026-08-23T03:42:24+00:00
evzoni-bogorodica,2026-08-23T05:26,25,25 min,anonymous_,2026-08-23T03:42:24+00:00
evzoni-bogorodica,2026-08-23T06:41,40,40 min,anonymous,2026-08-23T04:49:28+00:00
evzoni-bogorodica,2026-08-23T07:00,5,5 min,anonymous,2026-08-23T05:04:39+00:00
evzoni-bogorodica,2026-08-23T06:51,35,35 min,anonymous,2026-08-23T05:04:39+00:00
evzoni-bogorodica,2026-08-23T07:53,10,10 min,anonymous_,2026-08-23T06:05:21+00:00
evzoni-bogorodica,2026-08-23T08:16,20,20 min,anonymous,2026-08-23T06:18:25+00:00
evzoni-bogorodica,2026-08-23T08:52,30,30 min,anonymous,2026-08-23T07:03:59+00:00
evzoni-bogorodica,2026-08-23T09:57,25,25 min,anonymous_,2026-08-23T08:00:41+00:00
evzoni-bogorodica,2026-08-23T10:55,20,20 min,anonymous_,2026-08-23T09:07:54+00:00
evzoni-bogorodica,2026-08-23T11:30,45,45 min,anonymous,2026-08-23T09:37:40+00:00
evzoni-bogorodica,2026-08-23T11:38,45,45 min,anonymous,2026-08-23T09:52:53+00:00
evzoni-bogorodica,2026-08-23T12:19,90,1.5 h,anonymous,2026-08-23T10:23:47+00:00
evzoni-bogorodica,2026-08-23T12:10,90,1.5 h,anonymous,2026-08-23T10:23:47+00:00
evzoni-bogorodica,2026-08-23T12:32,90,1.5 h,anonymous,2026-08-23T10:38:59+00:00
evzoni-bogorodica,2026-08-23T13:38,120,2 h,anonymous,2026-08-23T11:40:32+00:00
evzoni-bogorodica,2026-08-23T13:51,90,1.5 h,anonymous,2026-08-23T11:55:44+00:00
evzoni-bogorodica,2026-08-23T14:21,90,1.5 h,anonymous,2026-08-23T12:32:06+00:00
evzoni-bogorodica,2026-08-23T15:04,60,60 min,anonymous,2026-08-23T13:13:09+00:00
evzoni-bogorodica,2026-08-23T15:03,90,1.5 h,anonymous,2026-08-23T13:13:09+00:00
evzoni-bogorodica,2026-08-23T16:14,30,30 min,anonymous,2026-08-23T14:24:36+00:00
evzoni-bogorodica,2026-08-23T16:53,60,60 min,anonymous,2026-08-23T14:59:28+00:00
evzoni-bogorodica,2026-08-23T17:18,40,40 min,anonymous,2026-08-23T15:22:46+00:00
evzoni-bogorodica,2026-08-23T17:54,25,25 min,anonymous,2026-08-23T15:56:32+00:00
evzoni-bogorodica,2026-08-23T17:57,35,35 min,anonymous,2026-08-23T16:02:06+00:00
evzoni-bogorodica,2026-08-23T18:07,25,25 min,anonymous,2026-08-23T16:17:17+00:00
evzoni-bogorodica,2026-08-23T18:36,30,30 min,anonymous,2026-08-23T16:37:35+00:00
evzoni-bogorodica,2026-08-23T19:57,25,25 min,anonymous_,2026-08-23T18:01:16+00:00
evzoni-bogorodica,2026-08-23T20:20,25,25 min,anonymous,2026-08-23T18:31:37+00:00
evzoni-bogorodica,2026-08-23T20:42,40,40 min,anonymous,2026-08-23T18:44:15+00:00
evzoni-bogorodica,2026-08-23T20:55,5,5 min,anonymous,2026-08-23T18:59:27+00:00
evzoni-bogorodica,2026-08-23T21:02,55,55 min,anonymous,2026-08-23T19:11:17+00:00
evzoni-bogorodica,2026-08-23T21:52,50,50 min,anonymous,2026-08-23T19:56:19+00:00
evzoni-bogorodica,2026-08-23T21:49,40,40 min,anonymous,2026-08-23T19:56:19+00:00
evzoni-bogorodica,2026-08-23T23:02,90,1.5 h,anonymous,2026-08-23T21:11:22+00:00
evzoni-bogorodica,2026-08-23T23:02,120,2 h,anonymous,2026-08-23T21:11:22+00:00
evzoni-bogorodica,2026-08-23T22:58,60,60 min,anonymous,2026-08-23T21:11:22+00:00
evzoni-bogorodica,2026-08-23T23:22,90,1.5 h,anonymous,2026-08-23T21:26:33+00:00
evzoni-bogorodica,2026-08-23T23:42,50,50 min,anonymous,2026-08-23T21:46:40+00:00
evzoni-bogorodica,2026-08-24T00:07,60,60 min,anonymous,2026-08-23T22:07:59+00:00
evzoni-bogorodica,2026-08-24T01:23,55,55 min,anonymous_,2026-08-23T23:31:02+00:00
evzoni-bogorodica,2026-08-24T02:23,50,50 min,anonymous_,2026-08-24T00:38:13+00:00
evzoni-bogorodica,2026-08-24T02:38,30,30 min,anonymous,2026-08-24T00:53:34+00:00
evzoni-bogorodica,2026-08-24T03:30,15,15 min,anonymous,2026-08-24T01:39:07+00:00
evzoni-bogorodica,2026-08-24T04:27,10,10 min,anonymous_,2026-08-24T02:39:17+00:00
evzoni-bogorodica,2026-08-24T05:38,60,60 min,anonymous,2026-08-24T03:42:59+00:00
evzoni-bogorodica,2026-08-24T05:28,5,5 min,anonymous_,2026-08-24T03:42:59+00:00
evzoni-bogorodica,2026-08-24T05:57,10,10 min,anonymous,2026-08-24T03:58:11+00:00
evzoni-bogorodica,2026-08-24T06:54,5,5 min,anonymous_,2026-08-24T05:05:57+00:00
evzoni-bogorodica,2026-08-24T07:35,25,25 min,anonymous,2026-08-24T05:36:16+00:00
evzoni-bogorodica,2026-08-24T08:55,20,20 min,anonymous_,2026-08-24T07:01:57+00:00
evzoni-bogorodica,2026-08-24T09:54,15,15 min,anonymous_,2026-08-24T08:12:16+00:00
evzoni-bogorodica,2026-08-24T10:27,5,5 min,anonymous,2026-08-24T08:27:28+00:00
evzoni-bogorodica,2026-08-24T11:25,15,15 min,anonymous_,2026-08-24T09:42:49+00:00
evzoni-bogorodica,2026-08-24T12:26,50,50 min,anonymous,2026-08-24T10:35:17+00:00
evzoni-bogorodica,2026-08-24T13:01,60,60 min,anonymous,2026-08-24T11:13:42+00:00
evzoni-bogorodica,2026-08-24T13:17,90,1.5 h,anonymous,2026-08-24T11:28:52+00:00
evzoni-bogorodica,2026-08-24T13:39,55,55 min,anonymous,2026-08-24T11:53:54+00:00
evzoni-bogorodica,2026-08-24T14:06,60,60 min,anonymous,2026-08-24T12:09:05+00:00
evzoni-bogorodica,2026-08-24T15:01,90,1.5 h,anonymous,2026-08-24T13:02:47+00:00
evzoni-bogorodica,2026-08-24T14:52,120,2 h,anonymous,2026-08-24T13:02:47+00:00
evzoni-bogorodica,2026-08-24T15:16,180,3 h,anonymous,2026-08-24T13:17:57+00:00
evzoni-bogorodica,2026-08-24T15:32,180,3 h,anonymous,2026-08-24T13:40:11+00:00
evzoni-bogorodica,2026-08-24T15:27,50,50 min,anonymous,2026-08-24T13:40:11+00:00
evzoni-bogorodica,2026-08-24T15:54,120,2 h,anonymous,2026-08-24T13:55:22+00:00
evzoni-bogorodica,2026-08-24T16:02,180,3 h,anonymous,2026-08-24T14:10:32+00:00
evzoni-bogorodica,2026-08-24T17:28,150,2.5 h,anonymous_,2026-08-24T15:37:53+00:00
evzoni-bogorodica,2026-08-24T18:25,120,2 h,anonymous_,2026-08-24T16:39:32+00:00
evzoni-bogorodica,2026-08-24T19:27,90,1.5 h,anonymous_,2026-08-24T17:38:17+00:00
evzoni-bogorodica,2026-08-24T19:51,30,30 min,anonymous,2026-08-24T17:53:28+00:00
evzoni-bogorodica,2026-08-24T19:40,60,60 min,anonymous,2026-08-24T17:53:28+00:00
evzoni-bogorodica,2026-08-24T20:57,25,25 min,anonymous_,2026-08-24T19:10:04+00:00
evzoni-bogorodica,2026-08-24T21:53,20,20 min,anonymous_,2026-08-24T20:08:43+00:00
evzoni-bogorodica,2026-08-24T22:54,15,15 min,anonymous_,2026-08-24T21:08:48+00:00
evzoni-bogorodica,2026-08-24T23:56,10,10 min,anonymous_,2026-08-24T22:09:31+00:00
evzoni-bogorodica,2026-08-25T00:59,5,5 min,anonymous_,2026-08-24T23:03:04+00:00
evzoni-bogorodica,2026-08-25T01:55,10,10 min,anonymous_,2026-08-25T00:11:21+00:00
evzoni-bogorodica,2026-08-25T02:57,5,5 min,anonymous_,2026-08-25T01:09:31+00:00
evzoni-bogorodica,2026-08-25T03:57,15,15 min,anonymous_,2026-08-25T02:05:50+00:00
evzoni-bogorodica,2026-08-25T04:53,10,10 min,anonymous_,2026-08-25T03:06:36+00:00
evzoni-bogorodica,2026-08-25T05:56,5,5 min,anonymous_,2026-08-25T04:04:20+00:00
evzoni-bogorodica,2026-08-25T06:24,25,25 min,anonymous,2026-08-25T04:34:45+00:00
evzoni-bogorodica,2026-08-25T07:28,20,20 min,anonymous_,2026-08-25T05:35:42+00:00
evzoni-bogorodica,2026-08-25T08:13,210,3.5 h,anonymous,2026-08-25T06:24:04+00:00
evzoni-bogorodica,2026-08-25T09:21,30,30 min,anonymous,2026-08-25T07:34:21+00:00
evzoni-bogorodica,2026-08-25T09:46,270,4.5 h,anonymous,2026-08-25T07:49:32+00:00
evzoni-bogorodica,2026-08-25T10:54,240,4 h,anonymous_,2026-08-25T09:09:40+00:00
evzoni-bogorodica,2026-08-25T11:13,20,20 min,anonymous,2026-08-25T09:24:51+00:00
evzoni-bogorodica,2026-08-25T12:27,15,15 min,anonymous_,2026-08-25T10:31:25+00:00
evzoni-bogorodica,2026-08-25T12:42,20,20 min,anonymous,2026-08-25T10:46:37+00:00
evzoni-bogorodica,2026-08-25T12:31,10,10 min,anonymous,2026-08-25T10:46:37+00:00
evzoni-bogorodica,2026-08-25T13:13,240,4 h,anonymous,2026-08-25T11:25:10+00:00
evzoni-bogorodica,2026-08-25T14:00,15,15 min,anonymous,2026-08-25T12:07:52+00:00
evzoni-bogorodica,2026-08-25T14:32,25,25 min,anonymous,2026-08-25T12:32:49+00:00
evzoni-bogorodica,2026-08-25T14:40,40,40 min,anonymous,2026-08-25T12:48:04+00:00
evzoni-bogorodica,2026-08-25T15:27,30,30 min,anonymous,2026-08-25T13:31:43+00:00
evzoni-bogorodica,2026-08-25T15:50,30,30 min,anonymous,2026-08-25T14:02:04+00:00
evzoni-bogorodica,2026-08-25T16:56,25,25 min,anonymous_,2026-08-25T15:09:58+00:00
evzoni-bogorodica,2026-08-25T17:55,20,20 min,anonymous_,2026-08-25T16:04:38+00:00
evzoni-bogorodica,2026-08-25T18:49,30,30 min,anonymous,2026-08-25T16:50:12+00:00
evzoni-bogorodica,2026-08-25T19:55,25,25 min,anonymous_,2026-08-25T18:01:01+00:00
evzoni-bogorodica,2026-08-25T20:21,15,15 min,anonymous,2026-08-25T18:31:24+00:00
evzoni-bogorodica,2026-08-25T21:01,10,10 min,anonymous,2026-08-25T19:08:19+00:00
evzoni-bogorodica,2026-08-25T22:23,5,5 min,anonymous_,2026-08-25T20:42:17+00:00
evzoni-bogorodica,2026-08-25T23:27,10,10 min,anonymous_,2026-08-25T21:30:16+00:00
evzoni-bogorodica,2026-08-26T00:23,5,5 min,anonymous_,2026-08-25T22:41:05+00:00
evzoni-bogorodica,2026-08-26T01:27,10,10 min,anonymous_,2026-08-25T23:43:39+00:00
evzoni-bogorodica,2026-08-26T02:24,5,5 min,anonymous_,2026-08-26T00:40:44+00:00
evzoni-bogorodica,2026-08-26T03:23,10,10 min,anonymous_,2026-08-26T01:41:32+00:00
evzoni-bogorodica,2026-08-26T04:26,5,5 min,anonymous_,2026-08-26T02:41:50+00:00
evzoni-bogorodica,2026-08-26T05:28,15,15 min,anonymous_,2026-08-26T03:43:44+00:00
evzoni-bogorodica,2026-08-26T06:29,10,10 min,anonymous_,2026-08-26T04:35:16+00:00
evzoni-bogorodica,2026-08-26T07:29,5,5 min,anonymous_,2026-08-26T05:31:25+00:00
evzoni-bogorodica,2026-08-26T07:56,15,15 min,anonymous,2026-08-26T06:00:32+00:00
evzoni-bogorodica,2026-08-26T08:54,10,10 min,anonymous_,2026-08-26T07:07:11+00:00
evzoni-bogorodica,2026-08-26T09:53,5,5 min,anonymous_,2026-08-26T08:08:20+00:00
evzoni-bogorodica,2026-08-26T10:54,15,15 min,anonymous_,2026-08-26T09:06:29+00:00
evzoni-bogorodica,2026-08-26T11:27,15,15 min,anonymous,2026-08-26T09:38:28+00:00
evzoni-bogorodica,2026-08-26T12:23,10,10 min,anonymous_,2026-08-26T10:31:52+00:00
evzoni-bogorodica,2026-08-26T13:27,5,5 min,anonymous_,2026-08-26T11:30:48+00:00
evzoni-bogorodica,2026-08-26T14:27,45,45 min,anonymous,2026-08-26T12:40:25+00:00
evzoni-bogorodica,2026-08-26T15:26,40,40 min,anonymous_,2026-08-26T13:38:00+00:00
evzoni-bogorodica,2026-08-26T16:23,35,35 min,anonymous_,2026-08-26T14:30:55+00:00
evzoni-bogorodica,2026-08-26T16:40,25,25 min,anonymous,2026-08-26T14:46:05+00:00
evzoni-bogorodica,2026-08-26T17:01,30,30 min,anonymous,2026-08-26T15:01:15+00:00
evzoni-bogorodica,2026-08-26T18:28,25,25 min,anonymous_,2026-08-26T16:33:42+00:00
evzoni-bogorodica,2026-08-26T19:23,20,20 min,anonymous,2026-08-26T17:26:02+00:00
evzoni-bogorodica,2026-08-26T20:23,15,15 min,anonymous_,2026-08-26T18:41:56+00:00
evzoni-bogorodica,2026-08-26T21:24,50,50 min,anonymous,2026-08-26T19:30:36+00:00
evzoni-bogorodica,2026-08-26T21:16,25,25 min,anonymous,2026-08-26T19:30:36+00:00
evzoni-bogorodica,2026-08-26T22:03,5,5 min,anonymous,2026-08-26T20:16:10+00:00
evzoni-bogorodica,2026-08-26T22:20,180,3 h,anonymous,2026-08-26T20:31:21+00:00
evzoni-bogorodica,2026-08-26T23:26,150,2.5 h,anonymous_,2026-08-26T21:32:07+00:00
evzoni-bogorodica,2026-08-27T00:05,30,30 min,anonymous,2026-08-26T22:17:43+00:00
evzoni-bogorodica,2026-08-27T01:28,25,25 min,anonymous_,2026-08-26T23:36:13+00:00
evzoni-bogorodica,2026-08-27T02:26,20,20 min,anonymous_,2026-08-27T00:37:23+00:00
evzoni-bogorodica,2026-08-27T03:26,15,15 min,anonymous_,2026-08-27T01:38:13+00:00
evzoni-bogorodica,2026-08-27T04:23,10,10 min,anonymous_,2026-08-27T02:39:00+00:00
evzoni-bogorodica,2026-08-27T05:26,5,5 min,anonymous_,2026-08-27T03:39:00+00:00
evzoni-bogorodica,2026-08-27T06:25,15,15 min,anonymous_,2026-08-27T04:39:49+00:00
evzoni-bogorodica,2026-08-27T07:29,45,45 min,anonymous,2026-08-27T05:40:36+00:00
evzoni-bogorodica,2026-08-27T08:27,40,40 min,anonymous_,2026-08-27T06:41:25+00:00
evzoni-bogorodica,2026-08-27T09:27,35,35 min,anonymous_,2026-08-27T07:42:14+00:00
evzoni-bogorodica,2026-08-27T10:26,30,30 min,anonymous_,2026-08-27T08:43:04+00:00
evzoni-bogorodica,2026-08-27T16:27,10,10 min,anonymous_,2026-08-27T14:35:56+00:00
evzoni-bogorodica,2026-08-27T15:29,15,15 min,anonymous,2026-08-27T14:35:56+00:00
evzoni-bogorodica,2026-08-27T15:14,60,60 min,anonymous,2026-08-27T14:35:56+00:00
evzoni-bogorodica,2026-08-27T15:07,25,25 min,anonymous,2026-08-27T14:35:56+00:00
evzoni-bogorodica,2026-08-27T15:00,60,60 min,anonymous,2026-08-27T14:35:56+00:00
evzoni-bogorodica,2026-08-27T14:19,40,40 min,anonymous,2026-08-27T14:35:56+00:00
evzoni-bogorodica,2026-08-27T14:03,210,3.5 h,anonymous,2026-08-27T14:35:56+00:00
evzoni-bogorodica,2026-08-27T16:43,40,40 min,anonymous,2026-08-27T14:51:06+00:00
evzoni-bogorodica,2026-08-27T17:54,35,35 min,anonymous_,2026-08-27T16:06:59+00:00
evzoni-bogorodica,2026-08-27T19:07,25,25 min,anonymous,2026-08-27T17:07:42+00:00
evzoni-bogorodica,2026-08-27T18:53,20,20 min,anonymous,2026-08-27T17:07:42+00:00
evzoni-bogorodica,2026-08-27T19:21,20,20 min,anonymous,2026-08-27T17:22:53+00:00
evzoni-bogorodica,2026-08-27T19:34,40,40 min,anonymous,2026-08-27T17:38:04+00:00
evzoni-bogorodica,2026-08-27T19:56,15,15 min,anonymous,2026-08-27T18:08:27+00:00
evzoni-bogorodica,2026-08-27T20:54,50,50 min,anonymous,2026-08-27T19:09:08+00:00
evzoni-bogorodica,2026-08-28T00:55,10,10 min,anonymous_,2026-08-27T23:58:10+00:00
evzoni-bogorodica,2026-08-27T23:57,15,15 min,anonymous_,2026-08-27T23:58:10+00:00
evzoni-bogorodica,2026-08-27T22:50,20,20 min,anonymous,2026-08-27T23:58:10+00:00
evzoni-bogorodica,2026-08-27T22:17,50,50 min,anonymous,2026-08-27T23:58:10+00:00
evzoni-bogorodica,2026-08-27T21:58,45,45 min,anonymous_,2026-08-27T23:58:10+00:00
evzoni-bogorodica,2026-08-28T01:55,5,5 min,anonymous_,2026-08-28T00:13:22+00:00
evzoni-bogorodica,2026-08-28T02:59,15,15 min,anonymous_,2026-08-28T01:14:09+00:00
evzoni-bogorodica,2026-08-28T03:55,10,10 min,anonymous_,2026-08-28T02:14:55+00:00
evzoni-bogorodica,2026-08-28T04:55,5,5 min,anonymous_,2026-08-28T03:00:40+00:00
evzoni-bogorodica,2026-08-28T05:57,10,10 min,anonymous_,2026-08-28T04:01:24+00:00
evzoni-bogorodica,2026-08-28T06:55,5,5 min,anonymous_,2026-08-28T05:02:11+00:00
evzoni-bogorodica,2026-08-28T07:13,5,5 min,anonymous,2026-08-28T05:17:23+00:00
evzoni-bogorodica,2026-08-28T12:34,120,2 h,anonymous,2026-08-28T11:16:09+00:00
evzoni-bogorodica,2026-08-28T11:54,45,45 min,anonymous,2026-08-28T11:16:09+00:00
evzoni-bogorodica,2026-08-28T10:39,45,45 min,anonymous,2026-08-28T11:16:09+00:00
evzoni-bogorodica,2026-08-28T10:21,10,10 min,anonymous,2026-08-28T11:16:09+00:00
evzoni-bogorodica,2026-08-28T09:25,5,5 min,anonymous_,2026-08-28T11:16:09+00:00
evzoni-bogorodica,2026-08-28T08:24,10,10 min,anonymous_,2026-08-28T11:16:09+00:00
evzoni-bogorodica,2026-08-28T13:56,90,1.5 h,anonymous_,2026-08-28T12:01:41+00:00
evzoni-bogorodica,2026-08-28T14:40,90,1.5 h,anonymous,2026-08-28T12:47:13+00:00
evzoni-bogorodica,2026-08-28T15:56,60,60 min,anonymous_,2026-08-28T14:03:07+00:00
evzoni-bogorodica,2026-08-28T16:24,90,1.5 h,anonymous,2026-08-28T14:33:30+00:00
evzoni-bogorodica,2026-08-28T17:28,60,60 min,anonymous_,2026-08-28T15:34:14+00:00
evzoni-bogorodica,2026-08-28T17:48,150,2.5 h,anonymous,2026-08-28T15:49:25+00:00
evzoni-bogorodica,2026-08-28T23:18,45,45 min,anonymous,2026-08-28T21:27:09+00:00
evzoni-bogorodica,2026-08-28T22:37,90,1.5 h,anonymous,2026-08-28T21:27:09+00:00
evzoni-bogorodica,2026-08-28T21:42,180,3 h,anonymous,2026-08-28T21:27:09+00:00
evzoni-bogorodica,2026-08-28T20:53,120,2 h,anonymous_,2026-08-28T21:27:09+00:00
evzoni-bogorodica,2026-08-28T19:51,150,2.5 h,anonymous,2026-08-28T21:27:09+00:00
evzoni-bogorodica,2026-08-28T19:46,120,2 h,anonymous,2026-08-28T21:27:09+00:00
evzoni-bogorodica,2026-08-28T23:29,15,15 min,anonymous,2026-08-28T21:42:21+00:00
evzoni-bogorodica,2026-08-29T00:27,10,10 min,anonymous_,2026-08-28T22:43:08+00:00
evzoni-bogorodica,2026-08-29T01:27,5,5 min,anonymous_,2026-08-28T23:43:55+00:00
evzoni-bogorodica,2026-08-29T02:23,15,15 min,anonymous_,2026-08-29T00:44:39+00:00
evzoni-bogorodica,2026-08-29T03:28,10,10 min,anonymous_,2026-08-29T01:30:13+00:00
evzoni-bogorodica,2026-08-29T04:25,5,5 min,anonymous_,2026-08-29T02:31:04+00:00
evzoni-bogorodica,2026-08-29T05:27,10,10 min,anonymous_,2026-08-29T03:36:17+00:00
evzoni-bogorodica,2026-08-29T06:24,5,5 min,anonymous_,2026-08-29T04:36:56+00:00
evzoni-bogorodica,2026-08-29T07:19,5,5 min,anonymous,2026-08-29T05:22:26+00:00
evzoni-bogorodica,2026-08-29T07:10,5,5 min,anonymous,2026-08-29T05:22:26+00:00
evzoni-bogorodica,2026-08-29T08:26,15,15 min,anonymous_,2026-08-29T06:38:50+00:00
evzoni-bogorodica,2026-08-29T09:08,15,15 min,anonymous,2026-08-29T07:09:11+00:00
evzoni-bogorodica,2026-08-29T10:29,10,10 min,anonymous_,2026-08-29T08:40:11+00:00
evzoni-bogorodica,2026-08-29T11:43,60,60 min,anonymous,2026-08-29T10:15:51+00:00
evzoni-bogorodica,2026-08-29T10:43,20,20 min,anonymous,2026-08-29T10:15:51+00:00
evzoni-bogorodica,2026-08-29T12:39,90,1.5 h,anonymous,2026-08-29T10:46:14+00:00
evzoni-bogorodica,2026-08-29T12:38,90,1.5 h,anonymous,2026-08-29T10:46:14+00:00
evzoni-bogorodica,2026-08-29T12:48,60,60 min,anonymous,2026-08-29T11:01:26+00:00
evzoni-bogorodica,2026-08-29T13:09,90,1.5 h,anonymous,2026-08-29T11:16:37+00:00
evzoni-bogorodica,2026-08-29T13:35,150,2.5 h,anonymous,2026-08-29T11:47:00+00:00
evzoni-bogorodica,2026-08-29T13:59,180,3 h,anonymous,2026-08-29T12:02:11+00:00
evzoni-bogorodica,2026-08-29T14:56,150,2.5 h,anonymous_,2026-08-29T13:02:57+00:00
evzoni-bogorodica,2026-08-29T15:15,180,3 h,anonymous,2026-08-29T13:18:09+00:00
evzoni-bogorodica,2026-08-29T15:25,180,3 h,anonymous,2026-08-29T13:33:21+00:00
evzoni-bogorodica,2026-08-29T15:45,150,2.5 h,anonymous,2026-08-29T13:48:32+00:00
evzoni-bogorodica,2026-08-29T16:00,180,3 h,anonymous,2026-08-29T14:03:44+00:00
evzoni-bogorodica,2026-08-29T15:58,20,20 min,anonymous,2026-08-29T14:03:44+00:00
evzoni-bogorodica,2026-08-29T15:48,150,2.5 h,anonymous,2026-08-29T14:03:44+00:00
evzoni-bogorodica,2026-08-29T16:18,240,4 h,anonymous,2026-08-29T14:18:55+00:00
evzoni-bogorodica,2026-08-29T16:16,30,30 min,anonymous,2026-08-29T14:18:55+00:00
evzoni-bogorodica,2026-08-29T16:33,30,30 min,anonymous,2026-08-29T14:34:07+00:00
evzoni-bogorodica,2026-08-29T16:24,240,4 h,anonymous,2026-08-29T14:34:07+00:00
evzoni-bogorodica,2026-08-29T16:22,5,5 min,anonymous,2026-08-29T14:34:07+00:00
evzoni-bogorodica,2026-08-29T16:45,240,4 h,anonymous,2026-08-29T14:49:18+00:00
evzoni-bogorodica,2026-08-29T16:41,30,30 min,anonymous,2026-08-29T14:49:18+00:00
evzoni-bogorodica,2026-08-29T17:19,300,5 h,anonymous,2026-08-29T15:22:40+00:00
evzoni-bogorodica,2026-08-29T17:18,240,4 h,anonymous,2026-08-29T15:22:40+00:00
evzoni-bogorodica,2026-08-29T17:45,450,7.5 h,anonymous,2026-08-29T15:53:01+00:00
evzoni-bogorodica,2026-08-29T17:41,420,7 h,anonymous,2026-08-29T15:53:01+00:00
evzoni-bogorodica,2026-08-29T17:38,390,6.5 h,anonymous,2026-08-29T15:53:01+00:00
evzoni-bogorodica,2026-08-29T18:05,240,4 h,anonymous,2026-08-29T16:08:12+00:00
evzoni-bogorodica,2026-08-29T18:03,210,3.5 h,anonymous,2026-08-29T16:08:12+00:00
evzoni-bogorodica,2026-08-29T18:21,180,3 h,anonymous,2026-08-29T16:23:41+00:00
evzoni-bogorodica,2026-08-29T18:20,120,2 h,anonymous,2026-08-29T16:23:41+00:00
evzoni-bogorodica,2026-08-29T18:35,60,60 min,anonymous,2026-08-29T16:38:51+00:00
evzoni-bogorodica,2026-08-29T18:46,240,4 h,anonymous,2026-08-29T16:54:10+00:00
evzoni-bogorodica,2026-08-29T18:42,120,2 h,anonymous,2026-08-29T16:54:10+00:00
evzoni-bogorodica,2026-08-29T19:01,300,5 h,anonymous,2026-08-29T17:09:20+00:00
evzoni-bogorodica,2026-08-29T20:08,300,5 h,anonymous,2026-08-29T18:10:00+00:00
evzoni-bogorodica,2026-08-29T20:45,150,2.5 h,anonymous,2026-08-29T18:54:39+00:00
evzoni-bogorodica,2026-08-29T21:03,210,3.5 h,anonymous,2026-08-29T19:09:51+00:00
evzoni-bogorodica,2026-08-29T21:22,330,5.5 h,anonymous,2026-08-29T19:25:08+00:00
evzoni-bogorodica,2026-08-29T21:20,300,5 h,anonymous,2026-08-29T19:25:08+00:00
evzoni-bogorodica,2026-08-29T21:12,420,7 h,anonymous,2026-08-29T19:25:08+00:00
evzoni-bogorodica,2026-08-29T21:25,420,7 h,anonymous,2026-08-29T19:40:21+00:00
evzoni-bogorodica,2026-08-29T21:53,210,3.5 h,anonymous,2026-08-29T19:55:33+00:00
evzoni-bogorodica,2026-08-29T22:30,120,2 h,anonymous,2026-08-29T20:41:10+00:00
evzoni-bogorodica,2026-08-29T22:30,270,4.5 h,anonymous,2026-08-29T20:41:10+00:00
evzoni-bogorodica,2026-08-29T22:27,180,3 h,anonymous,2026-08-29T20:41:10+00:00
evzoni-bogorodica,2026-08-29T22:55,55,55 min,anonymous,2026-08-29T20:56:24+00:00
evzoni-bogorodica,2026-08-29T23:59,50,50 min,anonymous_,2026-08-29T22:05:33+00:00
evzoni-bogorodica,2026-08-30T00:57,45,45 min,anonymous_,2026-08-29T23:06:13+00:00
evzoni-bogorodica,2026-08-30T01:16,90,1.5 h,anonymous,2026-08-29T23:21:24+00:00
evzoni-bogorodica,2026-08-30T01:23,120,2 h,anonymous,2026-08-29T23:26:35+00:00
evzoni-bogorodica,2026-08-30T01:38,60,60 min,anonymous,2026-08-29T23:41:47+00:00
evzoni-bogorodica,2026-08-30T02:56,55,55 min,anonymous_,2026-08-30T01:13:03+00:00
evzoni-bogorodica,2026-08-30T03:36,5,5 min,anonymous,2026-08-30T01:36:34+00:00
evzoni-bogorodica,2026-08-30T03:43,10,10 min,anonymous,2026-08-30T01:51:53+00:00
evzoni-bogorodica,2026-08-30T04:55,5,5 min,anonymous_,2026-08-30T03:07:44+00:00
evzoni-bogorodica,2026-08-30T05:58,10,10 min,anonymous_,2026-08-30T04:08:24+00:00
evzoni-bogorodica,2026-08-30T06:32,30,30 min,anonymous,2026-08-30T04:38:47+00:00
evzoni-bogorodica,2026-08-30T06:26,20,20 min,anonymous,2026-08-30T04:38:47+00:00
evzoni-bogorodica,2026-08-30T07:06,25,25 min,anonymous,2026-08-30T05:09:06+00:00
evzoni-bogorodica,2026-08-30T07:17,25,25 min,anonymous,2026-08-30T05:24:16+00:00
evzoni-bogorodica,2026-08-30T07:12,10,10 min,anonymous,2026-08-30T05:24:16+00:00
evzoni-bogorodica,2026-08-30T07:46,10,10 min,anonymous,2026-08-30T05:54:37+00:00
evzoni-bogorodica,2026-08-30T08:31,30,30 min,anonymous,2026-08-30T06:40:07+00:00
evzoni-bogorodica,2026-08-30T09:00,60,60 min,anonymous,2026-08-30T07:22:29+00:00
evzoni-bogorodica,2026-08-30T09:32,50,50 min,anonymous,2026-08-30T07:37:41+00:00
evzoni-bogorodica,2026-08-30T10:06,25,25 min,anonymous,2026-08-30T08:08:09+00:00
evzoni-bogorodica,2026-08-30T10:02,30,30 min,anonymous,2026-08-30T08:08:09+00:00
evzoni-bogorodica,2026-08-30T10:01,90,1.5 h,anonymous,2026-08-30T08:08:09+00:00
evzoni-bogorodica,2026-08-30T10:17,50,50 min,anonymous,2026-08-30T08:23:41+00:00
evzoni-bogorodica,2026-08-30T10:34,60,60 min,anonymous,2026-08-30T08:38:55+00:00
evzoni-bogorodica,2026-08-30T10:50,90,1.5 h,anonymous,2026-08-30T08:54:07+00:00
evzoni-bogorodica,2026-08-30T11:23,120,2 h,anonymous,2026-08-30T09:24:32+00:00
evzoni-bogorodica,2026-08-30T12:21,120,2 h,anonymous,2026-08-30T10:25:20+00:00
evzoni-bogorodica,2026-08-30T12:40,210,3.5 h,anonymous,2026-08-30T10:40:31+00:00
evzoni-bogorodica,2026-08-30T12:29,50,50 min,anonymous,2026-08-30T10:40:31+00:00
evzoni-bogorodica,2026-08-30T12:45,270,4.5 h,anonymous,2026-08-30T10:55:43+00:00
evzoni-bogorodica,2026-08-30T13:08,120,2 h,anonymous,2026-08-30T11:10:55+00:00
evzoni-bogorodica,2026-08-30T13:03,5,5 min,anonymous,2026-08-30T11:10:55+00:00
evzoni-bogorodica,2026-08-30T13:01,150,2.5 h,anonymous,2026-08-30T11:10:55+00:00
evzoni-bogorodica,2026-08-30T13:16,210,3.5 h,anonymous,2026-08-30T11:26:07+00:00
evzoni-bogorodica,2026-08-30T13:36,120,2 h,anonymous,2026-08-30T11:41:19+00:00
evzoni-bogorodica,2026-08-30T14:03,5,5 min,anonymous,2026-08-30T12:11:42+00:00
evzoni-bogorodica,2026-08-30T14:00,240,4 h,anonymous,2026-08-30T12:11:42+00:00
evzoni-bogorodica,2026-08-30T13:58,5,5 min,anonymous,2026-08-30T12:11:42+00:00
evzoni-bogorodica,2026-08-30T14:23,180,3 h,anonymous,2026-08-30T12:26:55+00:00
evzoni-bogorodica,2026-08-30T14:19,240,4 h,anonymous,2026-08-30T12:26:55+00:00
evzoni-bogorodica,2026-08-30T14:18,120,2 h,anonymous,2026-08-30T12:26:55+00:00
evzoni-bogorodica,2026-08-30T14:27,120,2 h,anonymous,2026-08-30T12:42:07+00:00
evzoni-bogorodica,2026-08-30T14:56,150,2.5 h,anonymous,2026-08-30T13:15:01+00:00
evzoni-bogorodica,2026-08-30T14:43,180,3 h,anonymous,2026-08-30T13:15:01+00:00
evzoni-bogorodica,2026-08-30T15:20,180,3 h,anonymous,2026-08-30T13:46:03+00:00
evzoni-bogorodica,2026-08-30T15:17,150,2.5 h,anonymous,2026-08-30T13:46:03+00:00
evzoni-bogorodica,2026-08-30T16:01,330,5.5 h,anonymous,2026-08-30T14:01:15+00:00
evzoni-bogorodica,2026-08-30T15:56,360,6 h,anonymous,2026-08-30T14:01:15+00:00
evzoni-bogorodica,2026-08-30T16:02,180,3 h,anonymous,2026-08-30T14:16:28+00:00
evzoni-bogorodica,2026-08-30T16:22,5,5 min,anonymous,2026-08-30T14:31:41+00:00
evzoni-bogorodica,2026-08-30T16:38,240,4 h,anonymous,2026-08-30T14:46:52+00:00
evzoni-bogorodica,2026-08-30T16:36,240,4 h,anonymous,2026-08-30T14:46:52+00:00
evzoni-bogorodica,2026-08-30T16:35,5,5 min,anonymous,2026-08-30T14:46:52+00:00
evzoni-bogorodica,2026-08-30T16:32,240,4 h,anonymous,2026-08-30T14:46:52+00:00
evzoni-bogorodica,2026-08-30T17:04,15,15 min,anonymous,2026-08-30T15:17:17+00:00
evzoni-bogorodica,2026-08-30T17:31,20,20 min,anonymous,2026-08-30T15:32:29+00:00
evzoni-bogorodica,2026-08-30T17:44,90,1.5 h,anonymous,2026-08-30T15:47:41+00:00
evzoni-bogorodica,2026-08-30T17:59,210,3.5 h,anonymous,2026-08-30T16:02:52+00:00
evzoni-bogorodica,2026-08-30T17:52,150,2.5 h,anonymous,2026-08-30T16:02:52+00:00
evzoni-bogorodica,2026-08-30T18:12,360,6 h,anonymous,2026-08-30T16:18:04+00:00
evzoni-bogorodica,2026-08-30T18:30,330,5.5 h,anonymous,2026-08-30T16:33:17+00:00
evzoni-bogorodica,2026-08-30T18:26,300,5 h,anonymous,2026-08-30T16:33:17+00:00
evzoni-bogorodica,2026-08-30T18:23,270,4.5 h,anonymous,2026-08-30T16:33:17+00:00
evzoni-bogorodica,2026-08-30T18:53,270,4.5 h,anonymous,2026-08-30T17:03:40+00:00
evzoni-bogorodica,2026-08-30T18:50,240,4 h,anonymous,2026-08-30T17:03:40+00:00
evzoni-bogorodica,2026-08-30T19:26,270,4.5 h,anonymous,2026-08-30T17:34:02+00:00
evzoni-bogorodica,2026-08-30T19:26,420,7 h,anonymous,2026-08-30T17:34:02+00:00
evzoni-bogorodica,2026-08-30T19:50,60,60 min,anonymous,2026-08-30T17:51:46+00:00
evzoni-bogorodica,2026-08-30T20:00,5,5 min,anonymous,2026-08-30T18:06:58+00:00
evzoni-bogorodica,2026-08-30T20:32,180,3 h,anonymous,2026-08-30T18:37:21+00:00
evzoni-bogorodica,2026-08-30T20:24,5,5 min,anonymous,2026-08-30T18:37:21+00:00
evzoni-bogorodica,2026-08-30T20:52,600,10 h,anonymous,2026-08-30T18:52:34+00:00
evzoni-bogorodica,2026-08-30T20:48,750,12.5 h,anonymous,2026-08-30T18:52:34+00:00
evzoni-bogorodica,2026-08-30T20:48,690,11.5 h,anonymous,2026-08-30T18:52:34+00:00
evzoni-bogorodica,2026-08-30T20:47,600,10 h,anonymous,2026-08-30T18:52:34+00:00
evzoni-bogorodica,2026-08-30T20:47,420,7 h,anonymous,2026-08-30T18:52:34+00:00
evzoni-bogorodica,2026-08-30T20:43,240,4 h,anonymous,2026-08-30T18:52:34+00:00
evzoni-bogorodica,2026-08-30T21:13,420,7 h,anonymous,2026-08-30T19:23:07+00:00
evzoni-bogorodica,2026-08-30T21:33,210,3.5 h,anonymous,2026-08-30T19:38:20+00:00
evzoni-bogorodica,2026-08-30T21:49,120,2 h,anonymous,2026-08-30T19:53:32+00:00
evzoni-bogorodica,2026-08-30T21:59,240,4 h,anonymous,2026-08-30T20:01:13+00:00
evzoni-bogorodica,2026-08-30T22:24,5,5 min,anonymous,2026-08-30T20:31:34+00:00
evzoni-bogorodica,2026-08-30T22:43,240,4 h,anonymous,2026-08-30T20:46:49+00:00
evzoni-bogorodica,2026-08-30T23:01,420,7 h,anonymous,2026-08-30T21:02:00+00:00
evzoni-bogorodica,2026-08-30T23:16,180,3 h,anonymous,2026-08-30T21:17:11+00:00
evzoni-bogorodica,2026-08-30T23:16,240,4 h,anonymous,2026-08-30T21:17:11+00:00
evzoni-bogorodica,2026-08-30T23:18,150,2.5 h,anonymous,2026-08-30T21:32:22+00:00
evzoni-bogorodica,2026-08-30T23:35,180,3 h,anonymous,2026-08-30T21:47:33+00:00
evzoni-bogorodica,2026-08-30T23:53,210,3.5 h,anonymous,2026-08-30T22:02:44+00:00
evzoni-bogorodica,2026-08-31T00:54,180,3 h,anonymous,2026-08-30T22:56:45+00:00
evzoni-bogorodica,2026-08-31T01:04,210,3.5 h,anonymous,2026-08-30T23:11:55+00:00
evzoni-bogorodica,2026-08-31T01:12,10,10 min,anonymous,2026-08-30T23:27:06+00:00
evzoni-bogorodica,2026-08-31T01:30,150,2.5 h,anonymous,2026-08-30T23:42:17+00:00
evzoni-bogorodica,2026-08-31T01:30,180,3 h,anonymous,2026-08-30T23:42:17+00:00
evzoni-bogorodica,2026-08-31T01:29,240,4 h,anonymous,2026-08-30T23:42:17+00:00
evzoni-bogorodica,2026-08-31T01:54,180,3 h,anonymous,2026-08-30T23:57:27+00:00
evzoni-bogorodica,2026-08-31T02:43,240,4 h,anonymous,2026-08-31T00:55:41+00:00
evzoni-bogorodica,2026-08-31T03:08,60,60 min,anonymous,2026-08-31T01:10:51+00:00
evzoni-bogorodica,2026-08-31T03:07,210,3.5 h,anonymous,2026-08-31T01:10:51+00:00
evzoni-bogorodica,2026-08-31T03:03,120,2 h,anonymous,2026-08-31T01:10:51+00:00
evzoni-bogorodica,2026-08-31T02:57,120,2 h,anonymous,2026-08-31T01:10:51+00:00
evzoni-bogorodica,2026-08-31T03:11,180,3 h,anonymous,2026-08-31T01:26:01+00:00
evzoni-bogorodica,2026-08-31T03:47,20,20 min,anonymous,2026-08-31T01:56:22+00:00
evzoni-bogorodica,2026-08-31T04:15,5,5 min,anonymous,2026-08-31T02:26:42+00:00
evzoni-bogorodica,2026-08-31T04:31,180,3 h,anonymous,2026-08-31T02:41:53+00:00
evzoni-bogorodica,2026-08-31T05:06,20,20 min,anonymous,2026-08-31T03:12:12+00:00
evzoni-bogorodica,2026-08-31T05:51,10,10 min,anonymous,2026-08-31T03:57:42+00:00
evzoni-bogorodica,2026-08-31T06:55,15,15 min,anonymous,2026-08-31T04:58:22+00:00
evzoni-bogorodica,2026-08-31T07:00,10,10 min,anonymous,2026-08-31T05:13:33+00:00
evzoni-bogorodica,2026-08-31T06:58,5,5 min,anonymous,2026-08-31T05:13:33+00:00
evzoni-bogorodica,2026-08-31T07:30,10,10 min,anonymous,2026-08-31T05:43:54+00:00
evzoni-bogorodica,2026-08-31T08:49,5,5 min,anonymous,2026-08-31T06:58:10+00:00
evzoni-bogorodica,2026-08-31T08:24,5,5 min,anonymous_,2026-08-31T06:58:10+00:00
evzoni-bogorodica,2026-08-31T09:28,5,5 min,anonymous,2026-08-31T07:28:34+00:00
evzoni-bogorodica,2026-08-31T09:31,10,10 min,anonymous,2026-08-31T07:43:48+00:00
evzoni-bogorodica,2026-08-31T10:13,30,30 min,anonymous,2026-08-31T08:14:09+00:00
evzoni-bogorodica,2026-08-31T11:09,25,25 min,anonymous,2026-08-31T09:14:54+00:00
evzoni-bogorodica,2026-08-31T11:55,25,25 min,anonymous,2026-08-31T10:00:39+00:00
evzoni-bogorodica,2026-08-31T11:50,35,35 min,anonymous,2026-08-31T10:00:39+00:00
evzoni-bogorodica,2026-08-31T12:05,10,10 min,anonymous,2026-08-31T10:15:51+00:00
evzoni-bogorodica,2026-08-31T12:42,90,1.5 h,anonymous,2026-08-31T10:46:14+00:00
evzoni-bogorodica,2026-08-31T12:36,45,45 min,anonymous,2026-08-31T10:46:14+00:00
evzoni-bogorodica,2026-08-31T13:10,60,60 min,anonymous,2026-08-31T11:16:37+00:00
evzoni-bogorodica,2026-08-31T13:04,90,1.5 h,anonymous,2026-08-31T11:16:37+00:00
evzoni-bogorodica,2026-08-31T13:23,60,60 min,anonymous,2026-08-31T11:31:49+00:00
evzoni-bogorodica,2026-08-31T16:35,120,2 h,anonymous,2026-08-31T15:01:59+00:00
evzoni-bogorodica,2026-08-31T16:28,60,60 min,anonymous_,2026-08-31T15:01:59+00:00
evzoni-bogorodica,2026-08-31T15:19,90,1.5 h,anonymous,2026-08-31T15:01:59+00:00
evzoni-bogorodica,2026-08-31T15:19,10,10 min,anonymous,2026-08-31T15:01:59+00:00
evzoni-bogorodica,2026-08-31T15:01,120,2 h,anonymous,2026-08-31T15:01:59+00:00
evzoni-bogorodica,2026-08-31T14:56,120,2 h,anonymous,2026-08-31T15:01:59+00:00
evzoni-bogorodica,2026-08-31T14:54,120,2 h,anonymous,2026-08-31T15:01:59+00:00
evzoni-bogorodica,2026-08-31T14:49,10,10 min,anonymous,2026-08-31T15:01:59+00:00
evzoni-bogorodica,2026-08-31T17:02,180,3 h,anonymous,2026-08-31T15:17:11+00:00
evzoni-bogorodica,2026-08-31T17:26,120,2 h,anonymous,2026-08-31T15:32:24+00:00
evzoni-bogorodica,2026-08-31T17:21,240,4 h,anonymous,2026-08-31T15:32:24+00:00
evzoni-bogorodica,2026-08-31T17:53,150,2.5 h,anonymous,2026-08-31T16:02:50+00:00
evzoni-bogorodica,2026-08-31T17:53,120,2 h,anonymous,2026-08-31T16:02:50+00:00
evzoni-bogorodica,2026-08-31T18:14,150,2.5 h,anonymous,2026-08-31T16:18:02+00:00
evzoni-bogorodica,2026-08-31T18:55,150,2.5 h,anonymous,2026-08-31T17:03:38+00:00
evzoni-bogorodica,2026-08-31T19:12,210,3.5 h,anonymous,2026-08-31T17:18:52+00:00
evzoni-bogorodica,2026-08-31T20:28,10,10 min,anonymous,2026-08-31T18:35:01+00:00
evzoni-bogorodica,2026-08-31T20:23,120,2 h,anonymous,2026-08-31T18:35:01+00:00
evzoni-bogorodica,2026-08-31T20:41,120,2 h,anonymous,2026-08-31T18:50:14+00:00
evzoni-bogorodica,2026-08-31T21:44,180,3 h,anonymous,2026-08-31T19:51:03+00:00
evzoni-bogorodica,2026-08-31T22:04,60,60 min,anonymous,2026-08-31T20:06:15+00:00
evzoni-bogorodica,2026-08-31T22:03,150,2.5 h,anonymous,2026-08-31T20:06:15+00:00
evzoni-bogorodica,2026-08-31T22:02,120,2 h,anonymous,2026-08-31T20:06:15+00:00
evzoni-bogorodica,2026-08-31T21:56,60,60 min,anonymous,2026-08-31T20:06:15+00:00
evzoni-bogorodica,2026-08-31T21:54,180,3 h,anonymous,2026-08-31T20:06:15+00:00
evzoni-bogorodica,2026-08-31T22:11,360,6 h,anonymous,2026-08-31T20:21:28+00:00
evzoni-bogorodica,2026-08-31T22:10,180,3 h,anonymous,2026-08-31T20:21:28+00:00
evzoni-bogorodica,2026-08-31T22:27,120,2 h,anonymous,2026-08-31T20:46:59+00:00
evzoni-bogorodica,2026-08-31T22:56,240,4 h,anonymous,2026-08-31T21:02:10+00:00
evzoni-bogorodica,2026-08-31T23:19,240,4 h,anonymous,2026-08-31T21:32:33+00:00
evzoni-bogorodica,2026-08-31T23:36,120,2 h,anonymous,2026-08-31T21:47:45+00:00
evzoni-bogorodica,2026-08-31T23:56,180,3 h,anonymous,2026-08-31T22:02:58+00:00
evzoni-bogorodica,2026-09-01T00:47,150,2.5 h,anonymous,2026-08-31T22:48:35+00:00
evzoni-bogorodica,2026-09-01T00:43,150,2.5 h,anonymous,2026-08-31T22:48:35+00:00
evzoni-bogorodica,2026-09-01T01:28,120,2 h,anonymous,2026-08-31T23:34:08+00:00
evzoni-bogorodica,2026-09-01T01:43,25,25 min,anonymous,2026-08-31T23:49:25+00:00
evzoni-bogorodica,2026-09-01T02:56,20,20 min,anonymous_,2026-09-01T01:08:45+00:00
evzoni-bogorodica,2026-09-01T03:58,15,15 min,anonymous_,2026-09-01T02:09:26+00:00
evzoni-bogorodica,2026-09-01T04:56,10,10 min,anonymous_,2026-09-01T03:10:08+00:00
evzoni-bogorodica,2026-09-01T05:54,5,5 min,anonymous_,2026-09-01T04:10:50+00:00
evzoni-bogorodica,2026-09-01T06:59,15,15 min,anonymous_,2026-09-01T05:11:32+00:00
evzoni-bogorodica,2026-09-01T07:57,10,10 min,anonymous_,2026-09-01T06:05:49+00:00
evzoni-bogorodica,2026-09-01T08:59,5,5 min,anonymous_,2026-09-01T07:06:31+00:00
evzoni-bogorodica,2026-09-01T09:54,15,15 min,anonymous_,2026-09-01T08:07:12+00:00
evzoni-bogorodica,2026-09-01T10:58,10,10 min,anonymous_,2026-09-01T09:07:54+00:00
evzoni-bogorodica,2026-09-01T11:54,5,5 min,anonymous_,2026-09-01T10:08:36+00:00
evzoni-bogorodica,2026-09-01T12:56,10,10 min,anonymous_,2026-09-01T11:01:01+00:00
evzoni-bogorodica,2026-09-01T13:01,20,20 min,anonymous,2026-09-01T11:16:13+00:00
evzoni-bogorodica,2026-09-01T14:27,15,15 min,anonymous_,2026-09-01T12:32:23+00:00
evzoni-bogorodica,2026-09-01T15:26,10,10 min,anonymous_,2026-09-01T13:33:12+00:00
evzoni-bogorodica,2026-09-01T16:25,5,5 min,anonymous_,2026-09-01T14:34:01+00:00
evzoni-bogorodica,2026-09-01T17:00,150,2.5 h,anonymous,2026-09-01T15:14:27+00:00
evzoni-bogorodica,2026-09-01T17:43,15,15 min,anonymous,2026-09-01T15:44:52+00:00
evzoni-bogorodica,2026-09-01T17:38,5,5 min,anonymous,2026-09-01T15:44:52+00:00
evzoni-bogorodica,2026-09-01T19:00,10,10 min,anonymous,2026-09-01T17:01:20+00:00
evzoni-bogorodica,2026-09-01T18:53,10,10 min,anonymous_,2026-09-01T17:01:20+00:00
evzoni-bogorodica,2026-09-01T19:13,10,10 min,anonymous,2026-09-01T17:16:33+00:00
evzoni-bogorodica,2026-09-01T20:26,5,5 min,anonymous,2026-09-01T18:40:29+00:00
evzoni-bogorodica,2026-09-01T21:27,10,10 min,anonymous_,2026-09-01T19:41:22+00:00
evzoni-bogorodica,2026-09-01T22:25,5,5 min,anonymous_,2026-09-01T20:42:13+00:00
evzoni-bogorodica,2026-09-01T23:24,10,10 min,anonymous_,2026-09-01T21:33:04+00:00
evzoni-bogorodica,2026-09-02T00:28,5,5 min,anonymous_,2026-09-01T22:33:43+00:00
evzoni-bogorodica,2026-09-02T01:27,10,10 min,anonymous_,2026-09-01T23:38:25+00:00
evzoni-bogorodica,2026-09-02T02:25,5,5 min,anonymous_,2026-09-02T00:39:08+00:00
evzoni-bogorodica,2026-09-02T03:24,15,15 min,anonymous_,2026-09-02T01:35:53+00:00
